MLA-C01 • DOMAIN 1,DỊCH VỤ & CÔNG CỤ,Collect/Store + Transform + Validate Data; Domain 1.,,,,,,,,,,,,,
76 mục • 16 cột,59 mục theo chủ đề Skill Builder,"1.1 Collect, ingest & store data",,,,,,,,,,,,,
Đọc cột B: keyword cần nhớ,17 mục bổ sung Domain 1,1.2 Transform & feature engineering,,,,,,,,,,,,,
Đối chiếu: 14/09/2026,Nguồn: cột O • Ví dụ tự xây dựng,1.3 Data integrity & preparation,,,,,,,,,,,,,
Key / Dịch vụ hoặc công cụ,Keyword cần nhớ,Definition (EN),Định nghĩa (VI),Benefits / Lợi ích chi tiết,Cơ chế / Quy trình,Use cases / Khi nào dùng,Ví dụ minh họa,Phân biệt / Điều kiện / Lưu ý,Loại,Domain,Task,Nhóm chủ đề,Phạm vi nguồn,Nguồn tham khảo,Ngày đối chiếu
Amazon S3,"• Scalability — Mở rộng
• Durability — Độ bền
• Availability — Khả dụng
• ML integration — Tích hợp
• Storage classes — Tối ưu chi phí","Amazon S3 is a managed object storage service that stores data as objects in buckets and exposes it through APIs. It provides scalable, durable storage for raw data, processed datasets and model artifacts, with storage classes for different access patterns. It is a shared data repository, rather than an attached block device optimized for a training instance's random disk I/O.","Amazon S3 là dịch vụ lưu trữ đối tượng được quản lý, lưu dữ liệu dưới dạng object trong bucket và cho phép truy cập qua API. Dịch vụ cung cấp khả năng mở rộng và lưu giữ dữ liệu bền vững cho dữ liệu thô, tập dữ liệu đã xử lý và artifact mô hình; các storage class đáp ứng những tần suất truy cập khác nhau. S3 đóng vai trò kho dữ liệu chung, khác với ổ đĩa khối gắn vào máy training để phục vụ đọc/ghi ngẫu nhiên.","Scalability: mở rộng kho dữ liệu mà không cấp phát từng volume.

Durability và availability: thiết kế lưu đối tượng bền vững, khả dụng; cần chọn storage class phù hợp.

ML integration: kho chung cho training, validation, model artifact và tài liệu RAG.

Storage classes: tối ưu theo tần suất truy cập và thời gian lưu.","Lưu object trong bucket, nhận diện bằng key; truy cập bằng API. Tổ chức raw/processed và metadata, dùng Glue/Athena để khám phá, xử lý hoặc truy vấn. Versioning lưu các phiên bản object khi được bật.","Data ingestion and storage: điểm đến batch/stream.

Model training and evaluation: lưu dataset và artifact theo phiên bản.

Integration: SageMaker, Glue, Firehose, Bedrock Knowledge Bases cùng truy cập dữ liệu.",Ảnh và log được đưa vào raw/; Glue làm sạch thành Parquet ở processed/; training đọc dataset đã chốt phiên bản. S3 giữ bản gốc để tái xử lý.,"Gợi ý chọn: kho object lớn, data lake, nhiều loại dữ liệu.

Không tự là NFS hoặc ổ đĩa. Độ trễ mạng, số request, retrieval fee và data transfer đều có thể ảnh hưởng thiết kế/chi phí. S3 không tự xử lý hay huấn luyện mô hình.",Dịch vụ,Domain 1,1.1,Lưu trữ,Skill Builder,"https://skillbuilder.aws/learn/EZ5E7MDBFM/aws-ml-engineer-associate--collect-ingest-and-store-data/SYGN3UF5BT
https://aws.amazon.com/s3/",14/09/2026
S3 Intelligent-Tiering,"• Automatic tiering — Tự chuyển tầng
• Unknown access patterns — Khó đoán truy cập
• Cost optimization — Tối ưu chi phí",S3 Intelligent-Tiering is an Amazon S3 storage class that monitors object access and automatically moves eligible objects between access tiers to optimize storage cost. Applications continue using S3 APIs while the service manages tier placement. It suits changing or unpredictable access patterns; optional archive tiers trade immediate access for lower storage cost and require restoration.,"S3 Intelligent-Tiering là storage class của Amazon S3 theo dõi việc truy cập object và tự động chuyển các object đủ điều kiện giữa các tầng truy cập để tối ưu chi phí lưu trữ. Ứng dụng vẫn sử dụng S3 API, còn dịch vụ quản lý vị trí lưu ở từng tầng. Lựa chọn này phù hợp khi tần suất đọc dữ liệu thay đổi hoặc khó dự đoán; các archive tier tùy chọn giảm chi phí nhưng cần khôi phục dữ liệu trước khi đọc.",Theo dõi truy cập và chuyển object đủ điều kiện giữa các access tier để giảm chi phí lưu trữ. Các tier truy cập tức thời giữ khả năng đọc khi cần; archive tier tùy chọn dành cho dữ liệu ít dùng lâu dài.,"Ứng dụng vẫn dùng S3 API; dịch vụ quản lý tier của object. Có phí theo dõi và tự động hóa; điều kiện kích thước object, tier và thời gian lưu cần được xem trong cấu hình hiện hành.","Dataset có tần suất dùng thay đổi, khó lập lifecycle cố định; nhóm dữ liệu lúc mới tạo được đọc nhiều nhưng về sau đọc ít.",Dữ liệu train từ nhiều nhóm được tái dùng không đều; bật Intelligent-Tiering để giảm việc tự dự đoán thời điểm chuyển class cho từng nhóm.,Không đồng nghĩa luôn rẻ nhất. So sánh phí theo dõi với dung lượng và workload; archive tier tùy chọn cần restore. Khác lifecycle rule do người dùng tự đặt theo tuổi object.,Storage class,Domain 1,1.1,Lưu trữ,Skill Builder,"https://skillbuilder.aws/learn/EZ5E7MDBFM/aws-ml-engineer-associate--collect-ingest-and-store-data/SYGN3UF5BT
https://docs.aws.amazon.com/AmazonS3/latest/userguide/storage-class-intro.html",14/09/2026
S3 Glacier storage classes,"• Archive — Lưu trữ lâu dài
• Instant / Flexible / Deep Archive
• Retrieval time — Thời gian lấy dữ liệu","S3 Glacier storage classes are Amazon S3 archive storage options for long-lived data that is accessed infrequently. Glacier Instant Retrieval supports immediate access, whereas Glacier Flexible Retrieval and Deep Archive require restoration before ordinary reads. They reduce storage cost by offering different retrieval-time, retrieval-fee and minimum-storage-duration trade-offs, which must fit the dataset's recovery and reuse requirements.","Các S3 Glacier storage class là những lựa chọn lưu trữ lâu dài của Amazon S3 dành cho dữ liệu ít được truy cập. Glacier Instant Retrieval cho phép đọc tức thời, trong khi Glacier Flexible Retrieval và Deep Archive yêu cầu khôi phục trước khi đọc thông thường. Chúng giảm chi phí lưu dữ liệu bằng những đánh đổi khác nhau về thời gian lấy lại dữ liệu, phí truy xuất và thời gian lưu tối thiểu; lựa chọn phải đáp ứng yêu cầu phục hồi và tái sử dụng dataset.",Giảm chi phí lưu lâu dài bằng cách đánh đổi yêu cầu truy xuất. Instant Retrieval vẫn đọc tức thời; Flexible Retrieval và Deep Archive phù hợp khi có thể chờ khôi phục. Mỗi class có retrieval fee và minimum storage duration khác nhau.,"Chọn class trực tiếp hoặc chuyển bằng lifecycle. Với tier cần restore, khởi tạo khôi phục và chờ trước khi pipeline đọc dữ liệu; đưa thời gian đó vào lịch tái huấn luyện.","Dataset lịch sử, bản gốc video ít đọc, artifact cũ hoặc bản sao cần giữ lâu. Chọn theo thời hạn cần lấy lại và tần suất truy cập thực tế.",Video nguồn giữ lâu được lưu class phù hợp; bản dữ liệu đang dùng cho một đợt training nằm ở tầng truy cập nhanh.,Không gom ba class thành một kiểu latency. Không dùng dữ liệu cần restore ngay trong training mà chưa khôi phục. Không mặc định Glacier Instant Retrieval rẻ hơn cho mọi video: cần tính cả truy xuất và thời gian lưu tối thiểu.,Storage class,Domain 1,1.1,Lưu trữ,Skill Builder,"https://skillbuilder.aws/learn/EZ5E7MDBFM/aws-ml-engineer-associate--collect-ingest-and-store-data/SYGN3UF5BT
https://docs.aws.amazon.com/AmazonS3/latest/userguide/storage-class-intro.html",14/09/2026
Amazon EBS,"• High performance — Hiệu năng cao
• Persistent storage — Lưu trữ bền vững","Amazon EBS provides persistent block storage that attaches to a single Amazon EC2 instance and delivers the high random IOPS useful during gradient computation, and its data persists independently of the instance lifecycle.","Amazon EBS cung cấp dịch vụ lưu trữ dạng khối có khả năng lưu giữ dữ liệu lâu dài (persistent block storage), được gắn vào một máy chủ ảo Amazon EC2. Dịch vụ cung cấp số thao tác đọc/ghi ngẫu nhiên mỗi giây cao (high random IOPS), hữu ích cho việc truy cập dữ liệu trong quá trình tính gradient khi huấn luyện mô hình. Dữ liệu trên EBS tồn tại độc lập với vòng đời hoạt động của instance.","High performance: IOPS cao giúp đọc/ghi nhanh; throughput cao tăng tốc nạp và xử lý dữ liệu ML.

Persistent storage: stop/start EC2 vẫn giữ dữ liệu trên volume. Hai keyword này là hai benefit được nêu trực tiếp trong Skill Builder.

Tối ưu: chọn loại volume, dung lượng, IOPS và throughput theo workload.",Block volume gắn với EC2 trong cùng AZ. Để đọc tệp cần attach và mount filesystem trên instance; CLI/SDK quản lý volume không tự đọc nội dung tệp. Có thể snapshot để sao lưu và tạo volume mới.,"High-performance storage: dataset cần random I/O khi training.

Host pre-trained models: lưu artifact để inference instance nạp nhanh.

Copy and load: S3 làm nguồn, EBS làm volume làm việc.","Tải tập train từ S3 xuống EBS; job đọc nhiều mini-batch ngẫu nhiên qua các epoch. Sau khi stop rồi start EC2, dữ liệu EBS vẫn còn để tiếp tục công việc.","Stop/start khác terminate: DeleteOnTermination=true sẽ xóa volume khi terminate. Volume thuộc một AZ; cần quản lý dung lượng/IOPS riêng. Instance store là lưu trữ tạm. Muốn filesystem dùng chung nhiều máy, xem EFS hoặc FSx theo workload.

“Single instance” mô tả kiểu gắn volume thông thường; một số volume io1/io2 hỗ trợ Multi-Attach theo điều kiện dịch vụ. High random IOPS hỗ trợ I/O dữ liệu; CPU/GPU mới thực hiện phép tính gradient. Hiệu năng thực tế phụ thuộc loại volume, cấu hình IOPS/throughput và giới hạn của instance.",Dịch vụ,Domain 1,1.1,Lưu trữ,Skill Builder,"https://skillbuilder.aws/learn/EZ5E7MDBFM/aws-ml-engineer-associate--collect-ingest-and-store-data/SYGN3UF5BT
https://docs.aws.amazon.com/ebs/latest/userguide/what-is-ebs.html
https://docs.aws.amazon.com/AWSEC2/latest/UserGuide/preserving-volumes-on-termination.html
https://docs.aws.amazon.com/ebs/latest/userguide/ebs-performance.html
https://docs.aws.amazon.com/ebs/latest/userguide/EBSFeatures.html
https://docs.aws.amazon.com/ebs/latest/userguide/ebs-volumes-multi.html",14/09/2026
EBS gp3,"• General Purpose SSD
• Independent IOPS / throughput
• Price-performance balance","EBS gp3 is a general-purpose SSD-backed Amazon EBS volume type that provides persistent block storage for EC2 workloads. Storage capacity, provisioned IOPS and throughput can be configured separately within supported limits, so performance can be increased without buying capacity solely to obtain more I/O. It suits general working volumes, datasets and model-loading workloads that do not require io2-level characteristics.","EBS gp3 là loại volume Amazon EBS sử dụng SSD đa dụng, cung cấp lưu trữ dạng khối lâu dài cho workload EC2. Dung lượng, IOPS được cấp phát và throughput có thể cấu hình riêng trong giới hạn hỗ trợ, giúp tăng hiệu năng mà không phải mua thêm dung lượng chỉ để có thêm khả năng đọc/ghi. gp3 phù hợp với volume làm việc thông thường, dataset và nhu cầu nạp model chưa đòi hỏi đặc tính hiệu năng của io2.","Cung cấp SSD đa dụng, cho phép cấu hình dung lượng, IOPS và throughput theo giới hạn hỗ trợ. Tách điều chỉnh hiệu năng khỏi dung lượng giúp tránh tăng dung lượng chỉ để đạt I/O mong muốn.","Provision volume theo nhu cầu, theo dõi latency, queue và throughput; tăng cấu hình phù hợp khi bottleneck thực sự nằm ở volume. Kiểm tra đồng thời giới hạn EBS của instance.","Volume làm việc phổ thông, nạp model hoặc dataset với yêu cầu I/O vừa phải; điểm khởi đầu hợp lý khi chưa cần Provisioned IOPS ở mức cao.",Job đọc chậm nhưng volume chưa đầy: đối chiếu metric để tăng IOPS/throughput thay vì mặc định mua thêm dung lượng.,"gp3 không đáp ứng vô hạn và không mặc định tốt hơn io2 cho mọi tải. Khác gp2 ở cách gắn dung lượng với hiệu năng. Cân nhắc cả volume, instance và access pattern.",Loại volume,Domain 1,1.1,Lưu trữ,Bổ sung Domain 1,https://docs.aws.amazon.com/ebs/latest/userguide/general-purpose.html,14/09/2026
EBS io2,"• Provisioned IOPS SSD
• High random IOPS
• Low latency
• Critical workloads","EBS io2 is a Provisioned IOPS SSD volume type that provides persistent block storage for demanding workloads needing high random I/O performance and low latency. Users provision capacity and IOPS to match measured requirements, subject to volume and instance limits. It is appropriate for critical, I/O-intensive applications, including training workloads where repeated random data access is a demonstrated bottleneck.","EBS io2 là loại volume SSD Provisioned IOPS cung cấp lưu trữ khối lâu dài cho workload đòi hỏi hiệu năng đọc/ghi ngẫu nhiên cao và độ trễ thấp. Người dùng cấp phát dung lượng và IOPS theo nhu cầu đã đo, trong giới hạn của volume và instance. Dịch vụ phù hợp với ứng dụng quan trọng, sử dụng I/O nhiều, bao gồm workload training mà việc truy cập dữ liệu ngẫu nhiên lặp lại thực sự là điểm nghẽn.",IOPS được cấp phát cho tải giao dịch hoặc ML đòi hỏi đọc/ghi ngẫu nhiên mạnh và ổn định. io2 Block Express có thiết kế độ bền cao; phù hợp khi yêu cầu hiệu năng và độ tin cậy quan trọng hơn chi phí thấp nhất.,Chọn IOPS và dung lượng trong giới hạn volume/instance. Random read nhiều lần có thể hưởng lợi; kiểm tra latency và VolumeQueueLength để xác nhận nguyên nhân nghẽn.,Training thường xuyên truy cập record ngẫu nhiên; workload quan trọng cần low latency và IOPS cao; nạp model khi gp3 không đáp ứng yêu cầu đã đo.,Training shuffle trên dataset lớn gây hàng đợi I/O; thử io2 và đo thời gian chờ dữ liệu/GPU utilization trước và sau.,"Chi phí thường cần cân nhắc kỹ. Không sửa được bottleneck CPU, mạng ngoài EBS hoặc thuật toán đọc kém. Không suy ra mọi training job đều cần io2.",Loại volume,Domain 1,1.1,Lưu trữ,Skill Builder,"https://skillbuilder.aws/learn/EZ5E7MDBFM/aws-ml-engineer-associate--collect-ingest-and-store-data/SYGN3UF5BT
https://docs.aws.amazon.com/ebs/latest/userguide/provisioned-iops.html",14/09/2026
Amazon EFS,"• Scalable and performant
• High throughput
• Low-latency access
• Concurrent access
• Shared datasets","Amazon EFS is a managed, elastic file storage service that exposes a shared file system through NFS. Multiple supported clients can mount the same file system and access datasets, libraries or model artifacts concurrently, while storage capacity grows or shrinks with the data. It provides shared, scalable file access rather than a block volume assigned to one training instance; performance depends on configuration and workload.","Amazon EFS là dịch vụ lưu trữ tệp co giãn được quản lý, cung cấp filesystem dùng chung qua giao thức NFS. Nhiều client được hỗ trợ có thể mount cùng filesystem và đồng thời truy cập dataset, thư viện hoặc artifact mô hình, trong khi dung lượng tăng hoặc giảm theo dữ liệu. EFS cung cấp khả năng truy cập tệp dùng chung và mở rộng, khác với volume dạng khối dành cho một máy training; hiệu năng phụ thuộc cấu hình và workload.","Scalable and performant: filesystem co giãn dung lượng theo dữ liệu và cho nhiều client truy cập.

High throughput: hỗ trợ xử lý tệp song song.

Low-latency access: truy cập tệp chia sẻ phục vụ ứng dụng. Ba nhãn benefit này xuất hiện trong Skill Builder; kết quả thực tế phụ thuộc cấu hình và workload.","Dịch vụ filesystem được quản lý, truy cập qua NFSv4; EC2 và các client được hỗ trợ mount cùng filesystem. Dữ liệu tăng/giảm mà không phải cấp phát từng volume như EBS.","Concurrent access: nhiều EC2 cùng đọc/ghi.

Shared datasets: chia sẻ dataset, thư viện và model artifact, giảm nhu cầu sao chép riêng đến từng máy.",Nhiều worker đọc bộ dữ liệu đã xử lý từ cùng thư mục EFS; phiên bản dataset và quyền truy cập được quản lý để tránh ghi đè trong training.,"Cần NFS và dữ liệu dùng chung → nhớ EFS. Không phải mọi thao tác đều có cùng latency; storage/throughput mode và truy cập liên AZ ảnh hưởng chi phí, hiệu năng. Không dùng lời khẳng định EFS luôn nhanh/rẻ hơn EBS.",Dịch vụ,Domain 1,1.1,Lưu trữ,Skill Builder,"https://skillbuilder.aws/learn/EZ5E7MDBFM/aws-ml-engineer-associate--collect-ingest-and-store-data/SYGN3UF5BT
https://aws.amazon.com/efs/",14/09/2026
Amazon FSx,"• Managed file systems
• Workload-specific capabilities
• Lustre / ONTAP / Windows / OpenZFS","Amazon FSx is a family of managed file system services that provides the interfaces and data-management capabilities of established file systems. Its variants include Lustre, NetApp ONTAP, Windows File Server and OpenZFS, each with different protocols, deployment options and performance characteristics. Users choose the variant that matches their application, rather than assuming that every FSx file system has Lustre's parallel-training features.","Amazon FSx là họ dịch vụ filesystem được quản lý, cung cấp giao diện và các khả năng quản lý dữ liệu của những hệ thống tệp phổ biến. Các biến thể gồm Lustre, NetApp ONTAP, Windows File Server và OpenZFS, mỗi loại có giao thức, lựa chọn triển khai và đặc tính hiệu năng riêng. Người dùng chọn biến thể phù hợp ứng dụng; không nên mặc định mọi filesystem FSx đều có khả năng truy cập song song cho training như Lustre.","Cung cấp filesystem phổ biến dưới dạng dịch vụ được quản lý, giảm việc tự xây dựng và vận hành hệ thống tệp. Mỗi loại có protocol, khả năng dữ liệu và đặc tính hiệu năng riêng.","Trước tiên chọn filesystem theo ứng dụng và giao thức, rồi chọn deployment/capacity/performance. Trong phần ML của khóa, FSx for Lustre là trường hợp trọng tâm.","Ứng dụng cần semantics của một filesystem cụ thể: Lustre cho dữ liệu song song, Windows cho SMB, ONTAP cho hệ sinh thái NetApp, OpenZFS cho NFS/ZFS.",Pipeline training phân tán chọn FSx for Lustre; ứng dụng Windows hiện có dùng SMB sẽ đánh giá Windows File Server.,"FSx là họ dịch vụ. Không gán benefit của Lustre cho tất cả biến thể. Tích hợp S3, giao thức và cơ chế backup khác nhau giữa các loại.",Nhóm dịch vụ,Domain 1,1.1,Lưu trữ,Skill Builder,"https://skillbuilder.aws/learn/EZ5E7MDBFM/aws-ml-engineer-associate--collect-ingest-and-store-data/SYGN3UF5BT
https://docs.aws.amazon.com/en_us/fsx/",14/09/2026
Amazon FSx for Lustre,"• High performance
• Amazon S3 integration
• Distributed architecture
• Parallel access","Amazon FSx for Lustre is a managed parallel file system designed for high-performance workloads that need high throughput and concurrent file access across many compute instances. It is useful for distributed ML training and HPC, and can associate with Amazon S3 repositories to import data and export results. Scratch or persistent deployment choices and synchronization settings determine durability and data movement behavior.","Amazon FSx for Lustre là filesystem song song được quản lý, được thiết kế cho workload hiệu năng cao cần throughput lớn và truy cập tệp đồng thời từ nhiều compute instance. Dịch vụ phù hợp với training ML phân tán và tính toán hiệu năng cao; có thể liên kết kho dữ liệu Amazon S3 để nhập dữ liệu và xuất kết quả. Lựa chọn triển khai scratch hoặc persistent cùng cấu hình đồng bộ quyết định đặc tính lưu giữ và cách di chuyển dữ liệu.","High performance: thiết kế cho I/O lớn và latency thấp, có thể mở rộng đến mức IOPS cao với cấu hình phù hợp.

Amazon S3 integration: liên kết data repository S3 để nhập dữ liệu và xuất kết quả theo cấu hình.

Distributed architecture: nhiều compute node truy cập song song phục vụ training phân tán.",Mount Lustre trên các compute instance. Tạo data repository association với S3 khi cần; dữ liệu có thể được tải khi truy cập và đồng bộ/xuất theo chính sách hoặc task. Chọn scratch/persistent deployment phù hợp.,"High-performance computing và large-scale model training; dataset lớn, nhiều worker và yêu cầu shared throughput cao; cần giao diện filesystem trong khi bản gốc nằm trên S3.",GPU cluster cùng đọc shard của dataset trên Lustre đã liên kết S3; đầu ra được xuất lại S3 để lưu lâu dài và filesystem training được quản lý theo vòng đời job.,"Scratch không có cùng đặc tính bền vững như persistent. Liên kết S3 không có nghĩa mọi thay đổi tự đồng bộ hai chiều ngay lập tức. Cần cấu hình import/export, quyền, network và sizing; cân nhắc chi phí vận hành trong thời gian không training.",Dịch vụ,Domain 1,1.1,Lưu trữ,Skill Builder,"https://skillbuilder.aws/learn/EZ5E7MDBFM/aws-ml-engineer-associate--collect-ingest-and-store-data/SYGN3UF5BT
https://docs.aws.amazon.com/fsx/latest/LustreGuide/what-is.html",14/09/2026
Amazon FSx for NetApp ONTAP,"• ONTAP
• NFS / SMB / iSCSI
• Snapshots
• Data tiering","Amazon FSx for NetApp ONTAP is a managed storage service that provides NetApp ONTAP data-management capabilities and supported file and block access through NFS, SMB and iSCSI. It offers features such as snapshots and policy-based data tiering, enabling applications to retain ONTAP-compatible access and workflows. It suits enterprise datasets and existing NetApp environments that need managed AWS storage.","Amazon FSx for NetApp ONTAP là dịch vụ lưu trữ được quản lý cung cấp các khả năng quản trị dữ liệu NetApp ONTAP và truy cập dạng tệp hoặc khối qua NFS, SMB và iSCSI được hỗ trợ. Dịch vụ có những tính năng như snapshot và phân tầng dữ liệu theo chính sách, giúp ứng dụng tiếp tục sử dụng giao diện và quy trình tương thích ONTAP. Lựa chọn này phù hợp với dữ liệu doanh nghiệp và môi trường NetApp hiện có cần lưu trữ được quản lý trên AWS.","Giữ khả năng quản trị dữ liệu ONTAP trong dịch vụ được quản lý. Hỗ trợ nhiều giao thức, snapshot và cơ chế tiering phù hợp workload; hữu ích khi tái sử dụng hệ thống dữ liệu NetApp hiện có.","Tạo filesystem và volume ONTAP, cấu hình giao thức và quyền cho client. Dữ liệu thường xuyên truy cập nằm ở tầng hiệu năng, dữ liệu lạnh có thể được tier theo chính sách.","Nguồn dữ liệu enterprise đang dùng NetApp, ứng dụng cần giao thức tương thích và các khả năng quản lý dữ liệu ONTAP.","Tổ chức dùng NFS cho pipeline Linux và SMB cho ứng dụng khác, cần khai thác chung tài sản dữ liệu trên ONTAP.","Không đồng nghĩa FSx for Lustre. Giao thức, tiering policy và yêu cầu ứng dụng phải được đánh giá; dữ liệu được tier có thể ảnh hưởng latency truy cập lại.",Dịch vụ,Domain 1,1.1,Lưu trữ,Bổ sung Domain 1,https://aws.amazon.com/fsx/netapp-ontap/,14/09/2026
Amazon FSx for Windows File Server,"• Windows file system
• SMB
• Active Directory
• Windows ACLs","Amazon FSx for Windows File Server is a managed file storage service built for applications that use Windows file system semantics and SMB shares. It integrates with Active Directory and Windows access controls so existing users and applications can access shared files through familiar mechanisms. Storage, throughput and availability are configured for the workload while AWS manages the underlying file service.","Amazon FSx for Windows File Server là dịch vụ lưu trữ tệp được quản lý dành cho ứng dụng sử dụng đặc tính filesystem Windows và thư mục chia sẻ SMB. Dịch vụ tích hợp Active Directory và cơ chế quyền truy cập Windows để người dùng, ứng dụng hiện có truy cập tệp dùng chung bằng cách quen thuộc. Dung lượng, throughput và tính sẵn sàng được cấu hình theo workload, còn AWS quản lý dịch vụ tệp bên dưới.","Cung cấp file share Windows được quản lý với SMB, tích hợp Active Directory và quyền Windows. Giảm việc tự vận hành file server cho ứng dụng Windows.","Client truy cập SMB share; xác thực và phân quyền qua tích hợp directory/ACL. Chọn cấu hình throughput, storage và availability theo yêu cầu.","Ứng dụng Windows hoặc công cụ thu thập dữ liệu hiện có cần SMB share, quyền Windows và tích hợp môi trường doanh nghiệp.",Dữ liệu báo cáo từ ứng dụng Windows được ghi vào SMB share rồi chuyển vào data lake cho pipeline ML.,"Chọn vì yêu cầu Windows/SMB, không chỉ vì chữ FSx. Không nhầm SMB với NFS của EFS hoặc Lustre của training phân tán; cần directory và network phù hợp.",Dịch vụ,Domain 1,1.1,Lưu trữ,Bổ sung Domain 1,https://aws.amazon.com/fsx/windows/,14/09/2026
Amazon FSx for OpenZFS,"• OpenZFS
• NFS
• Snapshots / clones
• Low-latency file access","Amazon FSx for OpenZFS is a managed file storage service that exposes OpenZFS capabilities through NFS. It supports shared file access and data-management features such as snapshots and clones, allowing applications to create point-in-time views and working copies of data. It suits NFS-based workloads that require OpenZFS functionality and configurable, high-performance file storage.","Amazon FSx for OpenZFS là dịch vụ lưu trữ tệp được quản lý, cung cấp các khả năng OpenZFS thông qua NFS. Dịch vụ hỗ trợ truy cập tệp dùng chung và những tính năng quản trị dữ liệu như snapshot, clone, cho phép ứng dụng tạo bản ghi nhận dữ liệu tại một thời điểm và bản sao phục vụ công việc. Lựa chọn này phù hợp với workload NFS cần chức năng OpenZFS và lưu trữ tệp hiệu năng cao có thể cấu hình.","Cung cấp filesystem OpenZFS được quản lý với NFS, snapshot và clone để làm việc với nhiều bản dữ liệu. Phù hợp ứng dụng cần khả năng ZFS và truy cập tệp hiệu năng cao.","Tạo filesystem/volume, mount NFS và sử dụng các khả năng snapshot/clone theo cấu hình. Thiết kế capacity, throughput và deployment tương ứng workload.",Workload Linux/NFS cần semantics và khả năng quản lý dữ liệu OpenZFS; tạo môi trường dữ liệu thử nghiệm từ snapshot.,"Tạo bản sao logic của tập dữ liệu từ snapshot cho một thử nghiệm preprocessing, giảm thao tác sao chép thủ công toàn bộ dữ liệu.",Không gán tính năng S3 data repository association của Lustre cho OpenZFS. Snapshot/clone phải được hiểu theo dịch vụ và vòng đời lưu trữ thực tế.,Dịch vụ,Domain 1,1.1,Lưu trữ,Bổ sung Domain 1,https://aws.amazon.com/fsx/openzfs/,14/09/2026
Amazon RDS,"• Managed relational database
• SQL
• OLTP
• Source extraction","Amazon RDS is a managed relational database service for SQL-based applications using supported database engines. It handles infrastructure and operational tasks such as provisioning, backups and maintenance according to configuration, while applications query and update relational tables. In ML pipelines, RDS commonly supplies transactional records that are extracted through engine-compatible queries, connectors or replication before feature preparation.","Amazon RDS là dịch vụ cơ sở dữ liệu quan hệ được quản lý dành cho ứng dụng SQL sử dụng các database engine được hỗ trợ. Dịch vụ xử lý hạ tầng và những công việc vận hành như cấp phát, sao lưu, bảo trì theo cấu hình, còn ứng dụng truy vấn và cập nhật các bảng quan hệ. Trong pipeline ML, RDS thường cung cấp bản ghi giao dịch được trích xuất bằng truy vấn phù hợp engine, connector hoặc replication trước khi tạo feature.","Quản lý nhiều tác vụ vận hành cơ sở dữ liệu như provisioning, backup và bảo trì, tùy engine/cấu hình. Dữ liệu quan hệ có schema rõ, thuận tiện chọn lọc và join bằng SQL trước ML.",Ứng dụng dùng SQL client/driver đúng engine để đọc dữ liệu; DMS hoặc Glue có thể đưa dữ liệu ra S3. AWS CLI/SDK quản lý RDS không thay thế mọi truy vấn SQL; Data API chỉ áp dụng cấu hình được hỗ trợ.,"Nguồn giao dịch, bảng khách hàng và lịch sử ứng dụng cần trích xuất để xây tập train hoặc làm giàu feature.","Truy vấn giao dịch theo kỳ hoặc dùng DMS CDC từ PostgreSQL được hỗ trợ để cập nhật data lake, sau đó Glue xử lý thành feature.","RDS thường gắn với OLTP; Redshift thiên về OLAP. Quét ETL lớn có thể ảnh hưởng database sản xuất; cần xét read replica, lịch chạy, snapshot/export và engine support.",Dịch vụ,Domain 1,1.1,Nguồn dữ liệu,Skill Builder,"https://skillbuilder.aws/learn/EZ5E7MDBFM/aws-ml-engineer-associate--collect-ingest-and-store-data/SYGN3UF5BT
https://aws.amazon.com/rds/",14/09/2026
Amazon RDS / Aurora PostgreSQL with pgvector,"• PostgreSQL extension
• SQL + vectors
• Exact / approximate search
• HNSW / IVFFlat","Amazon RDS for PostgreSQL and Aurora PostgreSQL can use the supported pgvector extension to store numerical embeddings alongside relational data and query them with SQL. Applications can perform exact similarity search or use supported approximate-nearest-neighbor indexes such as HNSW or IVFFlat. This combines vector retrieval with relational metadata, provided the database version, index and distance operator match the use case.","Amazon RDS for PostgreSQL và Aurora PostgreSQL có thể sử dụng extension pgvector được hỗ trợ để lưu embedding số cùng dữ liệu quan hệ và truy vấn bằng SQL. Ứng dụng có thể tìm kiếm tương đồng chính xác hoặc sử dụng các index tìm láng giềng gần đúng được hỗ trợ như HNSW hay IVFFlat. Cách này kết hợp truy xuất vector với metadata quan hệ, với điều kiện phiên bản database, loại index và toán tử khoảng cách phù hợp bài toán.",Đưa vector search vào database PostgreSQL hiện có; giữ embedding cạnh metadata quan hệ và dùng SQL quen thuộc. Hỗ trợ exact search hoặc ANN qua loại index được hỗ trợ.,"Bật pgvector trên phiên bản tương thích, lưu vector đúng số chiều, tạo index và chọn distance operator phù hợp mô hình. Join kết quả với metadata quan hệ khi truy vấn.",Đội ngũ đã dùng PostgreSQL và muốn vector capability mà không thêm hệ thống tìm kiếm riêng; dữ liệu quan hệ và vector cần xử lý cùng nhau.,"Bảng tài liệu có document_id, category và embedding; tìm các tài liệu gần câu hỏi rồi join bảng quyền truy cập.",Extension không phải dịch vụ AWS độc lập. Exact search khác ANN; index và filter ảnh hưởng recall/latency. Không mặc định mọi phiên bản RDS/Aurora đều hỗ trợ cùng extension hay tích hợp Knowledge Bases.,Tính năng / extension,Domain 1,1.1,Vector và RAG,Skill Builder,"https://skillbuilder.aws/learn/EZ5E7MDBFM/aws-ml-engineer-associate--collect-ingest-and-store-data/SYGN3UF5BT
https://docs.aws.amazon.com/AmazonRDS/latest/UserGuide/PostgreSQL.Concepts.General.FeatureSupport.Extensions.html",14/09/2026
Amazon DynamoDB,"• Managed NoSQL
• Key-value / document
• Partition key
• Low-latency access","Amazon DynamoDB is a managed NoSQL database that stores key-value and document data for low-latency application access at scale. Applications design partition and sort keys around access patterns and use supported APIs to read or update items. ML pipelines can consume its records through extraction, export or change streams, but efficient keyed access should be distinguished from scanning the entire table.","Amazon DynamoDB là cơ sở dữ liệu NoSQL được quản lý, lưu dữ liệu khóa–giá trị và tài liệu để ứng dụng truy cập với độ trễ thấp ở quy mô lớn. Ứng dụng thiết kế partition key và sort key theo mẫu truy cập, rồi dùng API được hỗ trợ để đọc hoặc cập nhật item. Pipeline ML có thể lấy bản ghi qua trích xuất, export hoặc luồng thay đổi; cần phân biệt truy cập hiệu quả theo khóa với việc Scan toàn bộ bảng.","Cung cấp database key-value/document được quản lý, hỗ trợ đọc/ghi độ trễ thấp và mở rộng theo cấu hình. Phù hợp trạng thái ứng dụng và truy cập theo khóa ở quy mô lớn.","Thiết kế partition/sort key theo access pattern. Trích xuất bằng API, export ra S3 hoặc Glue connector; dùng Streams cho thay đổi khi phù hợp. Query theo khóa thường hiệu quả hơn Scan toàn bảng.",Nguồn sự kiện và trạng thái ứng dụng để tạo feature; lookup dữ liệu theo entity; chuyển dữ liệu lịch sử vào S3 cho phân tích/training.,"Export dữ liệu người dùng ra S3, Glue join với log hành vi; luồng thay đổi cập nhật feature mới cho suy luận.",Hot partition xảy ra khi khóa phân bố lệch. DynamoDB không nằm trong danh sách source endpoint DMS thông thường đã đối chiếu; đừng suy từ việc DMS hỗ trợ DynamoDB làm target sang hỗ trợ làm source. Scan lớn có thể tốn năng lực đọc.,Dịch vụ,Domain 1,1.1,Nguồn dữ liệu,Skill Builder,"https://skillbuilder.aws/learn/EZ5E7MDBFM/aws-ml-engineer-associate--collect-ingest-and-store-data/SYGN3UF5BT
https://aws.amazon.com/dynamodb/
https://docs.aws.amazon.com/dms/latest/userguide/CHAP_Introduction.Sources.html",14/09/2026
Amazon Redshift,"• Data warehouse
• OLAP
• Columnar analytics
• SQL joins / aggregations","Amazon Redshift is a managed analytical data warehouse for SQL queries over large structured datasets. It is designed for analytical operations such as aggregations and joins, helping teams combine historical business data and calculate model features. Data can be exported for training, while Redshift Spectrum can query configured external data in S3; it is distinct from an OLTP application database.","Amazon Redshift là kho dữ liệu phân tích được quản lý, phục vụ truy vấn SQL trên tập dữ liệu có cấu trúc lớn. Dịch vụ được thiết kế cho các thao tác phân tích như tổng hợp và join, giúp kết hợp lịch sử dữ liệu nghiệp vụ và tính feature cho model. Dữ liệu có thể được xuất để training, còn Redshift Spectrum có thể truy vấn dữ liệu external trong S3 đã được cấu hình; Redshift có vai trò khác cơ sở dữ liệu giao dịch OLTP của ứng dụng.","Tối ưu truy vấn phân tích trên dữ liệu lớn, nhất là join, aggregation và lịch sử nhiều nguồn. SQL giúp tạo bảng feature từ dữ liệu đã nằm trong kho; có lựa chọn provisioned hoặc serverless.","Nạp dữ liệu từ nguồn như S3, dùng SQL tổng hợp theo entity/thời gian, xuất kết quả khi cần training. Spectrum cho phép truy vấn dữ liệu S3 qua bảng external được cấu hình.","Dataset phân tích đã ở warehouse; cần kết hợp doanh thu, hành vi và danh mục, hoặc tạo feature bằng SQL trên lịch sử lớn.","SQL tính tổng chi tiêu 30 ngày của mỗi khách hàng, xuất feature ra S3; pipeline giữ event time để không lấy dữ liệu sau thời điểm dự đoán.","Không chọn chỉ để lưu ảnh/video thô. Redshift là hệ thống phân tích; RDS phù hợp giao dịch ứng dụng. Cần quan tâm thiết kế bảng, phân phối dữ liệu, chi phí compute và phạm vi thời gian của feature.",Dịch vụ,Domain 1,1.1,Nguồn dữ liệu,Skill Builder,"https://skillbuilder.aws/learn/EZ5E7MDBFM/aws-ml-engineer-associate--collect-ingest-and-store-data/SYGN3UF5BT
https://aws.amazon.com/redshift/",14/09/2026
Amazon Athena,"• Serverless SQL
• Query data in S3
• Schema-on-read
• Partition pruning","Amazon Athena is a serverless SQL query service used to analyze data in Amazon S3 and other supported sources without managing a query cluster. It reads source data according to table metadata and schema, commonly using the AWS Glue Data Catalog. It supports data exploration, joins and validation, with scan efficiency influenced by columnar formats, selected columns and partition pruning.","Amazon Athena là dịch vụ truy vấn SQL serverless dùng để phân tích dữ liệu trong Amazon S3 và các nguồn được hỗ trợ khác mà không quản lý cluster truy vấn. Dịch vụ đọc dữ liệu nguồn theo metadata bảng và schema, thường dùng AWS Glue Data Catalog. Athena hỗ trợ khám phá dữ liệu, join và kiểm tra chất lượng; hiệu quả quét dữ liệu phụ thuộc định dạng cột, những cột được chọn và việc chỉ đọc các partition liên quan.","Truy vấn dữ liệu S3 bằng SQL mà không quản lý cluster; phù hợp khám phá, kiểm tra chất lượng và SQL-based merging. Định dạng cột và partition pruning giảm dữ liệu phải quét.",Định nghĩa metadata bảng qua Glue Data Catalog hoặc DDL; engine đọc file trong S3 theo schema. Dùng SELECT/JOIN/CTAS để phân tích và tạo dataset mới khi thích hợp.,"EDA trên data lake, kiểm tra row count/null/duplicate sau ETL, đọc offline Feature Store, phân tích báo cáo Inventory.","Sau một left join, dùng SQL đếm hàng và tỷ lệ null ở feature bổ sung; truy vấn chỉ partition ngày cần dùng để tiết kiệm quét.","Athena không lưu dữ liệu gốc thay S3. Schema đúng không bảo đảm dữ liệu đúng. File nhỏ quá nhiều, partition không phù hợp hoặc quét tất cả cột làm tăng thời gian và chi phí.",Dịch vụ,Domain 1,1.1,Truy vấn và ETL,Skill Builder,"https://skillbuilder.aws/learn/EZ5E7MDBFM/aws-ml-engineer-associate--collect-ingest-and-store-data/SYGN3UF5BT
https://aws.amazon.com/athena/",14/09/2026
Amazon OpenSearch Service,"• Hybrid search
• Full-text + vector
• Metadata filtering
• ANN","Amazon OpenSearch Service is a managed search and analytics service that indexes documents and supports full-text search, filtering and vector similarity retrieval through supported engines and configurations. It can combine lexical and semantic signals for hybrid search, making it useful for RAG and applications that need both exact identifiers and meaning-based matching. Index design and deployment choices govern performance and capabilities.","Amazon OpenSearch Service là dịch vụ tìm kiếm và phân tích được quản lý, lập chỉ mục tài liệu và hỗ trợ tìm kiếm toàn văn, lọc dữ liệu cùng truy xuất vector tương đồng thông qua engine và cấu hình được hỗ trợ. Dịch vụ có thể kết hợp tín hiệu từ khóa với ngữ nghĩa để tìm kiếm hybrid, phù hợp với RAG và ứng dụng cần cả mã định danh chính xác lẫn so khớp theo ý nghĩa. Thiết kế index và lựa chọn triển khai quyết định hiệu năng, tính năng sử dụng được.",Kết hợp tìm từ khóa và vector để hỗ trợ truy vấn hybrid; lọc theo metadata và xếp hạng theo độ tương đồng. Managed hoặc serverless option giảm tác vụ hạ tầng ở các mức khác nhau.,"Tạo index có trường vector đúng dimensions, metric và engine/index method hỗ trợ. Nạp document, metadata và embedding; truy vấn keyword/vector rồi kết hợp điểm. Có thể dùng API/connector để trích xuất tài liệu đã index.",RAG cần cả mã/từ khóa chính xác và tìm kiếm ngữ nghĩa; ứng dụng cần metadata filters bên cạnh vector similarity.,Câu hỏi về mã sản phẩm phải khớp đúng mã và tìm đoạn hướng dẫn gần nghĩa; filter phiên bản sản phẩm trước khi xếp hạng.,"HNSW/IVF là phương pháp; Faiss/Lucene là engine/thư viện. ANN đánh đổi recall với latency/memory. Cần kiểm tra tính năng theo deployment, version và engine; không giả định mọi tùy chọn đều giống nhau.",Dịch vụ,Domain 1,1.1,Vector và RAG,Skill Builder,"https://skillbuilder.aws/learn/EZ5E7MDBFM/aws-ml-engineer-associate--collect-ingest-and-store-data/SYGN3UF5BT
https://aws.amazon.com/opensearch-service/",14/09/2026
Amazon S3 Vectors,"• Cost-optimized vector storage
• Large scale
• Similarity search
• Metadata filtering","Amazon S3 Vectors provides purpose-built vector buckets and indexes for storing and querying embeddings with associated metadata. Applications write vectors generated by an embedding model and submit query vectors to retrieve similar entries, optionally using metadata filters. It targets large-scale, cost-conscious vector workloads and differs from simply placing embedding files in a conventional S3 object bucket.","Amazon S3 Vectors cung cấp vector bucket và index chuyên dụng để lưu, truy vấn embedding cùng metadata liên quan. Ứng dụng ghi vector do embedding model tạo ra, sau đó gửi query vector để tìm các phần tử tương đồng và có thể áp dụng bộ lọc metadata. Dịch vụ hướng đến workload vector quy mô lớn cần tối ưu chi phí; khác với việc chỉ đặt các tệp chứa embedding vào bucket lưu object S3 thông thường.","Lưu và truy vấn vector trên hạ tầng S3 được thiết kế riêng cho embedding. Hướng đến dataset vector lớn và tối ưu chi phí, khi không ưu tiên latency thấp nhất của mọi lựa chọn.","Tạo vector bucket/index, định nghĩa dimensions và distance metric được hỗ trợ. Ghi vector cùng metadata, truy vấn bằng vector để tìm kết quả gần; vẫn cần mô hình embedding và pipeline nạp.","Semantic search hoặc agent memory ở quy mô lớn, dữ liệu ít phù hợp với database quan hệ, chi phí vector store là tiêu chí chính.","Lưu embedding của kho tài liệu lớn, tìm đoạn liên quan bằng query vector rồi lấy văn bản gốc ở S3 theo metadata.",Khác bucket S3 thông thường chứa tệp embedding. Không tự cung cấp full-text hybrid search như một search engine. Kiểm tra giới hạn metric/dimensions/filter và latency thực tế trước khi chọn.,Tính năng,Domain 1,1.1,Vector và RAG,Skill Builder,"https://skillbuilder.aws/learn/EZ5E7MDBFM/aws-ml-engineer-associate--collect-ingest-and-store-data/SYGN3UF5BT
https://docs.aws.amazon.com/AmazonS3/latest/userguide/s3-vectors.html",14/09/2026
Amazon Kinesis Data Streams,"• Real-time ingestion
• Durable buffer
• Custom consumers
• Shards / partition keys
• Replay","Amazon Kinesis Data Streams is a managed streaming service that ingests event records into durable streams for consumer applications. Producers assign partition keys, and consumers process records for analytics, feature computation or inference, with replay available within configured retention. It provides the stream and buffering layer; custom consumers or processing services supply the business logic and downstream actions.","Amazon Kinesis Data Streams là dịch vụ streaming được quản lý, tiếp nhận bản ghi sự kiện vào các stream có khả năng lưu giữ bền vững để consumer đọc. Producer gán partition key, còn consumer xử lý bản ghi để phân tích, tính feature hoặc suy luận; dữ liệu có thể được đọc lại trong thời hạn retention đã cấu hình. Dịch vụ cung cấp lớp stream và lưu đệm, còn consumer tùy chỉnh hoặc dịch vụ xử lý thực hiện logic nghiệp vụ và thao tác downstream.","Nhận luồng sự kiện liên tục, lưu đệm bền vững theo retention cấu hình và cho consumer đọc/xử lý. Hỗ trợ nhiều consumer và replay trong thời hạn giữ dữ liệu; thích hợp khi cần logic xử lý từng sự kiện.","Producer gửi PutRecord/PutRecords với partition key; key định tuyến vào shard. Lambda hoặc ứng dụng consumer đọc, biến đổi và gọi hệ thống đích. Flink có thể đọc để tạo windowed features.","Real-time ingestion và inference cần consumer tùy chỉnh; xử lý sự kiện, phát hiện bất thường hoặc làm nguồn cho Flink/Firehose.",Sự kiện thiết bị đi vào Kinesis; Flink tính trung bình trượt rồi ghi Feature Store. Consumer khác lưu lịch sử để training.,"Không tự gọi model nếu chưa viết consumer. Theo dõi lag/throttling và hot shard; retention không vô hạn. Phân biệt on-demand/provisioned, shared/enhanced fan-out và giới hạn hiện hành; retry cần tránh xử lý trùng.",Dịch vụ,Domain 1,1.1,Streaming,Skill Builder,"https://skillbuilder.aws/learn/EZ5E7MDBFM/aws-ml-engineer-associate--collect-ingest-and-store-data/SYGN3UF5BT
https://aws.amazon.com/kinesis/data-streams/",14/09/2026
Amazon Data Firehose,"• Delivery to storage
• Automatic scaling
• Buffering / batching
• Transformation / compression","Amazon Data Firehose is a managed data-delivery service that receives streaming records, buffers them into batches and delivers them to supported destinations. It manages much of the delivery infrastructure and can apply configured transformations, compression or partitioning. It is useful for moving logs and events into storage or analytical systems when reliable managed delivery is more important than immediate per-event processing.","Amazon Data Firehose là dịch vụ giao nhận dữ liệu được quản lý, tiếp nhận các bản ghi streaming, đệm chúng thành lô rồi chuyển đến đích được hỗ trợ. Dịch vụ quản lý phần lớn hạ tầng giao nhận và có thể áp dụng biến đổi, nén hoặc phân partition theo cấu hình. Firehose phù hợp để đưa log, sự kiện vào kho lưu trữ hay hệ thống phân tích khi ưu tiên giao dữ liệu được quản lý, tin cậy hơn việc xử lý tức thì từng sự kiện.","Tự quản lý việc nhận, buffer, batch và chuyển streaming data đến đích được hỗ trợ. Giảm nhu cầu viết consumer chỉ để giao dữ liệu; có thể kết hợp transform, compression và dynamic partitioning theo cấu hình.","Nhận bản ghi trực tiếp hoặc từ nguồn được hỗ trợ; gom theo buffer size/time rồi giao đến S3, Redshift hoặc đích khác. Theo dõi delivery failure, retry và backup/error output.",Đưa log/sự kiện về kho dữ liệu để phân tích hoặc batch training; yêu cầu giao dữ liệu quan trọng hơn xử lý từng event với latency thấp nhất.,Log ứng dụng được Firehose nén và giao theo prefix ngày/khách hàng trên S3; Glue/Athena xử lý dữ liệu sau đó.,Buffer lớn thường hiệu quả hơn nhưng tăng delivery latency. Không thay Kinesis custom consumer cho mọi per-event inference. Transformation Lambda là tùy chọn nên “không cần code” chỉ đúng với luồng delivery cơ bản.,Dịch vụ,Domain 1,1.1,Streaming,Skill Builder,"https://skillbuilder.aws/learn/EZ5E7MDBFM/aws-ml-engineer-associate--collect-ingest-and-store-data/SYGN3UF5BT
https://aws.amazon.com/firehose/",14/09/2026
Amazon Managed Service for Apache Flink,"• Stateful stream processing
• Windows / joins
• Real-time feature engineering
• Managed infrastructure","Amazon Managed Service for Apache Flink runs Apache Flink applications for stateful stream processing on managed infrastructure. Applications consume streams, maintain state and perform operations such as time-window aggregations, joins and real-time feature engineering before writing results to sinks. Checkpointing and recovery support reliable processing, while end-to-end delivery guarantees still depend on connector, sink and application configuration.","Amazon Managed Service for Apache Flink chạy ứng dụng Apache Flink để xử lý stream có trạng thái trên hạ tầng được quản lý. Ứng dụng đọc stream, duy trì state và thực hiện các thao tác như tổng hợp theo cửa sổ thời gian, join, tạo feature thời gian thực trước khi ghi kết quả đến sink. Checkpoint và khôi phục hỗ trợ xử lý tin cậy, nhưng bảo đảm giao dữ liệu từ đầu đến cuối vẫn phụ thuộc connector, sink và cấu hình ứng dụng.","Xử lý stream có trạng thái: aggregation, join, window và feature thời gian thực. Dịch vụ quản lý hạ tầng Flink để đội ngũ tập trung logic. Checkpoint/state recovery hỗ trợ xử lý tin cậy theo cấu hình.","Đọc Kinesis hoặc MSK, xử lý theo event time và cửa sổ, giữ state, phát kết quả qua sink phù hợp. Có thể gọi PutRecord để cập nhật Feature Store hoặc chuyển dữ liệu cho consumer gọi endpoint.","Khi dữ liệu thô cần làm giàu, ghép nhiều stream hoặc tính feature trước suy luận; yêu cầu vượt quá việc chỉ vận chuyển bản ghi.","Đếm số sự kiện theo tài khoản trong 5 phút và tổng giá trị 1 giờ; cập nhật online feature để model dùng ngay, đồng thời giữ lịch sử cho training.","Flink là processing engine, cần nguồn và đích. Exactly-once end-to-end còn phụ thuộc connector/sink và cấu hình; gọi API ngoài cần xét retry/idempotency. Theo dõi backpressure, state size và sự kiện đến muộn.",Dịch vụ,Domain 1,1.1,Streaming,Skill Builder,"https://skillbuilder.aws/learn/EZ5E7MDBFM/aws-ml-engineer-associate--collect-ingest-and-store-data/SYGN3UF5BT
https://aws.amazon.com/managed-service-apache-flink/
https://skillbuilder.aws/learn/3AHUUNMH2X/aws-ml-engineer-associate--data-transformation-and-feature-engineering/H2K74ZEHBM",14/09/2026
Amazon MSK,"• Managed Apache Kafka
• Kafka API compatibility
• High availability
• Security
• Scalability","Amazon Managed Streaming for Apache Kafka (Amazon MSK) provides managed infrastructure for Apache Kafka producers and consumers. Applications publish records to topic partitions and read them by offset, retaining the Kafka API and ecosystem while AWS manages underlying service infrastructure. It suits existing Kafka-based data pipelines, but topic design, retention, authentication and consumer processing remain application responsibilities.","Amazon Managed Streaming for Apache Kafka (Amazon MSK) cung cấp hạ tầng được quản lý cho producer và consumer Apache Kafka. Ứng dụng ghi bản ghi vào partition của topic và đọc theo offset, tiếp tục sử dụng Kafka API và hệ sinh thái Kafka trong khi AWS quản lý hạ tầng dịch vụ bên dưới. MSK phù hợp với pipeline dữ liệu đang dùng Kafka, nhưng thiết kế topic, retention, xác thực và logic xử lý consumer vẫn thuộc trách nhiệm ứng dụng.","Giảm vận hành hạ tầng Kafka và duy trì hệ sinh thái producer/consumer hiện có. Cung cấp lựa chọn quản lý availability, security và capacity phù hợp Kafka workloads.","Ứng dụng ghi vào topic/partition và consumer đọc theo offset; cấu hình network, authentication, retention và quyền. Dùng Flink hoặc ứng dụng Kafka để xử lý dữ liệu.",Đội ngũ đã dùng Kafka APIs/connectors và muốn chuyển sang hạ tầng AWS được quản lý; cần log sự kiện cho nhiều pipeline ML.,"Producer đang phát vào Kafka được cấu hình kết nối MSK; consumer lịch sử ghi S3, consumer real-time tính feature.","Tương thích API không có nghĩa không cần đổi endpoint, authentication hay network. Phải quản lý topic/partition/consumer logic. Không nhầm MSK là engine transform hoặc dịch vụ delivery tự động như Firehose.",Dịch vụ,Domain 1,1.1,Streaming,Skill Builder,"https://skillbuilder.aws/learn/EZ5E7MDBFM/aws-ml-engineer-associate--collect-ingest-and-store-data/SYGN3UF5BT
https://aws.amazon.com/msk/",14/09/2026
Amazon Kinesis Video Streams,"• Video ingestion
• Time-indexed streams
• Secure storage
• Playback / processing","Amazon Kinesis Video Streams is a managed service for ingesting and retaining time-indexed video and other supported media streams from connected devices. Consumer applications access the media for playback, extraction or analysis, making it useful for camera-based ML pipelines. The service handles media ingestion and storage; frame processing, labeling and model training require additional application or ML components.","Amazon Kinesis Video Streams là dịch vụ được quản lý để tiếp nhận và lưu giữ video cùng các luồng media được hỗ trợ từ thiết bị kết nối, có thông tin thời gian để truy xuất. Ứng dụng consumer đọc media để phát lại, trích xuất hoặc phân tích, phù hợp với pipeline ML từ camera. Dịch vụ xử lý ingest và lưu media; trích frame, gán nhãn và training model cần các thành phần ứng dụng hoặc ML bổ sung.","Nhận và lưu luồng video từ thiết bị, giữ thông tin thời gian để phục vụ phát lại hoặc xử lý. Giảm việc tự xây hạ tầng ingest video liên tục.","Producer gửi media vào stream; ứng dụng đọc media qua API được hỗ trợ và chuyển sang pipeline trích frame, phân tích hoặc lưu lâu dài. Dữ liệu video cần protocol/format đúng.",Camera và thiết bị gửi video liên tục; ML cần truy xuất đoạn video theo thời gian hoặc xử lý gần thời gian thực.,"Camera gửi stream; consumer lấy clip theo mốc thời gian, tạo frame và metadata để lưu dataset có nhãn trên S3.","Khác Kinesis Data Streams dùng bản ghi sự kiện tổng quát. Dịch vụ không tự gán nhãn hay train model; cần xét retention, codec, băng thông và chi phí media.",Dịch vụ,Domain 1,1.1,Đa phương thức,Bổ sung Domain 1,https://aws.amazon.com/kinesis/video-streams/,14/09/2026
AWS Glue,"• Serverless ETL
• Schema discovery
• Data Catalog
• Distributed processing
• Integration","AWS Glue is a serverless data integration service for discovering, cataloging, preparing and moving data across supported sources. Its crawlers and Data Catalog describe datasets, while ETL jobs run transformation logic such as cleaning, joins and feature preparation. It reduces cluster administration for data pipelines, although job resources, schemas, data skew and transformation correctness still require configuration and validation.","AWS Glue là dịch vụ tích hợp dữ liệu serverless để khám phá, lập catalog, chuẩn bị và di chuyển dữ liệu giữa các nguồn được hỗ trợ. Crawler và Data Catalog mô tả dataset, còn ETL job thực thi logic biến đổi như làm sạch, join và chuẩn bị feature. Glue giảm công việc quản trị cluster cho pipeline dữ liệu, nhưng tài nguyên job, schema, dữ liệu lệch phân bố và tính đúng đắn của phép biến đổi vẫn cần được cấu hình, kiểm tra.","Serverless ETL giảm quản lý cluster.

Discovery/catalog: crawlers và Data Catalog mô tả nguồn.

Transformation: job xử lý, làm sạch và ghép dữ liệu ở quy mô lớn.

Integration: kết nối S3, warehouse và nguồn được hỗ trợ.",Luồng cơ bản: xác định nguồn → crawler/catalog → định nghĩa job/script → chạy theo lịch/sự kiện/on demand → ghi kết quả. Spark-based jobs phân phối xử lý; worker/DPU và cấu hình job cần phù hợp.,"Large-scale ETL, schema discovery, chuẩn bị feature và merging nhiều nguồn; ưu tiên managed execution thay vì tự cấu hình cluster.","Glue join giao dịch với bảng khách hàng, chuẩn hóa key và loại bản ghi trùng theo event_id; ghi Parquet partition theo ngày lên S3.","Crawler chỉ phát hiện metadata, không làm sạch dữ liệu. Schema drift, skew, shuffle và file nhỏ vẫn có thể làm job chậm. EMR là lựa chọn khi cần kiểm soát runtime sâu; không áp một ngưỡng dung lượng cố định để quyết định.",Dịch vụ,Domain 1,1.1,Truy vấn và ETL,Skill Builder,"https://skillbuilder.aws/learn/EZ5E7MDBFM/aws-ml-engineer-associate--collect-ingest-and-store-data/SYGN3UF5BT
https://aws.amazon.com/glue/
https://skillbuilder.aws/learn/3AHUUNMH2X/aws-ml-engineer-associate--data-transformation-and-feature-engineering/H2K74ZEHBM",14/09/2026
AWS Glue Data Catalog,"• Central metadata
• Tables / schemas
• Locations / partitions
• Cross-service discovery","AWS Glue Data Catalog is a centralized metadata repository that describes datasets through databases, tables, schemas, storage locations and partitions. Crawlers, APIs or SQL definitions populate this metadata so services such as Glue and Athena can discover and interpret the same data consistently. The catalog describes data held in source systems; it does not store all source records or independently grant access to them.","AWS Glue Data Catalog là kho metadata tập trung mô tả dataset thông qua database, bảng, schema, vị trí lưu trữ và partition. Crawler, API hoặc định nghĩa SQL tạo metadata để các dịch vụ như Glue, Athena khám phá và diễn giải cùng một nguồn dữ liệu nhất quán. Catalog mô tả dữ liệu đang nằm ở hệ thống nguồn, không lưu thay toàn bộ bản ghi và không tự cấp quyền truy cập dữ liệu đó.","Kho metadata chung giúp tìm hiểu và truy vấn dữ liệu nhất quán giữa Glue, Athena và các dịch vụ tích hợp. Quản lý định nghĩa bảng, schema, vị trí và partition để dữ liệu dễ tìm và tái sử dụng.","Metadata được tạo bằng crawler, API hoặc DDL. Catalog trỏ tới dữ liệu ở S3/nguồn khác; thay đổi schema phải được xử lý đồng bộ với pipeline và công cụ đọc.","Data lake cần discovery và schema-on-read; chia sẻ định nghĩa dataset cho nhóm ETL, analytics và ML.",Crawler đăng ký bảng events với location trên S3; Athena dùng cùng định nghĩa để kiểm tra null và tạo tập feature.,"Catalog lưu metadata, không chứa toàn bộ bản ghi thay nguồn. Có table trong catalog không tự cấp quyền đọc S3; cần IAM/Lake Formation và cập nhật schema/partition phù hợp.",Tính năng,Domain 1,1.1,Catalog,Skill Builder,"https://skillbuilder.aws/learn/EZ5E7MDBFM/aws-ml-engineer-associate--collect-ingest-and-store-data/SYGN3UF5BT
https://docs.aws.amazon.com/glue/latest/dg/catalog-and-crawler.html",14/09/2026
AWS Glue crawlers,"• Automatic discovery
• Schema inference
• Classifiers
• Partition discovery","AWS Glue crawlers inspect configured data sources, use classifiers to infer structure and create or update table metadata in the Glue Data Catalog. They automate schema and partition discovery so downstream ETL and query tools can find and interpret datasets. A crawler detects metadata rather than cleaning records, validating business accuracy or automatically repairing transformation code affected by schema changes.","AWS Glue crawler quét các nguồn được cấu hình, sử dụng classifier để suy luận cấu trúc và tạo hoặc cập nhật metadata bảng trong Glue Data Catalog. Crawler tự động khám phá schema, partition để công cụ ETL và truy vấn downstream tìm, diễn giải được dataset. Crawler phát hiện metadata, không làm sạch bản ghi, xác nhận tính đúng đắn theo nghiệp vụ hay tự sửa mã biến đổi bị ảnh hưởng khi schema thay đổi.","Tự quét nguồn được cấu hình, suy luận schema và tạo/cập nhật metadata trong Data Catalog. Giảm thao tác khai báo thủ công; phát hiện partition và thay đổi cấu trúc khi chạy.","Chọn data source, role và classifier; chạy crawler theo lịch/on demand; kiểm tra bảng và schema suy luận. Cấu hình cách xử lý schema change và grouping table.",Dữ liệu mới hoặc schema thay đổi cần catalog cho Athena/Glue; nhiều prefix hoặc định dạng cần được khám phá.,"Nguồn thêm trường device_type; crawler phát hiện thay đổi, nhóm kỹ thuật kiểm tra ETL để không gây lỗi kiểu dữ liệu.","Inference có thể sai hoặc gom bảng không như mong muốn. Crawler không xác nhận accuracy, loại outlier hay xử lý schema drift thay code; không cần crawl lại toàn bộ nếu chiến lược partition khác phù hợp hơn.",Tính năng,Domain 1,1.1,Catalog,Skill Builder,"https://skillbuilder.aws/learn/EZ5E7MDBFM/aws-ml-engineer-associate--collect-ingest-and-store-data/SYGN3UF5BT
https://docs.aws.amazon.com/glue/latest/dg/catalog-and-crawler.html",14/09/2026
AWS Glue DataBrew,"• Visual data preparation
• No-code recipes
• Data profiling
• Reusable transformations","AWS Glue DataBrew is a visual data preparation tool that lets users profile datasets and define reusable transformation recipes without writing the equivalent transformation code themselves. Recipes can clean, normalize, combine or derive fields and run as jobs to produce prepared datasets. It supports analyst-led preparation while still requiring correct treatment of missing values, data leakage and transformation consistency.","AWS Glue DataBrew là công cụ chuẩn bị dữ liệu trực quan, cho phép phân tích đặc điểm dataset và định nghĩa recipe biến đổi tái sử dụng mà không phải tự viết mã cho những thao tác tương ứng. Recipe có thể làm sạch, chuẩn hóa, kết hợp hoặc tạo trường mới, rồi chạy dưới dạng job để xuất dataset đã chuẩn bị. Công cụ hỗ trợ analyst thao tác dữ liệu nhưng vẫn cần xử lý đúng giá trị thiếu, data leakage và tính nhất quán của phép biến đổi.","Chuẩn bị dữ liệu bằng giao diện trực quan: làm sạch, chuẩn hóa, encode và xử lý giá trị thiếu theo recipe. Profiling giúp hiểu chất lượng trước khi áp dụng; recipe có thể tái sử dụng trong job.

Recipes có thể kết hợp chuẩn hóa tên cột/kiểu dữ liệu, derived features và các thao tác chuẩn bị ML như split, shuffle, bucketing, scaling theo hỗ trợ. Cũng có transformations cho masking/redaction; cần kiểm tra kết quả.","Chọn dataset, khám phá/profile, xây chuỗi bước biến đổi, chạy recipe job để ghi kết quả. Ghi rõ cấu hình và dữ liệu đầu vào để tái lập.","Analyst cần chuẩn bị dữ liệu với ít code, muốn lặp lại cùng quy trình làm sạch trên batch mới; nhiều thao tác biến đổi tiêu chuẩn.

Trong module Validate Data: profile distributions và missing values để khám phá lỗi rồi clean/normalize bằng các bước dựng sẵn. Phân biệt với Data Quality dùng rule kiểm tra liên tục trong pipeline.","Recipe chuẩn hóa tên cột, loại khoảng trắng, định dạng ngày và che dữ liệu nhạy cảm; job ghi bộ dữ liệu đã xử lý vào S3.","DataBrew khác Glue Studio: một bên thiên về recipe chuẩn bị dữ liệu, bên kia thiết kế ETL job. No-code không loại bỏ yêu cầu hiểu leakage, chất lượng dữ liệu, chi phí và quyền nguồn/đích.",Tính năng,Domain 1,1.2,Chuẩn bị dữ liệu,Skill Builder,"https://skillbuilder.aws/learn/EZ5E7MDBFM/aws-ml-engineer-associate--collect-ingest-and-store-data/SYGN3UF5BT
https://aws.amazon.com/glue/features/databrew/
https://skillbuilder.aws/learn/3AHUUNMH2X/aws-ml-engineer-associate--data-transformation-and-feature-engineering/H2K74ZEHBM
https://skillbuilder.aws/learn/W9E1MCC15B/aws-ml-engineer-associate--validate-data-and-prepare-for-modeling/815QR5D1ZA",14/09/2026
AWS Glue Data Quality,"• Data quality rules
• DQDL
• Rule evaluation
• Quality monitoring","AWS Glue Data Quality evaluates datasets against explicit quality rules, expressed in rulesets such as DQDL, and produces pass/fail results and quality metrics. It can check properties such as completeness, uniqueness and valid values in supported Catalog or ETL workflows. These results can drive alerts, quarantine or pipeline gates, but passing the configured rules does not prove that a dataset is entirely correct or representative.","AWS Glue Data Quality đánh giá dataset theo các quy tắc chất lượng được khai báo trong ruleset, chẳng hạn bằng DQDL, và tạo kết quả đạt/không đạt cùng metric chất lượng. Dịch vụ có thể kiểm tra mức đầy đủ, tính duy nhất và giá trị hợp lệ trong các workflow Catalog hoặc ETL được hỗ trợ. Kết quả có thể dùng để cảnh báo, cách ly dữ liệu hoặc chặn pipeline, nhưng vượt qua các rule đã cấu hình không chứng minh dataset hoàn toàn đúng hay đại diện.","Định nghĩa và đánh giá quy tắc chất lượng dữ liệu, như completeness, uniqueness hoặc giá trị/kiểu hợp lệ. Giúp phát hiện dữ liệu lỗi trước khi đến training và theo dõi biến động chất lượng.

Serverless, rule-based checks ở Data Catalog hoặc Glue ETL; có khả năng gợi ý rule và tích hợp CloudWatch/EventBridge để theo dõi. Gợi ý rule tự động hỗ trợ đường Data Catalog; không mặc định tính năng giống nhau ở hai đường.","Dùng ruleset/DQDL trên dataset hoặc ETL flow, xem kết quả pass/fail và metric. Pipeline quyết định chặn, cách ly hoặc tiếp tục dựa trên kết quả phù hợp mức nghiêm trọng.",Kiểm tra tính toàn vẹn dữ liệu ingest/merge; đặt tiêu chí chấp nhận dữ liệu có thể chạy tự động và lặp lại.,"Yêu cầu customer_id không null, event_id duy nhất, amount không âm; batch sai bị chuyển vùng quarantine để điều tra.","Pass các rule đã viết không chứng minh dữ liệu hoàn toàn đúng hoặc đại diện. Rule phải phản ánh bài toán; không tự sửa mọi lỗi và không thay thế phân tích bias/EDA.

DQ score là tỷ lệ rule pass, không phải tỷ lệ record chắc chắn đúng. Rule recommendation và chi tiết row-level phụ thuộc entry point; docs phân biệt rõ Catalog và ETL. Lưu kết quả và cấu hình fail/quarantine trước training.",Tính năng,Domain 1,1.3,Chất lượng dữ liệu,Skill Builder,"https://aws.amazon.com/glue/features/data-quality/
https://skillbuilder.aws/learn/3AHUUNMH2X/aws-ml-engineer-associate--data-transformation-and-feature-engineering/H2K74ZEHBM
https://skillbuilder.aws/learn/W9E1MCC15B/aws-ml-engineer-associate--validate-data-and-prepare-for-modeling/815QR5D1ZA
https://docs.aws.amazon.com/glue/latest/dg/glue-data-quality.html",14/09/2026
Amazon EMR,"• Distributed big data
• Spark / Hadoop
• Fine-grained control
• Scalable processing","Amazon EMR is a managed platform for running big-data frameworks such as Apache Spark and Hadoop to process and analyze large datasets. It distributes ETL, joins and aggregations across computing resources, supporting complex feature preparation and existing framework-based applications. Deployment options provide different levels of infrastructure control, from configurable clusters to supported serverless execution, so the operational model depends on the chosen EMR option.","Amazon EMR là nền tảng được quản lý để chạy các framework dữ liệu lớn như Apache Spark, Hadoop nhằm xử lý và phân tích dataset lớn. Dịch vụ phân phối ETL, join và aggregation trên nhiều tài nguyên tính toán, hỗ trợ chuẩn bị feature phức tạp và ứng dụng framework hiện có. Các lựa chọn triển khai cung cấp mức kiểm soát hạ tầng khác nhau, từ cluster có thể cấu hình đến thực thi serverless được hỗ trợ; cách vận hành phụ thuộc lựa chọn EMR.","Chạy các framework big data để ETL và phân tích dữ liệu lớn, tận dụng code/hệ sinh thái hiện có. EMR trên EC2 cho phép kiểm soát node/runtime; EMR Serverless giảm quản lý cluster trong phạm vi framework hỗ trợ.","Phân phối dữ liệu và tác vụ qua worker, thực hiện transform/join/aggregation rồi ghi output như S3. Chọn deployment mode, runtime, tài nguyên và scaling theo job.","Workload Spark/Hadoop phức tạp, cần tuning sâu hoặc dùng framework hiện có; distributed merging và feature computation quy mô lớn.",Spark trên EMR tổng hợp log và bảng giao dịch theo entity; partition/repartition để giảm skew và ghi dữ liệu feature vào S3.,"EMR không chỉ có cluster tự cấu hình: có Serverless và lựa chọn khác. Dataset lớn chưa đủ lý do chọn EMR; cần cân nhắc logic, runtime, đội vận hành, concurrency và chi phí.",Dịch vụ,Domain 1,1.1,Truy vấn và ETL,Skill Builder,"https://skillbuilder.aws/learn/EZ5E7MDBFM/aws-ml-engineer-associate--collect-ingest-and-store-data/SYGN3UF5BT
https://aws.amazon.com/emr/
https://docs.aws.amazon.com/emr/latest/EMR-Serverless-UserGuide/emr-serverless.html
https://skillbuilder.aws/learn/3AHUUNMH2X/aws-ml-engineer-associate--data-transformation-and-feature-engineering/H2K74ZEHBM",14/09/2026
AWS DataSync,"• Managed data transfer
• Online migration
• Verification
• Encryption
• Scheduling","AWS DataSync is a managed data-transfer service that moves data between supported on-premises, cloud and AWS storage locations over a network. Users configure source and destination locations and transfer tasks, with an agent where the source requires one. It automates transfer operations, integrity checking and error handling, making repeated file or object transfers easier than maintaining custom copying scripts.","AWS DataSync là dịch vụ truyền dữ liệu được quản lý, chuyển dữ liệu qua mạng giữa các vị trí lưu trữ tại chỗ, trên cloud và AWS được hỗ trợ. Người dùng cấu hình location nguồn, đích và transfer task; triển khai agent nếu loại nguồn yêu cầu. Dịch vụ tự động hóa việc truyền, kiểm tra toàn vẹn và xử lý lỗi, giúp thực hiện các đợt chuyển tệp hoặc object lặp lại thuận tiện hơn so với duy trì script sao chép riêng.","Tự động chuyển dữ liệu qua mạng, hỗ trợ kiểm tra toàn vẹn, mã hóa và xử lý lỗi/retry theo task. Giảm công viết script cho việc chuyển nhiều file/object và đồng bộ định kỳ.","Cấu hình source/destination location và task; triển khai agent nếu loại nguồn yêu cầu. Chạy task, kiểm tra transfer log/verification và quyền hai phía; hỗ trợ các đích S3/EFS/FSx phù hợp.",Network-based migration từ on-premises/NAS vào AWS hoặc chuyển giữa storage được hỗ trợ; recurring transfers và nạp dataset ban đầu.,Chuyển kho ảnh từ NFS nội bộ lên S3 ban đêm; kiểm tra task result rồi mới cho pipeline xử lý dataset mới.,"DataSync chuyển dữ liệu, không thực hiện feature engineering. Tốc độ bị giới hạn bởi nguồn/đích/mạng; không tự vượt băng thông vật lý. Khác DMS chuyên database replication và Snow dùng vận chuyển thiết bị.",Dịch vụ,Domain 1,1.1,Chuyển dữ liệu,Bổ sung Domain 1,https://aws.amazon.com/datasync/,14/09/2026
AWS Database Migration Service (DMS),"• Database migration
• Full load
• Change data capture (CDC)
• Ongoing replication","AWS Database Migration Service (AWS DMS) migrates and replicates data between supported database endpoints. A task can perform an initial full load, capture ongoing changes through CDC, or combine both so a target remains updated after the first copy. It is useful for feeding analytical or ML data stores from operational databases, provided source logs, permissions and schema mappings are configured correctly.","AWS Database Migration Service (AWS DMS) di chuyển và sao chép dữ liệu giữa các database endpoint được hỗ trợ. Task có thể nạp toàn bộ dữ liệu ban đầu, thu nhận thay đổi liên tục bằng CDC hoặc kết hợp cả hai để đích tiếp tục được cập nhật sau lần sao chép đầu. Dịch vụ hữu ích khi đưa dữ liệu từ database vận hành sang kho phân tích hoặc ML, với điều kiện transaction log nguồn, quyền truy cập và ánh xạ schema được cấu hình đúng.","Di chuyển dữ liệu database được hỗ trợ và tiếp tục sao chép thay đổi qua CDC. Giảm nhu cầu trích xuất toàn bộ lại, giúp data lake nhận thay đổi mới sau lần nạp ban đầu.","Cấu hình source/target endpoint, replication và task; chọn full load, CDC hoặc kết hợp. Cần quyền/transaction logs/schema mapping đúng; theo dõi replication latency và lỗi bảng.","Database source được hỗ trợ cần di chuyển một lần hoặc đồng bộ liên tục ra target phù hợp, gồm S3 theo cấu hình.",Full load PostgreSQL vào S3 rồi áp dụng CDC; Glue chuẩn hóa các change record thành snapshot/bảng feature phục vụ training.,DMS không thay engine ETL tổng quát. Source/target và format đầu ra phụ thuộc endpoint; không mặc định xuất SQL/JSON/XML tùy ý. DynamoDB làm target không đồng nghĩa làm source. CDC cần handling update/delete và consistency.,Dịch vụ,Domain 1,1.1,Chuyển dữ liệu,Skill Builder,"https://skillbuilder.aws/learn/EZ5E7MDBFM/aws-ml-engineer-associate--collect-ingest-and-store-data/SYGN3UF5BT
https://aws.amazon.com/dms/
https://docs.aws.amazon.com/dms/latest/userguide/CHAP_Introduction.Sources.html",14/09/2026
AWS Storage Gateway,"• Hybrid storage
• Local access / cache
• AWS-backed storage
• File / volume / tape","AWS Storage Gateway is a hybrid storage service that connects on-premises applications to AWS storage through supported file, volume or virtual-tape interfaces. A deployed gateway provides the interface and, depending on its type, local caching or buffering while data is stored or backed up in AWS. It suits existing applications that need cloud-backed storage without immediately replacing their familiar storage protocols.","AWS Storage Gateway là dịch vụ lưu trữ hybrid kết nối ứng dụng tại chỗ với storage AWS qua các giao diện tệp, volume hoặc băng từ ảo được hỗ trợ. Gateway triển khai tại môi trường ứng dụng cung cấp giao diện và, tùy loại, bộ nhớ đệm hoặc vùng đệm cục bộ trong khi dữ liệu được lưu hay sao lưu vào AWS. Dịch vụ phù hợp với ứng dụng hiện có cần lưu trữ dựa trên cloud mà chưa thay ngay giao thức lưu trữ quen thuộc.","Kết nối ứng dụng tại chỗ với storage AWS qua giao diện phù hợp loại gateway. Cache cục bộ có thể giúp ứng dụng truy cập dữ liệu đang dùng, trong khi dữ liệu được lưu hoặc sao lưu vào AWS.","Chọn File, Volume hoặc Tape Gateway theo giao thức và mục tiêu; triển khai gateway, cấp cache/network và quản lý đồng bộ đến dịch vụ đích.",Ứng dụng legacy vẫn chạy on-premises nhưng cần storage/backup trên AWS; muốn thay đổi cách lưu mà giữ giao diện ứng dụng quen thuộc.,Ứng dụng ghi file vào gateway được cấu hình S3; pipeline ML xử lý dữ liệu khi đã được lưu/đồng bộ đúng vào bucket.,"Khác DataSync là task chuyển dữ liệu; Gateway phục vụ giao diện hybrid đang hoạt động. Cache không phải toàn bộ bản sao bền vững; cần hiểu write path, consistency, failure và phiên bản/gateway còn được hỗ trợ.",Dịch vụ,Domain 1,1.1,Chuyển dữ liệu,Bổ sung Domain 1,https://aws.amazon.com/storagegateway/,14/09/2026
Amazon S3 Transfer Acceleration,"• Edge locations
• Long-distance transfer
• S3 acceleration endpoint
• Network optimization","Amazon S3 Transfer Acceleration is an S3 feature that routes eligible bucket transfers through AWS edge locations and the AWS network using an accelerated endpoint. It can improve transfers over long geographic distances when the network path is a bottleneck, while applications still upload or download S3 objects. Its benefit should be measured for the actual client location, object sizes and transfer costs.","Amazon S3 Transfer Acceleration là tính năng S3 định tuyến hoạt động truyền dữ liệu của bucket đủ điều kiện qua AWS edge location và mạng AWS bằng accelerate endpoint. Tính năng có thể cải thiện tốc độ truyền khoảng cách địa lý xa khi đường mạng là điểm nghẽn, trong khi ứng dụng vẫn upload hoặc download object S3. Lợi ích cần được đo với vị trí client, kích thước object và chi phí truyền thực tế.","Tối ưu đường truyền dữ liệu đến/đi từ S3 qua edge location và mạng AWS, có thể cải thiện upload lớn từ nơi xa bucket. Hữu ích khi khoảng cách/đường Internet là nút thắt.",Bật Transfer Acceleration trên bucket đủ điều kiện và dùng accelerate endpoint; đo với workload/địa điểm thực tế trước khi triển khai rộng.,Người dùng hoặc nguồn ở nhiều khu vực cần chuyển object lớn lên một S3 bucket; khoảng cách làm upload chậm.,Nguồn thu thập dữ liệu ở xa Region đích đo thời gian upload bằng endpoint thường và accelerate rồi chọn phương án phù hợp.,"Không làm tăng băng thông đường truyền của nguồn. Có chi phí bổ sung và điều kiện bucket; không mặc định nhanh hơn mọi đường truyền, đặc biệt nguồn gần Region. Khác DataSync là công cụ quản lý transfer task.",Tính năng,Domain 1,1.1,Chuyển dữ liệu,Bổ sung Domain 1,https://docs.aws.amazon.com/AmazonS3/latest/userguide/transfer-acceleration.html,14/09/2026
Amazon S3 Batch Operations,"• Large-scale object actions
• Manifest
• Job tracking
• Completion report","Amazon S3 Batch Operations is a managed facility for applying a supported action to a large, explicitly selected set of S3 objects. A job uses a manifest to identify objects, an IAM role to authorize the action and a completion report to record results. It simplifies bulk operations such as copying, tagging or invoking Lambda for each object, rather than performing ML batch inference.","Amazon S3 Batch Operations là khả năng quản lý job áp dụng một hành động được hỗ trợ lên tập object S3 lớn đã được chọn rõ ràng. Job dùng manifest để xác định object, IAM role để cấp quyền thực hiện và completion report để ghi nhận kết quả. Tính năng giúp đơn giản hóa thao tác hàng loạt như copy, gắn tag hoặc gọi Lambda cho từng object; đây không phải cơ chế batch inference của ML.","Thực hiện cùng hành động lên rất nhiều object bằng một job được quản lý, có theo dõi tiến độ và báo cáo kết quả. Phù hợp tagging, copy hoặc gọi Lambda cho từng object được liệt kê.","Cung cấp manifest, chọn operation và IAM role, chạy job và kiểm tra completion report. Tập object chính xác trong manifest quyết định phạm vi thao tác.","Xử lý hàng loạt corpus S3: bổ sung tag, copy object hoặc kích hoạt bước preprocessing trên lượng lớn file.",Manifest liệt kê ảnh thiếu metadata; Batch Operations gọi Lambda để đọc thuộc tính và ghi kết quả vào vùng xử lý đã định.,"Không phải engine join/ETL phân tán. Cần chọn đúng object/version, quyền, retry và idempotency; các operation có giới hạn riêng. Không áp job lên toàn bucket chỉ vì ví dụ dùng “millions of objects”.",Tính năng,Domain 1,1.1,Chuyển dữ liệu,Skill Builder,"https://skillbuilder.aws/learn/EZ5E7MDBFM/aws-ml-engineer-associate--collect-ingest-and-store-data/SYGN3UF5BT
https://docs.aws.amazon.com/AmazonS3/latest/userguide/batch-ops.html",14/09/2026
AWS Lambda,"• Serverless compute
• Event-driven
• No server management
• Flexible triggers","AWS Lambda is a serverless compute service that runs function code in response to events, schedules or API requests without requiring users to manage servers. Functions can extract, validate or transform small inputs and coordinate other services, with execution resources and concurrency governed by configuration and quotas. It is suited to short, event-driven pipeline steps rather than arbitrary long-running data-processing jobs.","AWS Lambda là dịch vụ tính toán serverless chạy mã function khi có sự kiện, lịch hoặc request API mà người dùng không quản lý máy chủ. Function có thể trích xuất, kiểm tra, biến đổi đầu vào nhỏ và phối hợp các dịch vụ khác; tài nguyên thực thi, concurrency chịu sự chi phối của cấu hình và quota. Lambda phù hợp với các bước pipeline ngắn theo sự kiện, thay vì mọi job xử lý dữ liệu kéo dài.","Chạy code theo event/lịch mà không quản lý server; phù hợp bước glue logic, extraction nhỏ và preprocessing ngắn. Tự mở rộng thực thi trong giới hạn concurrency và service quota.","S3 event, EventBridge, API Gateway hoặc stream mapping kích hoạt function; code dùng SDK/driver truy cập nguồn, xử lý và ghi output. Đặt role, timeout, memory, network và retry phù hợp.","Small, frequent extractions; validation file mới, chuyển format nhỏ, gọi inference/Feature Store sau sự kiện; hỗ trợ pipeline audio/video vừa giới hạn.","File ảnh mới lên S3 kích hoạt Lambda kiểm tra định dạng/kích thước và tạo metadata; file lỗi vào quarantine, file hợp lệ chờ batch xử lý.",Không dùng cho job dài/quá RAM chỉ vì serverless. Retry có thể gây lặp; viết idempotent. Lambda không mount trực tiếp mọi loại FSx; cần kiểm tra cách truy cập được hỗ trợ. EFS integration khác EBS volume management.,Dịch vụ,Domain 1,1.2,Xử lý dữ liệu,Skill Builder,"https://skillbuilder.aws/learn/EZ5E7MDBFM/aws-ml-engineer-associate--collect-ingest-and-store-data/SYGN3UF5BT
https://aws.amazon.com/lambda/
https://skillbuilder.aws/learn/3AHUUNMH2X/aws-ml-engineer-associate--data-transformation-and-feature-engineering/H2K74ZEHBM",14/09/2026
Amazon SageMaker Data Wrangler,"• Visual ML data preparation
• Data analysis
• Transformations
• Feature engineering
• Export flow","Amazon SageMaker Data Wrangler is a visual ML data preparation capability for importing, exploring, combining and transforming datasets in a reusable flow. Users inspect data profiles and apply cleaning or feature transformations, then export prepared data or reuse the flow in a processing workflow. Its role is to prepare consistent model inputs, including preserving training-fitted transformation behavior for validation and inference.","Amazon SageMaker Data Wrangler là khả năng chuẩn bị dữ liệu ML trực quan để nhập, khám phá, kết hợp và biến đổi dataset trong một flow có thể tái sử dụng. Người dùng xem profile dữ liệu, áp dụng thao tác làm sạch hoặc biến đổi feature, rồi xuất dữ liệu đã chuẩn bị hay dùng lại flow trong workflow xử lý. Vai trò của công cụ là chuẩn bị đầu vào model nhất quán, bao gồm giữ đúng phép biến đổi đã học trên train khi áp dụng cho validation và inference.","Kết hợp khám phá, kiểm tra chất lượng và biến đổi dữ liệu cho ML trong một flow. Giúp tạo feature và thử biến đổi trực quan, rồi xuất/chạy quy trình tái sử dụng trong pipeline.","Trong SageMaker Canvas: import nguồn được hỗ trợ → xem profile/thống kê → filter/clean/transform/combine → tạo feature → xuất dataset hoặc flow tái sử dụng. Quản lý phiên bản và áp dụng cùng logic, thống kê đã học từ train cho dữ liệu giữ riêng và inference.","Data scientist muốn chuẩn bị feature với ít code, kiểm tra các lựa chọn encoding/scaling và hiểu dữ liệu trước training.

Tìm missing/outliers và hiểu phân phối khi chuẩn bị modeling; mọi thống kê imputation/scaling học từ train cần được giữ và áp dụng nhất quán cho tập giữ riêng, tránh leakage.","Flow impute giá trị thiếu, encode danh mục và scale số; fit thống kê trên train rồi áp dụng cho validation/test theo pipeline tương ứng.",Không fit transform học thống kê trên toàn dataset trước split. Vị trí giao diện/tích hợp Data Wrangler có thể thay đổi theo phiên bản SageMaker/Canvas; không nhầm với Feature Store là nơi lưu feature.,Tính năng,Domain 1,1.2,Chuẩn bị dữ liệu,Skill Builder,"https://docs.aws.amazon.com/sagemaker/latest/dg/data-wrangler.html
https://skillbuilder.aws/learn/3AHUUNMH2X/aws-ml-engineer-associate--data-transformation-and-feature-engineering/H2K74ZEHBM
https://skillbuilder.aws/learn/W9E1MCC15B/aws-ml-engineer-associate--validate-data-and-prepare-for-modeling/815QR5D1ZA",14/09/2026
Amazon SageMaker Processing,"• Managed processing jobs
• Custom containers / scripts
• Preprocessing
• Input / output in S3","Amazon SageMaker Processing runs data preparation, feature engineering and evaluation code as managed processing jobs. A job specifies its container or supported framework, input and output locations, and computing resources; it executes the code and saves the resulting artifacts. It provides a reproducible execution environment and can use multiple instances when the application supports distributed processing, rather than automatically parallelizing any script.","Amazon SageMaker Processing chạy mã chuẩn bị dữ liệu, tạo feature và đánh giá dưới dạng processing job được quản lý. Job khai báo container hoặc framework được hỗ trợ, vị trí input/output và tài nguyên tính toán; dịch vụ thực thi mã rồi lưu các artifact kết quả. Processing cung cấp môi trường thực thi có thể tái lập và dùng nhiều instance khi ứng dụng hỗ trợ xử lý phân tán, không tự song song hóa mọi script.","Chạy preprocessing, feature engineering và đánh giá dữ liệu trên compute được quản lý. Hỗ trợ code/framework hoặc container tùy chỉnh để tái lập môi trường xử lý.","Chỉ định image/script, input, output và tài nguyên; job tải/đọc dữ liệu, chạy xử lý và lưu kết quả. Có thể dùng nhiều instance nếu code hỗ trợ phân phối.","Preprocessing cần thư viện riêng, image/audio/video processing hoặc job dài/lớn hơn function ngắn; tích hợp bước chuẩn bị vào workflow ML.","Processing job resize ảnh theo yêu cầu model, ghi manifest mới và dataset đã chuẩn hóa vào S3, giữ nguyên bộ dữ liệu gốc để audit.",Processing không tự phân tán mọi script; cần thiết kế logic và shard input đúng. Không phải Training job hoặc inference endpoint; cấu hình tài nguyên và input mode ảnh hưởng thời gian/chi phí.,Tính năng,Domain 1,1.2,Chuẩn bị dữ liệu,Bổ sung Domain 1,https://docs.aws.amazon.com/sagemaker/latest/dg/processing-job.html,14/09/2026
Amazon SageMaker Feature Store,"• Centralized features
• Online / offline stores
• Low-latency retrieval
• Feature reuse
• Training-serving consistency","Amazon SageMaker Feature Store is a managed repository that organizes reusable ML features into feature groups with defined schemas, record identifiers and event times. Its online store serves current feature values for low-latency inference, while the offline store preserves historical records on S3 for training and analysis. It supports sharing standardized features and reducing training-serving inconsistencies when pipelines use consistent feature logic.","Amazon SageMaker Feature Store là kho feature ML được quản lý, tổ chức những feature tái sử dụng thành feature group có schema, định danh bản ghi và event time rõ ràng. Online store phục vụ giá trị feature hiện tại cho inference độ trễ thấp, còn offline store giữ lịch sử bản ghi trên S3 để training và phân tích. Dịch vụ hỗ trợ chia sẻ feature có định nghĩa chuẩn và giảm khác biệt giữa training–serving khi các pipeline sử dụng cùng logic tạo feature.","Lưu feature đã xử lý để tái sử dụng giữa nhóm/workflow.

Online store phục vụ giá trị mới nhất với latency thấp.

Offline store giữ lịch sử trên S3 cho training.

Dùng cùng feature logic giúp giảm training-serving skew.

Centralized repository + standardized features: giảm việc mỗi team tính cùng feature theo định nghĩa khác nhau. Feature Processing có thể tự động hóa tác vụ biến đổi/nạp định kỳ khi bạn định nghĩa nguồn, hàm và đích; giúp quản lý pipeline và lineage.","Tạo feature group có schema, record identifier và event time. PutRecord ghi dữ liệu; Spark connector hỗ trợ batch, Flink hỗ trợ tính feature stream rồi ghi qua API. GetRecord/BatchGetRecord đọc online; Athena/Parquet đọc offline.",Feature cần dùng trong cả training và inference; lưu lịch sử theo thời điểm; tránh mỗi team tính cùng feature theo logic khác nhau.,Kinesis → Flink tính số sự kiện 5 phút → PutRecord. Model đọc latest feature online; lần training sau truy vấn offline với điều kiện thời gian đúng.,"Feature Store lưu/serve feature, không tự tạo mọi feature. Offline cập nhật bất đồng bộ; point-in-time correctness cần truy vấn đúng và xử lý dữ liệu đến muộn. Latest online không thay lịch sử. Schema, key, event time và code transform phải được quản lý.

Phân biệt core store với Feature Processing. Cụm “batch transformation job” trong bài không chỉ SageMaker Batch Transform inference; xem mục Feature Processing và P28 để hiểu đúng chuỗi tạo feature.",Tính năng,Domain 1,1.2,Feature Store,Skill Builder,"https://skillbuilder.aws/learn/EZ5E7MDBFM/aws-ml-engineer-associate--collect-ingest-and-store-data/SYGN3UF5BT
https://docs.aws.amazon.com/sagemaker/latest/dg/feature-store.html
https://skillbuilder.aws/learn/3AHUUNMH2X/aws-ml-engineer-associate--data-transformation-and-feature-engineering/H2K74ZEHBM
https://docs.aws.amazon.com/sagemaker/latest/dg/feature-store-feature-processing.html",14/09/2026
Amazon SageMaker Ground Truth,"• Data labeling
• Human annotation
• Built-in task types
• Labeling workflow","Amazon SageMaker Ground Truth coordinates data-labeling workflows for supported data types and annotation tasks. Users supply source data, label definitions, instructions and a workforce, then collect and consolidate annotations into labeled datasets. Quality controls and supported automated-labeling features help scale annotation work, but label correctness and representative coverage still depend on task design, worker guidance and review.","Amazon SageMaker Ground Truth điều phối workflow gán nhãn cho các loại dữ liệu và tác vụ annotation được hỗ trợ. Người dùng cung cấp dữ liệu nguồn, định nghĩa nhãn, hướng dẫn và workforce, sau đó thu thập, hợp nhất annotation thành dataset có nhãn. Kiểm soát chất lượng và tính năng gán nhãn tự động được hỗ trợ giúp mở rộng công việc, nhưng nhãn đúng và độ bao phủ đại diện vẫn phụ thuộc thiết kế tác vụ, hướng dẫn người gán nhãn và rà soát.","Cung cấp workflow gán nhãn do con người thực hiện cho dữ liệu như ảnh, văn bản hoặc video, tùy loại task. Công cụ annotation giúp tạo nhãn nhất quán để chuẩn bị supervised dataset.

Managed workforce điều phối nhiều người và công việc; consolidation kết hợp annotation thành output cuối. Automated labeling/active learning ở các task hỗ trợ giúp giảm khối lượng phải gán tay, đổi lại có chi phí train/inference.","Chọn input manifest và task, định nghĩa nhãn/hướng dẫn, workforce và output. Kiểm tra chất lượng nhãn, sự đồng thuận và trường hợp khó trước khi đưa vào training.

Chuỗi bài học: S3 inputs + task template/guidelines → chọn workforce và số workers/item → thu nhãn + consolidation/QA → labeled dataset về S3. Workforce: public cho tác vụ công khai, private khi cần giới hạn người xem, vendor khi cần đội chuyên môn được quản lý.","Chuẩn bị classification labels, bounding boxes, segmentation masks hoặc video tracking annotations; dữ liệu chưa có nhãn đáng tin.",Nhóm annotator gán bounding boxes cho đồ vật; kiểm tra mẫu các nhãn và ghi phiên bản manifest trước khi huấn luyện detector.,"Nhãn do người tạo vẫn có thể sai/bias. Cần hướng dẫn và QA, không coi labeling là bảo đảm ground truth tuyệt đối. Trạng thái đối chiếu 14/09/2026: Ground Truth không nhận khách hàng mới; khách hàng hiện có có thể tiếp tục dùng. Giữ kiến thức bài học để ôn thi và phân biệt với khả năng mở dịch vụ khi thực hành.

Tài liệu workforce hiện hành nêu Amazon Mechanical Turk sẽ đóng vĩnh viễn 30/09/2026. Đây là thông tin triển khai tại ngày đối chiếu 14/09/2026; vẫn giữ nguyên tắc lựa chọn public/private/vendor trong bài ôn tập.",Tính năng,Domain 1,1.2,Gán nhãn,Skill Builder,"https://docs.aws.amazon.com/sagemaker/latest/dg/sms.html
https://docs.aws.amazon.com/general/latest/gr/maintenance_services.html
https://skillbuilder.aws/learn/W9E1MCC15B/aws-ml-engineer-associate--validate-data-and-prepare-for-modeling/815QR5D1ZA
https://docs.aws.amazon.com/sagemaker/latest/dg/sms-automated-labeling.html
https://docs.aws.amazon.com/sagemaker/latest/dg/sms-workforce-management.html",14/09/2026
Amazon SageMaker Clarify,"• Bias detection
• Pre-training bias metrics
• Facets
• Explainability","Amazon SageMaker Clarify provides tools for assessing data and model bias and explaining model predictions. Users specify protected or relevant facets, labels and analysis settings, then review calculated metrics and explanations. Before training, it helps identify representation and label-rate differences between groups; after training, supported analyses examine predictions and feature contributions. Findings require interpretation and mitigation decisions appropriate to the application.","Amazon SageMaker Clarify cung cấp công cụ đánh giá bias trong dữ liệu, mô hình và giải thích dự đoán. Người dùng chỉ định các facet/nhóm cần quan tâm, nhãn và cấu hình phân tích, rồi xem metric cùng kết quả giải thích. Trước training, Clarify giúp nhận diện khác biệt về mức đại diện và tỷ lệ nhãn giữa các nhóm; sau training, các phân tích được hỗ trợ xem xét dự đoán và đóng góp feature. Kết quả cần được diễn giải và xử lý phù hợp ứng dụng.","Phân tích bias trước/sau training và giải thích dự đoán theo chức năng được hỗ trợ. Trong Domain 1, trọng tâm là phát hiện mất cân bằng nhóm và khác biệt nhãn trong dữ liệu trước khi train.","Chọn facet/nhóm, label và cấu hình metric; chạy phân tích và xem báo cáo. CI đo chênh lệch quy mô các facet; DPL đo chênh lệch tỷ lệ nhãn dương giữa chúng. Sau phân tích cần quyết định xử lý theo bài toán.

Module nhấn mạnh sign + magnitude: CI đo representation theo facet, DPL đo positive-label rates. Pre-training bias analysis là cần thiết nhưng chưa đủ; khi đã có model phải kiểm tra thêm predictions, thuộc phần modeling/evaluation tiếp theo.",Đánh giá tập dữ liệu có đại diện đủ các nhóm và xem phân bố nhãn có chênh lệch cần điều tra; hỗ trợ đánh giá công bằng trước xây mô hình.,"Hai nhóm có số bản ghi rất khác nhau → xem CI; tỷ lệ nhãn dương khác nhau → xem DPL, chất lượng nhãn và bối cảnh tạo dữ liệu.",Bias metric không tự kết luận nguyên nhân hoặc mức công bằng chấp nhận được. CI theo facet khác imbalance của target class. Trạng thái đối chiếu 14/09/2026: Clarify không nhận khách hàng mới; khách hàng hiện có có thể tiếp tục dùng. Vẫn giữ các khái niệm và công thức trong phạm vi ôn tập.,Tính năng,Domain 1,1.3,Bias,Skill Builder,"https://docs.aws.amazon.com/sagemaker/latest/dg/clarify-measure-data-bias.html
https://docs.aws.amazon.com/sagemaker/latest/dg/clarify-model-explainability.html
https://docs.aws.amazon.com/sagemaker/latest/dg/clarify-availability-change.html
https://skillbuilder.aws/learn/W9E1MCC15B/aws-ml-engineer-associate--validate-data-and-prepare-for-modeling/815QR5D1ZA
https://docs.aws.amazon.com/sagemaker/latest/dg/clarify-bias-metric-class-imbalance.html
https://docs.aws.amazon.com/sagemaker/latest/dg/clarify-data-bias-metric-true-label-imbalance.html",14/09/2026
Amazon Bedrock Knowledge Bases,"• Managed RAG
• Ingestion
• Chunking
• Embedding
• Retrieval / augmentation","Amazon Bedrock Knowledge Bases manages retrieval-augmented generation workflows that connect foundation models to external knowledge. It ingests supported sources, chunks content, creates embeddings and indexes them in a compatible vector store, then retrieves relevant material for queries. Applications can request source chunks or use managed retrieval and generation, reducing orchestration work while retaining responsibility for source quality, permissions and synchronization.","Amazon Bedrock Knowledge Bases quản lý workflow RAG kết nối foundation model với tri thức bên ngoài. Dịch vụ nạp nguồn được hỗ trợ, chia nội dung thành đoạn, tạo embedding và lập chỉ mục trong vector store tương thích, rồi truy xuất tài liệu liên quan khi có câu hỏi. Ứng dụng có thể yêu cầu các đoạn nguồn hoặc dùng luồng retrieval kết hợp generation được quản lý; nhờ đó giảm công điều phối nhưng vẫn chịu trách nhiệm chất lượng nguồn, quyền và đồng bộ dữ liệu.","Quản lý nhiều bước xây RAG: nạp tài liệu, chia đoạn, tạo embedding và lập chỉ mục trên vector store được hỗ trợ. Giảm code orchestration để đưa dữ liệu riêng vào ngữ cảnh trả lời.","Chọn nguồn và embedding model/vector store; đồng bộ dữ liệu, chunk và index. Khi truy vấn, embed câu hỏi, retrieve nội dung phù hợp và đưa vào context cho mô hình sinh.",Muốn RAG được quản lý từ corpus riêng; ingestion/indexing tự động quan trọng hơn tự điều khiển toàn bộ chi tiết của vector pipeline.,"Tài liệu hướng dẫn trên S3 được chia đoạn và index; ứng dụng truy xuất đoạn liên quan, rồi tạo câu trả lời có ngữ cảnh và nguồn.","RAG không đổi trọng số model. Chunking, metadata filter, quyền truy cập và chất lượng corpus vẫn cần thiết kế. Đổi embedding model thường phải re-embed/re-index; giới hạn định dạng/parser/vector store cần kiểm tra theo cấu hình.",Tính năng,Domain 1,1.1,Vector và RAG,Skill Builder,"https://skillbuilder.aws/learn/EZ5E7MDBFM/aws-ml-engineer-associate--collect-ingest-and-store-data/SYGN3UF5BT
https://docs.aws.amazon.com/bedrock/latest/userguide/knowledge-base.html
https://skillbuilder.aws/learn/3AHUUNMH2X/aws-ml-engineer-associate--data-transformation-and-feature-engineering/H2K74ZEHBM",14/09/2026
Amazon Titan Text Embeddings V2,"• Text embeddings
• Configurable dimensions
• Semantic similarity
• 1024 / 512 / 256","Amazon Titan Text Embeddings V2 is a foundation model available through Amazon Bedrock that converts text into numerical vectors representing semantic information. These embeddings support similarity search and retrieval rather than generating conversational answers. It offers supported output dimensionalities to balance retrieval quality and index size, and corpus and query embeddings must use compatible model settings and vector-index dimensions.","Amazon Titan Text Embeddings V2 là foundation model được cung cấp qua Amazon Bedrock, chuyển văn bản thành vector số biểu diễn thông tin ngữ nghĩa. Embedding hỗ trợ tìm kiếm tương đồng và truy xuất, thay vì sinh câu trả lời hội thoại. Model có các lựa chọn số chiều đầu ra được hỗ trợ để cân bằng chất lượng retrieval với kích thước index; embedding của corpus và query phải dùng cấu hình model tương thích, đồng thời khớp số chiều của vector index.",Chuyển văn bản thành vector số phục vụ semantic search và retrieval. Có lựa chọn số chiều để cân đối chất lượng truy xuất với dung lượng index và chi phí xử lý/lưu trữ.,"Gửi text qua Bedrock để tạo embedding; dùng cùng model và cấu hình cho corpus lẫn query. V2 mặc định 1.024 chiều, có cấu hình 512 hoặc 256; index phải khớp số chiều.","Tạo embedding cho câu hỏi, đoạn tài liệu và kho RAG; muốn kiểm soát kích thước vector mà vẫn dùng cùng họ model.","Tạo embedding 512 chiều cho corpus thử nghiệm, cấu hình vector index 512 và đánh giá recall/latency so với 1.024 trước khi chọn.","Đây là Text Embeddings, không mặc định nhận ảnh/audio. Ít chiều hơn không bảo đảm chất lượng giữ nguyên. Không trộn vector từ model/config khác trong cùng không gian tìm kiếm; cần đánh giá và version hóa.",Mô hình,Domain 1,1.1,Vector và RAG,Skill Builder,"https://skillbuilder.aws/learn/EZ5E7MDBFM/aws-ml-engineer-associate--collect-ingest-and-store-data/SYGN3UF5BT
https://docs.aws.amazon.com/bedrock/latest/userguide/titan-embedding-models.html
https://skillbuilder.aws/learn/3AHUUNMH2X/aws-ml-engineer-associate--data-transformation-and-feature-engineering/H2K74ZEHBM",14/09/2026
Amazon Transcribe,"• Speech-to-text
• Batch / streaming transcription
• Audio metadata
• Language settings","Amazon Transcribe is a managed automatic speech recognition service that converts spoken audio into text through supported batch or streaming workflows. It produces transcripts and available timing or confidence metadata for downstream searching, analysis and dataset preparation. In ML pipelines, teams can associate transcripts with the original audio, while validating language support and transcription accuracy before treating the output as training labels.","Amazon Transcribe là dịch vụ nhận dạng giọng nói tự động được quản lý, chuyển lời nói trong audio thành văn bản qua workflow batch hoặc streaming được hỗ trợ. Dịch vụ tạo transcript cùng metadata thời gian hoặc độ tin cậy khả dụng để tìm kiếm, phân tích và chuẩn bị dữ liệu downstream. Trong pipeline ML, nhóm có thể liên kết transcript với audio gốc, đồng thời kiểm tra hỗ trợ ngôn ngữ và độ chính xác trước khi coi đầu ra là nhãn training.","Chuyển lời nói thành văn bản để tìm kiếm, phân tích và tạo dữ liệu audio-text. Hỗ trợ quy trình batch hoặc streaming theo chức năng/ngôn ngữ phù hợp, giảm nhu cầu tự vận hành speech recognizer.","Chuẩn hóa audio theo yêu cầu, cung cấp dữ liệu và cấu hình ngôn ngữ; nhận transcript, thời gian và metadata khả dụng. Lưu transcript cùng sample_id của bản audio.",Audio ingestion cho corpus đa phương thức; ứng dụng xử lý text downstream thay vì raw audio; tạo transcript để gán nhãn hoặc phân tích nội dung.,Audio cuộc họp → S3 → Transcribe → transcript gắn cùng ID với audio; người kiểm tra sửa các đoạn khó trước dùng làm dữ liệu có nhãn.,"Transcription có thể sai vì tiếng ồn, tên riêng hoặc nhiều người nói. Sample rate/codec và tính năng phụ thuộc API; transcript không tự là nhãn sentiment hay bản ghi chính xác tuyệt đối.",Dịch vụ,Domain 1,1.1,Đa phương thức,Skill Builder,"https://skillbuilder.aws/learn/EZ5E7MDBFM/aws-ml-engineer-associate--collect-ingest-and-store-data/SYGN3UF5BT
https://aws.amazon.com/transcribe/",14/09/2026
Amazon Textract,"• OCR
• Text / tables / forms
• Document extraction
• Structured output","Amazon Textract is a managed document-analysis service that extracts printed or handwritten text and supported structures such as forms and tables from documents. Its responses include detected blocks, relationships and confidence information that applications map into usable fields or records. It turns scanned material into machine-processable data, but extracted values and complex layouts still require validation before use in ML datasets.","Amazon Textract là dịch vụ phân tích tài liệu được quản lý, trích xuất chữ in, chữ viết tay và các cấu trúc được hỗ trợ như biểu mẫu, bảng. Phản hồi gồm các block được phát hiện, quan hệ giữa chúng và thông tin độ tin cậy để ứng dụng ánh xạ thành trường hoặc bản ghi sử dụng được. Dịch vụ biến tài liệu scan thành dữ liệu máy có thể xử lý, nhưng giá trị trích xuất và bố cục phức tạp vẫn cần kiểm tra trước khi đưa vào dataset ML.","Trích xuất văn bản và cấu trúc tài liệu như bảng/form theo API hỗ trợ, vượt việc chỉ lưu ảnh/PDF. Giúp biến tài liệu scan thành đầu vào có thể kiểm tra, chuẩn hóa và sử dụng cho ML.","Gửi tài liệu, chọn API phân tích, đọc blocks/relationships/confidence; map kết quả sang schema đích và kiểm tra trường hợp khó. Chọn sync/async theo loại job và giới hạn.","Tài liệu scan, biểu mẫu và bảng cần chuyển thành dữ liệu text/tabular trước ingestion hoặc RAG; dữ liệu không thể đọc chỉ bằng parser text thông thường.","Hóa đơn được trích bảng dòng hàng và trường tổng tiền; pipeline kiểm tra tổng, confidence và định dạng trước ghi dataset.","Không coi OCR là không lỗi. Phải xử lý bố cục, chất lượng scan, confidence và các định dạng được hỗ trợ; Textract khác Transcribe (audio) và không tự đảm bảo schema kinh doanh chính xác.",Dịch vụ,Domain 1,1.1,Đa phương thức,Bổ sung Domain 1,https://aws.amazon.com/textract/,14/09/2026
AWS Lake Formation,"• Data lake governance
• Fine-grained permissions
• Data Catalog integration
• Controlled sharing","AWS Lake Formation provides centralized governance and fine-grained access controls for data lakes and cataloged datasets used by integrated AWS services. Administrators register data locations and grant permissions to the appropriate principals so query and processing services enforce the intended access. It complements IAM, S3 and encryption controls; registering a dataset does not remove the need to configure those underlying security layers.","AWS Lake Formation cung cấp quản trị tập trung và quyền truy cập chi tiết cho data lake, dataset đã lập catalog được các dịch vụ AWS tích hợp sử dụng. Quản trị viên đăng ký vị trí dữ liệu và cấp quyền cho principal phù hợp để dịch vụ truy vấn, xử lý thực thi phạm vi truy cập đã định. Lake Formation bổ trợ IAM, S3 và kiểm soát mã hóa; đăng ký dataset không loại bỏ yêu cầu cấu hình các lớp bảo mật bên dưới.","Quản trị quyền truy cập dữ liệu trong data lake và catalog, hỗ trợ kiểm soát chi tiết qua dịch vụ tích hợp. Giảm phân tán chính sách khi nhiều nhóm dùng chung dataset.",Đăng ký location/catalog và cấu hình quyền theo mô hình Lake Formation; dịch vụ query/ETL tích hợp kiểm tra quyền cùng các lớp IAM/S3/KMS liên quan.,Data lake nhiều nhóm cần chia sẻ dữ liệu có kiểm soát; giới hạn quyền theo bảng/cột và cơ chế hỗ trợ mà không sao chép tràn lan.,Nhóm ML được quyền đọc những cột đã loại định danh; nhóm vận hành giữ quyền quản trị dữ liệu nguồn và catalog.,"Không thay tất cả IAM, S3 bucket policy hoặc KMS key policy. Phải kiểm tra công cụ truy cập có tích hợp quyền hay không; governance không tự anonymize dữ liệu.",Dịch vụ,Domain 1,1.3,Bảo vệ dữ liệu,Bổ sung Domain 1,https://aws.amazon.com/lake-formation/,14/09/2026
AWS KMS,"• Key management
• Encryption at rest
• Key policies
• Audit integration","AWS Key Management Service (AWS KMS) is a managed service for creating and controlling cryptographic keys and authorizing their use by applications and integrated AWS services. Services such as S3 or EBS use configured KMS keys as part of their encryption workflows. Key policies, IAM permissions and grants determine who can use keys, making KMS a control for encryption rather than a general data-access database.","AWS Key Management Service (AWS KMS) là dịch vụ được quản lý để tạo, kiểm soát khóa mật mã và cấp quyền sử dụng khóa cho ứng dụng, dịch vụ AWS tích hợp. Các dịch vụ như S3 hoặc EBS dùng KMS key đã cấu hình trong workflow mã hóa. Key policy, quyền IAM và grant quyết định ai được sử dụng khóa; vì vậy KMS là lớp kiểm soát mã hóa, không phải cơ sở dữ liệu quản lý mọi quyền truy cập nội dung.",Quản lý khóa mật mã và quyền sử dụng khóa cho các dịch vụ AWS tích hợp. Giúp kiểm soát việc mã hóa/giải mã dữ liệu lưu trữ và theo dõi các thao tác liên quan.,"Dịch vụ như S3/EBS dùng cơ chế mã hóa với KMS key theo cấu hình; quyền IAM và key policy phải cho phép role đúng. Quản lý vòng đời khóa, grants và chi phí request phù hợp.","Bảo vệ dataset, volume và artifact ở trạng thái lưu trữ; cần kiểm soát ai được dùng khóa và truy vết thao tác.",S3 chứa dataset dùng SSE-KMS; Glue role cần cả quyền đọc object lẫn quyền giải mã qua khóa liên quan.,KMS không tự cấu hình TLS cho mọi kết nối. Có quyền S3 nhưng thiếu kms:Decrypt vẫn đọc thất bại. Vô hiệu/xóa khóa có thể làm dữ liệu không đọc được; mã hóa không thay access control.,Dịch vụ,Domain 1,1.3,Bảo vệ dữ liệu,Bổ sung Domain 1,https://aws.amazon.com/kms/,14/09/2026
AWS IAM,"• Authentication / authorization
• Least privilege
• Roles
• Temporary credentials
• Explicit deny","AWS Identity and Access Management (IAM) controls which identities can perform specified actions on AWS resources under defined conditions. Policies express permissions, and roles allow applications or services to obtain temporary credentials instead of embedding long-lived access keys. ML pipelines use IAM to grant each job only the source, destination and service permissions it requires, together with applicable resource and key policies.","AWS Identity and Access Management (IAM) kiểm soát danh tính nào được thực hiện hành động cụ thể trên tài nguyên AWS trong những điều kiện đã định. Policy mô tả quyền, còn role cho phép ứng dụng hoặc dịch vụ nhận thông tin xác thực tạm thời thay vì nhúng access key dài hạn. Pipeline ML dùng IAM để chỉ cấp cho mỗi job các quyền cần thiết với nguồn, đích và dịch vụ, kết hợp resource policy và key policy liên quan.",Quản lý danh tính và quyền hành động trên tài nguyên AWS. Role và temporary credentials giúp pipeline truy cập nguồn/đích mà không nhúng access key lâu dài; least privilege giảm quyền dư thừa.,"Tạo role cho Glue/Lambda/SageMaker; policy chỉ rõ action/resource/condition. Dịch vụ assume role, nhận credentials tạm thời và dùng trong job; kiểm tra resource/key policies khi lỗi quyền.","Phân quyền ingest, xử lý và đọc dataset; tách quyền người học, job ETL và training; giới hạn bucket/prefix phù hợp.","Training role chỉ đọc prefix dataset đã duyệt, ghi output riêng; không có quyền sửa dữ liệu thô của toàn bộ tổ chức.",IAM không tự mã hóa hay kiểm tra chất lượng dữ liệu. Allow ở một nơi chưa đủ nếu có explicit deny hoặc thiếu policy ở lớp khác. Tránh cấp quyền wildcard chỉ để bỏ lỗi AccessDenied.,Dịch vụ,Domain 1,1.3,Bảo vệ dữ liệu,Bổ sung Domain 1,https://aws.amazon.com/iam/,14/09/2026
Amazon Macie,"• Sensitive-data discovery
• PII in S3
• Findings
• Data visibility","Amazon Macie is a managed data-security service that discovers sensitive information in supported Amazon S3 data and produces findings for investigation. Configured discovery jobs identify potential sensitive-data types and relevant storage context, helping teams locate datasets that need protection before ML use. Macie detects and reports findings; masking, deletion, access restriction and remediation must be carried out through an appropriate workflow.","Amazon Macie là dịch vụ bảo mật dữ liệu được quản lý, khám phá thông tin nhạy cảm trong dữ liệu Amazon S3 được hỗ trợ và tạo finding để điều tra. Discovery job được cấu hình nhận diện loại dữ liệu có thể nhạy cảm cùng bối cảnh lưu trữ, giúp tìm dataset cần bảo vệ trước khi sử dụng cho ML. Macie phát hiện và báo cáo; che dữ liệu, xóa, hạn chế quyền và khắc phục phải được thực hiện bằng workflow phù hợp.",Khám phá dữ liệu nhạy cảm trong S3 và tạo findings giúp biết corpus nào cần xử lý trước dùng cho ML. Hỗ trợ quản trị thông qua nhận diện kiểu dữ liệu nhạy cảm và bối cảnh bucket.,"Cấu hình discovery/job và phạm vi dữ liệu; xem findings, xác minh rồi thực hiện masking, hạn chế quyền hoặc loại dữ liệu theo nhu cầu. Duy trì quy trình xử lý kết quả.","Kiểm tra data lake trước chia sẻ hoặc training, tìm PII trong dữ liệu mà metadata ban đầu chưa mô tả đầy đủ.",Macie phát hiện định danh trong tài liệu hỗ trợ; pipeline cách ly hoặc tạo bản đã xử lý và ghi nguồn gốc thay đổi.,"Macie phát hiện, không tự làm sạch/anonymize mọi object. Phạm vi format, khả năng đọc dữ liệu và sampling/job ảnh hưởng kết quả; không phát hiện không đồng nghĩa chắc chắn không có PII.",Dịch vụ,Domain 1,1.3,Bảo vệ dữ liệu,Skill Builder,"https://aws.amazon.com/macie/
https://skillbuilder.aws/learn/3AHUUNMH2X/aws-ml-engineer-associate--data-transformation-and-feature-engineering/H2K74ZEHBM",14/09/2026
Amazon CloudWatch,"• Metrics
• Alarms
• Dashboards
• Throughput / IOPS / latency / utilization","Amazon CloudWatch is an observability service that collects service and custom metrics and supports dashboards and alarms for operational monitoring. It helps teams track throughput, latency, errors and resource utilization across data and ML pipelines. Correct dimensions, statistics and time periods are necessary to interpret signals and identify bottlenecks; infrastructure metrics alone do not establish data quality or model accuracy.","Amazon CloudWatch là dịch vụ quan sát hệ thống, thu thập metric của dịch vụ và metric tùy chỉnh, hỗ trợ dashboard, alarm để giám sát vận hành. Công cụ giúp theo dõi throughput, latency, lỗi và mức sử dụng tài nguyên trong pipeline dữ liệu, ML. Cần chọn đúng dimension, thống kê và khoảng thời gian để diễn giải tín hiệu, tìm điểm nghẽn; metric hạ tầng tự nó không chứng minh chất lượng dữ liệu hay độ chính xác model.","Cho thấy tình trạng và hiệu năng pipeline, giúp phát hiện nghẽn hoặc ngừng nạp dữ liệu. Alarms hỗ trợ phản ứng khi metric vượt ngưỡng, dashboards giúp xem xu hướng theo thời gian.","Thu thập service/custom metrics, đặt dimension đúng (volume/shard/job), chọn statistic và khoảng thời gian; đối chiếu nhiều metric để tìm nguyên nhân. Có metric cần bật hoặc có chi phí riêng.","Giám sát ingestion/storage trong Domain 1: throttling, lag, volume queue, throughput và mức dùng tài nguyên; theo dõi trước/sau tối ưu.

Theo dõi metrics/kết quả quality checks do Glue Data Quality công bố và cấu hình cảnh báo khi dữ liệu không đạt tiêu chí. CloudWatch báo tín hiệu; hành động chặn/cách ly thuộc logic pipeline.",Kinesis có WriteProvisionedThroughputExceeded và lag tăng: kiểm tra shard/key; EBS queue tăng trong khi IOPS sát giới hạn: kiểm tra volume/instance và access pattern.,Metric không giải thích toàn bộ nguyên nhân; cần kết hợp logs và cấu hình. Đừng chỉ nhìn mức trung bình toàn dịch vụ vì hot shard có thể bị che. CloudWatch khác CloudTrail ghi hoạt động API.,Dịch vụ,Domain 1,1.1,Troubleshooting,Skill Builder,"https://skillbuilder.aws/learn/EZ5E7MDBFM/aws-ml-engineer-associate--collect-ingest-and-store-data/SYGN3UF5BT
https://aws.amazon.com/cloudwatch/
https://skillbuilder.aws/learn/W9E1MCC15B/aws-ml-engineer-associate--validate-data-and-prepare-for-modeling/815QR5D1ZA
https://docs.aws.amazon.com/glue/latest/dg/glue-data-quality.html",14/09/2026
Amazon CloudWatch Logs,"• Collect / store / query logs
• Error details
• Logs Insights
• Retention","Amazon CloudWatch Logs centralizes log events from configured AWS services and applications into log groups and streams. Teams can retain, search and query detailed events to diagnose parsing failures, permission errors, schema issues or processing problems that aggregate metrics cannot explain. Correlating timestamps and job identifiers links events across pipeline stages, while retention and access policies control how log data is stored and used.","Amazon CloudWatch Logs tập trung sự kiện log từ dịch vụ AWS và ứng dụng đã cấu hình vào log group, log stream. Nhóm có thể lưu giữ, tìm kiếm, truy vấn sự kiện chi tiết để chẩn đoán lỗi parsing, quyền truy cập, schema hoặc xử lý mà metric tổng hợp không giải thích được. Kết hợp timestamp và định danh job giúp liên kết sự kiện giữa các bước pipeline; retention và access policy kiểm soát cách lưu, sử dụng log.","Tập trung log để điều tra lỗi ingest, parsing, schema, quyền và xử lý. Tìm kiếm/log query giúp xác định thời gian, bản ghi và thành phần gây lỗi mà metric tổng hợp không thể hiện.",Dịch vụ/job gửi log vào log group/stream khi cấu hình; đặt retention/quyền; dùng query theo timestamp/job ID/correlation ID để liên kết sự cố.,"Debug Glue job thất bại, Lambda exception, lỗi xử lý file hoặc lỗi filesystem được dịch vụ hỗ trợ ghi log.","Metric báo ingestion giảm; Logs Insights tìm exception cùng thời điểm, phát hiện cột amount đổi kiểu và xác định batch cần chạy lại.",Không mặc định mọi service tự gửi đủ log. Log có thể chứa dữ liệu nhạy cảm; cần kiểm soát quyền và retention. Log lỗi ứng dụng khác audit API của CloudTrail.,Tính năng,Domain 1,1.1,Troubleshooting,Skill Builder,"https://skillbuilder.aws/learn/EZ5E7MDBFM/aws-ml-engineer-associate--collect-ingest-and-store-data/SYGN3UF5BT
https://docs.aws.amazon.com/AmazonCloudWatch/latest/logs/WhatIsCloudWatchLogs.html",14/09/2026
AWS CloudTrail,"• API activity
• Who / what / when
• Audit trail
• Management / data events","AWS CloudTrail records supported AWS account and API activity for auditing, security investigations and change tracking. Events identify information such as the acting identity, action, resource, time and result, depending on the event type. Trails and event data stores must be configured for the required coverage; object-level data events and other optional event categories are not equivalent to automatically recording every possible operation.","AWS CloudTrail ghi lại hoạt động tài khoản và API AWS được hỗ trợ để kiểm toán, điều tra bảo mật và theo dõi thay đổi. Tùy loại event, bản ghi cho biết danh tính thực hiện, hành động, tài nguyên, thời gian và kết quả. Trail, event data store cần được cấu hình theo phạm vi muốn theo dõi; data event cấp object và các nhóm event tùy chọn không đồng nghĩa hệ thống tự ghi mọi thao tác có thể xảy ra.","Ghi hoạt động API để truy vết ai đã thay đổi tài nguyên hoặc truy cập theo loại event được bật. Hỗ trợ điều tra quyền, cấu hình và audit nguồn dữ liệu.","Cấu hình trail/event data store và loại event; đọc identity, action, resource, time và kết quả. Data events như truy cập object phải được cấu hình phù hợp và có chi phí riêng.","Điều tra thay đổi bucket policy/key policy, job role hoặc thao tác tác động dữ liệu; yêu cầu auditability của data pipeline.","Dataset ngừng đọc được; CloudTrail cho thấy policy thay đổi trước lỗi, kết hợp CloudWatch Logs xác định AccessDenied và lớp quyền liên quan.",Không thay metric throughput/latency. Không giả định event history mặc định chứa mọi lần đọc S3. Có audit log không tự làm một workload tuân thủ mọi yêu cầu.,Dịch vụ,Domain 1,1.3,Bảo vệ dữ liệu,Bổ sung Domain 1,https://aws.amazon.com/cloudtrail/,14/09/2026
AWS Direct Connect,"• Dedicated network connection
• Predictable connectivity
• Hybrid data transfer
• Private path","AWS Direct Connect establishes dedicated network connectivity between an organization's network and AWS through configured connections and virtual interfaces. It supports hybrid environments and substantial, recurring data movement where predictable connectivity matters. Routing, bandwidth and redundant paths must still be designed, and a transfer tool such as DataSync remains responsible for moving and verifying dataset contents over the connection.","AWS Direct Connect thiết lập kết nối mạng chuyên dụng giữa mạng tổ chức và AWS thông qua connection, virtual interface được cấu hình. Dịch vụ hỗ trợ môi trường hybrid và nhu cầu di chuyển dữ liệu lớn, lặp lại khi tính ổn định của kết nối quan trọng. Vẫn cần thiết kế routing, băng thông và đường dự phòng; công cụ như DataSync tiếp tục chịu trách nhiệm chuyển, kiểm tra nội dung dataset trên kết nối đó.","Kết nối chuyên dụng từ mạng tổ chức đến AWS, phù hợp lưu lượng dữ liệu ổn định và yêu cầu kết nối hybrid. Có thể cải thiện tính ổn định so với đường Internet thông thường trong kiến trúc phù hợp.","Thiết lập kết nối và virtual interface, routing cùng đường dự phòng; dịch vụ chuyển dữ liệu như DataSync vẫn cần để quản lý nội dung transfer. Đánh giá bandwidth, availability và chi phí tổng.",Chuyển dataset lớn lặp lại từ trung tâm dữ liệu vào AWS; cần network path có tính dự đoán cho pipeline hybrid.,"DataSync chuyển ảnh qua kết nối Direct Connect đã cấu hình, monitor throughput để phân biệt nghẽn ở storage hay network.",Không phải công cụ ETL hoặc sao chép file. Kết nối không được coi là tự mã hóa mọi dữ liệu; cần TLS/IPsec hoặc khả năng bảo vệ phù hợp. Dự phòng và cấu hình routing ảnh hưởng độ tin cậy.,Dịch vụ,Domain 1,1.1,Chuyển dữ liệu,Bổ sung Domain 1,https://aws.amazon.com/directconnect/,14/09/2026
AWS CLI / AWS SDK,"• Programmatic access
• Automation
• API calls
• Credentials / pagination / retry","The AWS CLI and AWS SDKs provide command-line and programming-language interfaces to AWS APIs. They let scripts and applications create resources, manage jobs and transfer or retrieve supported data using authorized credentials. They help automate repeatable ML workflows, but application code must still handle pagination, retries, service limits and result validation, and database SQL operations may require engine-specific clients rather than management APIs.","AWS CLI và AWS SDK cung cấp giao diện dòng lệnh hoặc ngôn ngữ lập trình để gọi AWS API. Chúng cho phép script, ứng dụng tạo tài nguyên, quản lý job, truyền hay lấy dữ liệu được hỗ trợ bằng thông tin xác thực có quyền. Các công cụ giúp tự động hóa workflow ML lặp lại, nhưng mã ứng dụng vẫn phải xử lý pagination, retry, giới hạn dịch vụ và kiểm tra kết quả; truy vấn SQL có thể cần client riêng của database engine thay vì API quản lý.","CLI cho thao tác bằng lệnh/script; SDK tích hợp API AWS trong ngôn ngữ lập trình. Giảm thao tác thủ công và giúp extraction/ingestion có thể lặp lại, log và kiểm tra kết quả.","Dùng role/credentials phù hợp, gọi API, xử lý pagination/retry/rate limits. SDK quản lý nhiều chi tiết request nhưng code vẫn phải kiểm tra lỗi, dữ liệu trùng và output.","Extraction nhỏ hoặc tích hợp pipeline tùy chỉnh, quản lý resource và gọi API dữ liệu mà dịch vụ hỗ trợ.","Script liệt kê object qua paginator, tải phần cần xử lý và ghi manifest; Lambda dùng SDK PutRecord cập nhật feature theo event.","Quản lý tài nguyên khác đọc dữ liệu: API EBS không tự đọc filesystem; RDS thường cần SQL driver. Không hardcode credentials, không bỏ pagination và không retry vô hạn mà không idempotency.",Công cụ,Domain 1,1.1,Công cụ,Skill Builder,"https://skillbuilder.aws/learn/EZ5E7MDBFM/aws-ml-engineer-associate--collect-ingest-and-store-data/SYGN3UF5BT
https://docs.aws.amazon.com/cli/latest/userguide/cli-chap-welcome.html",14/09/2026
Apache Spark,"• Distributed processing
• DataFrames / SQL
• Parallel joins
• Shuffle / partitioning","Apache Spark is a distributed data-processing engine that executes transformations and analytical operations across multiple workers. DataFrame and SQL APIs support large-scale cleaning, joins, aggregation and feature computation, with actions triggering execution of the planned work. It can run on platforms such as Glue or EMR, and its efficiency depends on partitioning, shuffles, data skew and available computing resources.","Apache Spark là engine xử lý dữ liệu phân tán, thực thi phép biến đổi và phân tích trên nhiều worker. DataFrame API, SQL API hỗ trợ làm sạch, join, aggregation và tính feature quy mô lớn; action kích hoạt thực thi công việc đã được lập kế hoạch. Spark có thể chạy trên nền tảng như Glue, EMR; hiệu quả phụ thuộc cách partition, shuffle, độ lệch dữ liệu và tài nguyên tính toán.","Phân phối xử lý dataset lớn trên nhiều worker; hỗ trợ ETL, aggregation và join bằng DataFrame/SQL. Tận dụng hệ sinh thái EMR/Glue và connector để xử lý feature quy mô lớn.","Đọc nguồn, áp dụng transform theo execution plan; action kích hoạt thực thi. Join/groupBy có thể shuffle dữ liệu qua mạng; partitioning và skew ảnh hưởng tài nguyên, latency.",Batch processing và lịch sử lớn hơn khả năng máy đơn; merging nhiều nguồn hoặc batch ingestion Feature Store qua connector.,"Spark gom log theo customer_id và ngày, join thuộc tính, kiểm tra null/duplicate rồi ghi Parquet theo partition ra S3.","Framework mã nguồn mở, không phải dịch vụ AWS độc lập. Tăng worker không tự sửa skew hoặc một key cực lớn; tránh collect dataset lớn về driver và ghi quá nhiều file nhỏ.",Framework,Domain 1,1.2,Công cụ,Skill Builder,"https://skillbuilder.aws/learn/EZ5E7MDBFM/aws-ml-engineer-associate--collect-ingest-and-store-data/SYGN3UF5BT
https://spark.apache.org/docs/latest/
https://skillbuilder.aws/learn/3AHUUNMH2X/aws-ml-engineer-associate--data-transformation-and-feature-engineering/H2K74ZEHBM",14/09/2026
Amazon QuickSight / Quick Sight,"• Business intelligence
• Interactive dashboards
• SPICE / direct query
• EDA visualization","Amazon QuickSight is a managed business intelligence service for creating interactive visual analyses, reports and dashboards from connected datasets. It can query supported sources directly or use SPICE to accelerate analysis through an in-memory data layer refreshed according to configuration. In ML preparation, it helps explore distributions, relationships and anomalies and communicate findings, while statistical conclusions still require careful interpretation.","Amazon QuickSight là dịch vụ business intelligence được quản lý để tạo phân tích trực quan, báo cáo và dashboard tương tác từ dataset đã kết nối. Dịch vụ có thể truy vấn trực tiếp nguồn được hỗ trợ hoặc dùng SPICE để tăng tốc phân tích qua lớp dữ liệu trong bộ nhớ được refresh theo cấu hình. Khi chuẩn bị ML, công cụ giúp khám phá phân bố, quan hệ, điểm bất thường và trao đổi kết quả; các kết luận thống kê vẫn cần được diễn giải cẩn thận.",Tạo biểu đồ và dashboard tương tác giúp khám phá dữ liệu và trao đổi insight. SPICE hoặc direct query hỗ trợ cách truy cập dữ liệu khác nhau để cân bằng hiệu năng và độ mới.,"Kết nối nguồn/dataset, chuẩn bị trường, tạo visual và filter; chọn refresh SPICE hoặc direct query theo nguồn và yêu cầu. Diễn giải cùng thống kê và dữ liệu gốc.","EDA: so sánh tỷ lệ nhóm, phân phối, xu hướng và tương quan; trình bày kết quả chất lượng dữ liệu trước ML.",Bar chart cho thấy một nhóm khách hàng ít xuất hiện hơn phân bố mục tiêu; nhóm dữ liệu xem lại chiến lược sampling.,"Dashboard không chứng minh quan hệ nhân quả hoặc tự sửa dữ liệu. SPICE cần refresh; direct query phụ thuộc nguồn. Tài liệu MLA-C01 có thể dùng tên QuickSight, còn giao diện hiện hành dùng Quick Sight.",Dịch vụ,Domain 1,1.1,EDA,Skill Builder,"https://skillbuilder.aws/learn/EZ5E7MDBFM/aws-ml-engineer-associate--collect-ingest-and-store-data/SYGN3UF5BT
https://docs.aws.amazon.com/en_us/quicksight/latest/user/how-quicksight-works.html",14/09/2026
Amazon EC2,"• Virtual compute
• Instance types
• CPU / RAM / network
• EBS / instance store","Amazon EC2 provides configurable virtual servers for running application and ML workloads with selected CPU, memory, accelerator, network and storage characteristics. Users launch an instance from an image, configure access and software, and attach or mount suitable storage such as EBS, EFS or FSx. It offers infrastructure control, but the team must manage the operating environment and distinguish persistent storage from temporary instance store.","Amazon EC2 cung cấp máy chủ ảo có thể cấu hình để chạy workload ứng dụng và ML với đặc tính CPU, bộ nhớ, accelerator, mạng, lưu trữ được lựa chọn. Người dùng khởi chạy instance từ image, cấu hình quyền và phần mềm, rồi gắn hoặc mount storage phù hợp như EBS, EFS, FSx. EC2 cung cấp quyền kiểm soát hạ tầng nhưng nhóm phải quản lý môi trường vận hành và phân biệt lưu trữ lâu dài với instance store tạm thời.","Cung cấp compute có cấu hình để chạy xử lý tùy chỉnh và truy cập các storage phù hợp. Chọn instance cân đối CPU, memory, network và storage giúp đáp ứng đặc tính dataset/job.","Khởi chạy instance/AMI, cấu hình network/role và phần mềm. Gắn EBS hoặc mount EFS/FSx theo giao thức; instance store chỉ có trên instance hỗ trợ và mang tính tạm thời.",Custom processing cần kiểm soát hệ điều hành/phần mềm; chạy công cụ đọc volume/filesystem hoặc xử lý nằm ngoài cấu hình managed job phù hợp.,"EC2 mount EBS chứa dataset, chạy script trích dữ liệu rồi ghi S3; nếu cần dùng instance store làm cache, luôn có nguồn bền để khôi phục.","Tự quản EC2 cần bảo trì OS, thư viện và capacity. Instance store mất khi stop/terminate; EBS có quy tắc riêng. Giới hạn network/EBS của instance có thể gây nghẽn dù volume mạnh.",Dịch vụ,Domain 1,1.1,Compute và storage,Skill Builder,"https://skillbuilder.aws/learn/EZ5E7MDBFM/aws-ml-engineer-associate--collect-ingest-and-store-data/SYGN3UF5BT
https://docs.aws.amazon.com/AWSEC2/latest/UserGuide/concepts.html",14/09/2026
Amazon SageMaker AI,"• Managed ML workflows
• Data preparation
• Training integration
• Managed infrastructure","Amazon SageMaker AI is a managed ML service that brings together capabilities for preparing data, building and training models, evaluating results and deploying inference. In data-preparation workflows, tools such as Data Wrangler, Processing and Feature Store connect source data to repeatable feature and training inputs. Jobs still require suitable data, execution roles, code and resource configuration; the service does not automatically determine the correct modeling process.","Amazon SageMaker AI là dịch vụ ML được quản lý, tập hợp các khả năng chuẩn bị dữ liệu, xây dựng, training model, đánh giá kết quả và triển khai inference. Trong workflow chuẩn bị dữ liệu, các công cụ như Data Wrangler, Processing, Feature Store kết nối dữ liệu nguồn với feature và đầu vào training có thể tái lập. Job vẫn cần dữ liệu, execution role, mã và cấu hình tài nguyên phù hợp; dịch vụ không tự xác định quy trình modeling đúng cho mọi bài toán.","Trong Domain 1, tập hợp công cụ giúp chuẩn bị, xử lý, lưu feature và đưa dữ liệu vào training có thể tái lập. Tích hợp S3 và các dịch vụ dữ liệu giảm việc tự dựng từng phần hạ tầng.","Kết hợp Data Wrangler/Processing/Feature Store với nguồn dữ liệu, IAM role và job configuration; lưu artifact/config/version để nối bước chuẩn bị với bước huấn luyện sau này.",Đội ML cần workflow tích hợp từ dữ liệu đến model; chuẩn bị đầu vào và feature nằm trong môi trường SageMaker.,"Dataset được chốt trên S3, Processing tạo feature, Feature Store lưu online/offline; job train tiêu thụ dữ liệu đã chuẩn bị.",SageMaker AI là tên hiện hành của dịch vụ ML trước đây thường gọi SageMaker. Nền tảng SageMaker rộng hơn có thêm analytics/data capabilities. Không dùng tên nền tảng để thay việc biết đúng tính năng cần chọn.,Dịch vụ,Domain 1,1.2,Nền tảng ML,Skill Builder,"https://skillbuilder.aws/learn/EZ5E7MDBFM/aws-ml-engineer-associate--collect-ingest-and-store-data/SYGN3UF5BT
https://docs.aws.amazon.com/sagemaker/latest/dg/whatis.html",14/09/2026
SageMaker PCA,"• Dimensionality reduction
• Principal components
• Maximum variance
• Unsupervised","The SageMaker principal component analysis (PCA) algorithm is an unsupervised dimensionality-reduction algorithm that learns orthogonal directions capturing variance in numerical data. It projects observations onto a selected number of principal components, reducing feature dimensionality and linear redundancy. The projection must be fitted on training data and reused consistently on held-out data, with scaling and component count chosen for the downstream task.","Thuật toán principal component analysis (PCA) của SageMaker là thuật toán giảm chiều không giám sát, học các hướng trực giao biểu diễn biến thiên của dữ liệu số. PCA chiếu quan sát lên số lượng thành phần chính được chọn, qua đó giảm số chiều feature và dư thừa tuyến tính. Phép chiếu phải được fit trên dữ liệu train rồi tái sử dụng nhất quán với dữ liệu giữ riêng; việc scaling và số component cần phù hợp tác vụ downstream.",Giảm số chiều bằng các trục mới giữ nhiều biến thiên của dữ liệu nhất có thể trong số component đã chọn. Giúp giảm độ phức tạp của feature số và tương quan tuyến tính.,"Fit PCA trên train, chọn số component dựa trên nhu cầu/variance và validation; dùng cùng phép chiếu cho validation/test. Chuẩn hóa thang đo khi phù hợp trước PCA.",Nhiều feature số tương quan hoặc cần biểu diễn ít chiều hơn để xử lý/phân tích; khi chấp nhận giảm khả năng diễn giải từng feature gốc.,"Tập sensor có nhiều kênh tương quan; chuẩn hóa trên train rồi chiếu xuống vài component, đánh giá chất lượng downstream.","PCA tạo feature mới, khác feature selection. Variance lớn không đảm bảo thông tin dự đoán quan trọng; scale ảnh hưởng kết quả và fit toàn dataset gây leakage. Kiểm tra input format/mode của built-in algorithm.",Thuật toán,Domain 1,1.2,Feature engineering,Bổ sung Domain 1,https://docs.aws.amazon.com/sagemaker/latest/dg/pca.html,14/09/2026
Amazon Bedrock,"• Foundation models
• Managed API
• Embeddings
• Generative AI data pipelines","Amazon Bedrock is a managed service that provides API access to supported foundation models and capabilities for building generative AI applications. Users select models appropriate to the input and task, such as generation or embedding, and can connect external knowledge through Knowledge Bases. In data-preparation work, it supports creating representations and RAG inputs, while source storage, data quality and access permissions still need explicit management.","Amazon Bedrock là dịch vụ được quản lý cung cấp quyền truy cập qua API tới các foundation model được hỗ trợ cùng khả năng xây dựng ứng dụng AI tạo sinh. Người dùng chọn model phù hợp đầu vào và tác vụ, chẳng hạn generation hoặc embedding, đồng thời có thể kết nối tri thức bên ngoài qua Knowledge Bases. Trong chuẩn bị dữ liệu, Bedrock hỗ trợ tạo biểu diễn và đầu vào RAG, còn lưu trữ nguồn, chất lượng dữ liệu và quyền truy cập vẫn cần được quản lý rõ ràng.","Cung cấp API truy cập mô hình nền tảng được quản lý. Trong bài đang mở, trọng tâm là embedding và dữ liệu nguồn cho RAG/multimodal, cùng khả năng Knowledge Bases quản lý nhiều bước ingestion.","Chọn model phù hợp modality/schema, chuẩn bị input và quyền; gọi API hoặc dùng Knowledge Bases. Dữ liệu nguồn/metadata vẫn cần quản lý trong storage và pipeline riêng.",Ứng dụng cần embedding hoặc generative AI trên dữ liệu đã chuẩn bị; phục vụ bối cảnh thực hành RAG được nhắc trong khóa hiện tại.,"Văn bản sạch được embed qua Bedrock, vector đưa vào index; query retrieve tài liệu và dùng foundation model tạo câu trả lời.","Không phải storage thay S3; không phải mọi model nhận mọi modality. Support format, token limit và model availability khác nhau. Nội dung RAG trong bài không tự khẳng định trọng số xuất hiện trên đề MLA-C01.",Dịch vụ,Domain 1,1.1,Vector và RAG,Skill Builder,"https://skillbuilder.aws/learn/EZ5E7MDBFM/aws-ml-engineer-associate--collect-ingest-and-store-data/SYGN3UF5BT
https://docs.aws.amazon.com/bedrock/latest/userguide/what-is-bedrock.html
https://skillbuilder.aws/learn/3AHUUNMH2X/aws-ml-engineer-associate--data-transformation-and-feature-engineering/H2K74ZEHBM",14/09/2026
AWS Organizations,"• Multi-account governance
• Organizational units
• Service control policies
• Central controls","AWS Organizations centrally organizes and governs multiple AWS accounts through account groupings and organization-level policies. Organizational units help apply common controls, and service control policies constrain the permissions available to member accounts without granting permissions themselves. It supports consistent governance for cross-account data and ML environments, alongside the IAM, resource, logging and data-access policies needed within those accounts.","AWS Organizations tổ chức và quản trị tập trung nhiều tài khoản AWS thông qua nhóm tài khoản và chính sách cấp tổ chức. Organizational unit giúp áp dụng kiểm soát chung; service control policy giới hạn những quyền tài khoản thành viên có thể sử dụng nhưng không tự cấp quyền. Dịch vụ hỗ trợ quản trị nhất quán cho môi trường dữ liệu, ML nhiều account, kết hợp các policy IAM, tài nguyên, logging và truy cập dữ liệu cần thiết trong từng account.",Tập trung tổ chức tài khoản và áp chính sách kiểm soát ở cấp tổ chức. Hữu ích khi data pipeline trải qua nhiều account và cần quy tắc quản trị nhất quán.,"Nhóm account vào OU và áp SCP/chính sách thích hợp; thiết kế cùng IAM/resource policies. Các kiểm soát khác như backup, logging, quyền dữ liệu vẫn cần cấu hình riêng.","Quản trị môi trường lưu dữ liệu, hạn chế action/Region theo chính sách tổ chức và quản lý nhiều nhóm/tài khoản.",OU chứa account dữ liệu có SCP giới hạn một số hành động ngoài phạm vi được duyệt; role ML vẫn cần quyền cụ thể để đọc dataset.,"SCP giới hạn quyền tối đa, không tự cấp quyền. Không tự chứng minh data residency hay tuân thủ; cần xét dịch vụ global, ngoại lệ, replica/log/backup và cấu hình thực tế.",Dịch vụ,Domain 1,1.3,Quản trị dữ liệu,Bổ sung Domain 1,https://docs.aws.amazon.com/organizations/latest/userguide/orgs_introduction.html,14/09/2026
Amazon API Gateway,"• Managed API front door
• Request routing
• Authentication integration
• Lambda integration","Amazon API Gateway is a managed service for creating and exposing supported types of APIs that route client requests to backend services. It provides a controlled entry point with request handling, access and traffic-management features according to the API type and configuration. ML systems can use it to accept data or invoke a backend workflow, while large-file transfers may be better handled through direct, authorized S3 uploads.","Amazon API Gateway là dịch vụ được quản lý để tạo, cung cấp các loại API được hỗ trợ và định tuyến request từ client tới backend. Dịch vụ tạo điểm vào có kiểm soát, với khả năng xử lý request, quản lý truy cập và traffic theo loại API, cấu hình. Hệ thống ML có thể dùng API Gateway để nhận dữ liệu hoặc gọi workflow backend; truyền tệp lớn có thể phù hợp hơn với upload trực tiếp lên S3 bằng quyền được cấp có thời hạn.","Cung cấp điểm vào API được quản lý cho ứng dụng gửi dữ liệu và gọi backend. Có khả năng quản lý request, quyền và traffic theo loại API/cấu hình, giảm việc tự chạy API server.","Client gửi request, API Gateway kiểm tra/định tuyến đến Lambda hoặc backend phù hợp. Với file lớn thường cân nhắc luồng upload trực tiếp S3 bằng URL có quyền tạm thời thay vì chuyển toàn bộ payload qua API.","Thu nhận dữ liệu từ ứng dụng/web/mobile, nhận metadata hoặc yêu cầu upload, điều phối bước ingestion qua Lambda.","Ứng dụng xin URL upload, tải audio lên S3 rồi gửi sample_id; event kích hoạt pipeline chuẩn hóa và transcription.","Không phải kho dữ liệu hay message stream. Kiểm tra payload size, timeout, authentication và retry; không xem API Gateway là đường phù hợp mặc định cho file video lớn.",Dịch vụ,Domain 1,1.1,Ingestion,Skill Builder,"https://skillbuilder.aws/learn/EZ5E7MDBFM/aws-ml-engineer-associate--collect-ingest-and-store-data/SYGN3UF5BT
https://docs.aws.amazon.com/apigateway/latest/developerguide/welcome.html",14/09/2026
AWS Snow Family / Snowball Edge,"• Offline physical transfer
• Large datasets
• Limited connectivity
• Edge compute","AWS Snow Family, including Snowball Edge, is a family of physical storage and supported edge-compute devices used for data-transfer and local-processing scenarios where network transfer is impractical. Data is copied onto a device, verified and transported for import into AWS through the supported workflow. It addresses bandwidth or connectivity constraints; device availability, ordering eligibility and service lifecycle must be checked before planning a new deployment.","AWS Snow Family, bao gồm Snowball Edge, là họ thiết bị vật lý cung cấp lưu trữ và khả năng edge compute được hỗ trợ cho tình huống truyền dữ liệu, xử lý tại chỗ khi chuyển qua mạng không khả thi. Dữ liệu được chép vào thiết bị, kiểm tra và vận chuyển để nhập vào AWS theo workflow được hỗ trợ. Giải pháp xử lý hạn chế băng thông hoặc kết nối; cần kiểm tra khả năng cung cấp, điều kiện đặt thiết bị và vòng đời dịch vụ trước khi lập kế hoạch triển khai mới.",Chuyển dataset lớn bằng thiết bị vật lý khi mạng không khả thi về thời gian/băng thông. Thiết bị Snowball Edge còn có khả năng compute/storage tại chỗ tùy cấu hình; dữ liệu được bảo vệ trong quá trình vận chuyển.,"Quy trình khái niệm: nhận thiết bị → nạp và kiểm tra dữ liệu cục bộ → gửi thiết bị → import vào S3. Tính cả thời gian đặt/giao, copy, vận chuyển và nhập dữ liệu, không chỉ tốc độ ổ đĩa.",Initial migration lượng lớn dữ liệu ở nơi mạng yếu hoặc không ổn định; edge workload cần thu thập/xử lý tại chỗ trước chuyển về AWS.,Kho ảnh on-premises quá lớn để upload trong thời hạn qua đường mạng hiện có; đánh giá vận chuyển thiết bị để tạo data lake ban đầu.,"Khác DataSync (online qua mạng). Không phù hợp đồng bộ tức thời từng sự kiện. Khả dụng thiết bị, quốc gia/Region và điều kiện đặt job cần xác nhận khi thực hành; không suy từ nội dung khóa học rằng mọi biến thể đều đặt mới được. Trạng thái đối chiếu 14/09/2026: Snowball Edge không nhận khách hàng mới; khách hàng hiện có tiếp tục theo điều kiện dịch vụ. Đây vẫn là khái niệm chuyển dữ liệu offline được nhắc trong bài học.",Thiết bị / dịch vụ,Domain 1,1.1,Chuyển dữ liệu,Skill Builder,"https://skillbuilder.aws/learn/EZ5E7MDBFM/aws-ml-engineer-associate--collect-ingest-and-store-data/SYGN3UF5BT
https://docs.aws.amazon.com/snowball/latest/developer-guide/whatisedge.html
https://docs.aws.amazon.com/snowball/latest/developer-guide/snowball-edge-availability-change.html",14/09/2026
AWS Transfer Family,"• SFTP / FTPS / FTP / AS2
• Managed file transfer
• S3 / EFS integration","AWS Transfer Family is a managed service for exchanging files through supported business file-transfer protocols and workflows while integrating with AWS storage. Users configure endpoints, identities and permissions so partners or existing applications can deliver files to the appropriate S3 or EFS locations in supported configurations. It reduces file-transfer server administration; downstream validation, cataloging and ML preparation remain separate processing steps.","AWS Transfer Family là dịch vụ được quản lý để trao đổi tệp qua các giao thức, workflow truyền tệp doanh nghiệp được hỗ trợ và tích hợp với storage AWS. Người dùng cấu hình endpoint, danh tính, quyền để đối tác hoặc ứng dụng hiện có chuyển tệp đến vị trí S3 hay EFS phù hợp trong cấu hình được hỗ trợ. Dịch vụ giảm quản trị máy chủ truyền tệp; kiểm tra dữ liệu, lập catalog và chuẩn bị ML downstream vẫn là các bước xử lý riêng.",Giúp đối tác và ứng dụng dùng giao thức truyền tệp quen thuộc để trao đổi dữ liệu với AWS mà giảm quản lý server truyền file. Có workflow được hỗ trợ cho xử lý sau khi file đến.,"Chọn giao thức/backend được hỗ trợ, cấu hình endpoint, danh tính và quyền; file được lưu vào S3/EFS theo mô hình tương ứng. Pipeline tiếp theo validate, catalog và xử lý nội dung.",Đối tác chỉ hỗ trợ SFTP hoặc giao thức file-transfer doanh nghiệp; cần nạp dữ liệu theo file vào data lake từ hệ thống hiện có.,"Đối tác gửi CSV qua SFTP đến vùng landing; Lambda kiểm tra schema, Glue chạy ETL và ghi kết quả đã chuẩn hóa.",Không phải mọi giao thức dùng được với mọi backend; cần xem support matrix. FTP không mã hóa nội dung truyền. Khác DataSync là công cụ migration/sync dataset và khác S3 API upload trực tiếp.,Dịch vụ,Domain 1,1.1,Chuyển dữ liệu,Skill Builder,"https://skillbuilder.aws/learn/EZ5E7MDBFM/aws-ml-engineer-associate--collect-ingest-and-store-data/SYGN3UF5BT
https://docs.aws.amazon.com/transfer/latest/userguide/what-is-aws-transfer-family.html",14/09/2026
Amazon EventBridge,"• Event-driven routing
• Rules / targets
• Scheduler
• Decoupled workflows","Amazon EventBridge is a serverless event-routing service that connects event producers to configured targets through matching rules. It decouples systems so a data arrival or service event can trigger the next processing step, while EventBridge Scheduler invokes targets on specified schedules. Permissions, retry behavior and failure handling must be configured so event-driven or scheduled ML jobs can be traced and recovered when execution fails.","Amazon EventBridge là dịch vụ định tuyến sự kiện serverless, kết nối hệ thống phát event với target đã cấu hình thông qua rule phù hợp. Dịch vụ tách các hệ thống để dữ liệu mới hoặc sự kiện dịch vụ kích hoạt bước xử lý tiếp theo, còn EventBridge Scheduler gọi target theo lịch chỉ định. Cần cấu hình quyền, retry và xử lý thất bại để các job ML theo sự kiện hoặc lịch có thể được truy vết, khôi phục khi thực thi lỗi.",Tách hệ thống phát event khỏi đích xử lý; tự kích hoạt công việc khi sự kiện hoặc lịch phù hợp. Scheduler hữu ích cho extraction định kỳ mà không phải tự chạy cron server.,"Event bus/rule định tuyến event đến target; Scheduler gọi target tại thời điểm/lịch. Cấu hình quyền, retry và dead-letter handling để tránh mất dấu công việc thất bại.",Bắt đầu Lambda extraction hàng giờ/ngày hoặc phản ứng với trạng thái job; kết nối các bước ingestion ở mức sự kiện điều khiển.,Scheduler gọi Lambda trích dữ liệu mỗi đêm; sự kiện job hoàn tất khởi động bước kiểm tra chất lượng tiếp theo.,Không chứa/thay dataset lớn và không thay engine stream processing. Delivery/retry cần idempotency; event notification không tự đảm bảo mọi bước downstream thành công.,Dịch vụ,Domain 1,1.1,Điều phối ingestion,Skill Builder,"https://skillbuilder.aws/learn/EZ5E7MDBFM/aws-ml-engineer-associate--collect-ingest-and-store-data/SYGN3UF5BT
https://docs.aws.amazon.com/eventbridge/latest/userguide/eb-what-is.html",14/09/2026
Amazon S3 Inventory,"• Object inventory
• Daily / weekly reports
• CSV / ORC / Parquet
• SQL analysis","Amazon S3 Inventory creates scheduled reports listing objects and selected metadata for configured S3 buckets or prefixes. Reports and manifests let teams inspect large object collections using tools such as Athena without repeatedly implementing complete listing scans. It supports dataset inventory, storage-class analysis and management operations, but a report reflects its reporting cycle rather than the live state of every object at query time.","Amazon S3 Inventory tạo báo cáo theo lịch liệt kê object và metadata được chọn của bucket hoặc prefix S3 đã cấu hình. Report, manifest cho phép kiểm tra tập object lớn bằng công cụ như Athena mà không phải liên tục tự thực hiện quét liệt kê toàn bộ. Tính năng hỗ trợ kiểm kê dataset, phân tích storage class và tác vụ quản lý, nhưng báo cáo phản ánh chu kỳ lập báo cáo thay vì trạng thái tức thời của mọi object lúc truy vấn.","Tạo báo cáo object và metadata được hỗ trợ theo lịch, hữu ích cho kiểm kê corpus lớn mà không phải liên tục liệt kê thủ công. Athena có thể truy vấn file báo cáo bằng SQL.","Cấu hình bucket/prefix nguồn, trường metadata và bucket đích. Nhận report và manifest theo lịch rồi query để kiểm tra size, storage class, version hoặc encryption status theo field có sẵn.","Quản lý kho dữ liệu nhiều object, xem phân bố dung lượng/class và tạo đầu vào cho thao tác batch phù hợp.",Dùng Athena thống kê dung lượng theo storage class và kiểm tra encryption/replication status từ các trường đã chọn trong Inventory. Đối chiếu trạng thái hiện tại của object trước khi thực hiện thay đổi.,"Report theo lịch và eventual consistency, không phải real-time listing. Không mặc định có toàn bộ custom metadata/object tags; muốn phân tích các tag đó cần cơ chế thu thập/catalog riêng phù hợp. Last modified date không phải last access time; không suy ra object lâu không được đọc chỉ từ thời điểm sửa cuối.",Tính năng,Domain 1,1.1,Catalog và metadata,Skill Builder,"https://skillbuilder.aws/learn/EZ5E7MDBFM/aws-ml-engineer-associate--collect-ingest-and-store-data/SYGN3UF5BT
https://docs.aws.amazon.com/AmazonS3/latest/userguide/storage-inventory.html",14/09/2026
AWS Glue Studio,"• Visual ETL
• Drag-and-drop job graph
• Generated scripts
• Run / monitor jobs","AWS Glue Studio is a visual interface for authoring, running and monitoring AWS Glue data integration jobs. Users connect sources, transformations and targets in a graph and can inspect or modify the generated processing script before running it on the Glue engine. It reduces boilerplate for common ETL workflows while retaining the need to validate schemas, transformation logic, job resources and output data.","AWS Glue Studio là giao diện trực quan để thiết kế, chạy và giám sát job tích hợp dữ liệu AWS Glue. Người dùng nối source, transform và target thành đồ thị, đồng thời có thể xem hoặc sửa script xử lý được sinh ra trước khi chạy trên Glue engine. Công cụ giảm mã lặp cho workflow ETL phổ biến nhưng vẫn cần kiểm tra schema, logic biến đổi, tài nguyên job và dữ liệu đầu ra.","Thiết kế pipeline tích hợp bằng graph trực quan, sinh/chỉnh script và chạy trên Glue engine. Giảm việc viết Spark boilerplate trong các flow nguồn–transform–đích chuẩn.","Thêm nguồn, transform và target trong visual editor, xem schema và script; cấu hình job, chạy rồi theo dõi/log. Có thể dùng script editor khi cần logic tùy chỉnh.","Merging/ETL trên Glue khi muốn giao diện trực quan; developer/analyst cần xây job và kiểm tra luồng dữ liệu dễ hơn.

Thiết kế và chạy Glue ETL trực quan khi cần transformation riêng hoặc bước quality evaluation gắn trong flow; là giao diện xây pipeline, không đồng nghĩa mọi logic xử lý dữ liệu tự có sẵn.","Graph đọc hai bảng catalog, join theo ID đã chuẩn hóa, chọn cột và ghi Parquet trên S3; kiểm tra output sau job.","Glue Studio là giao diện xây job, không phải Data Catalog hay một engine riêng. Chỉnh script có thể ảnh hưởng khả năng quay lại visual editing; visual flow vẫn cần đúng schema, quyền và tài nguyên.",Tính năng,Domain 1,1.2,ETL và merging,Skill Builder,"https://skillbuilder.aws/learn/EZ5E7MDBFM/aws-ml-engineer-associate--collect-ingest-and-store-data/SYGN3UF5BT
https://docs.aws.amazon.com/glue/latest/dg/author-job-glue.html
https://skillbuilder.aws/learn/3AHUUNMH2X/aws-ml-engineer-associate--data-transformation-and-feature-engineering/H2K74ZEHBM
https://skillbuilder.aws/learn/W9E1MCC15B/aws-ml-engineer-associate--validate-data-and-prepare-for-modeling/815QR5D1ZA",14/09/2026
Pandas,"• DataFrame
• In-memory processing
• merge / join / concat
• Data validation","Pandas is a Python library for manipulating and analyzing tabular data using in-memory structures such as DataFrames. It supports filtering, cleaning, aggregation, joins and concatenation, making it useful for exploration and preprocessing when data fits available memory. Users must control data types and join relationships to avoid unintended row multiplication, missing values or incorrect feature construction; Pandas is not inherently a distributed processing service.","Pandas là thư viện Python để thao tác, phân tích dữ liệu bảng bằng cấu trúc trong bộ nhớ như DataFrame. Thư viện hỗ trợ lọc, làm sạch, tổng hợp, join và concat, phù hợp với khám phá, tiền xử lý khi dữ liệu vừa bộ nhớ khả dụng. Người dùng phải kiểm soát kiểu dữ liệu và quan hệ join để tránh nhân bản hàng, sinh giá trị thiếu hoặc tạo feature sai; Pandas vốn không phải dịch vụ xử lý phân tán.","Thao tác dữ liệu bảng thuận tiện trong Python, thích hợp khám phá và ETL dataset vừa bộ nhớ. API merge/concat giúp tạo ví dụ, kiểm tra logic trước đưa sang engine phân tán.","Đọc dữ liệu vào DataFrame, chuẩn hóa dtype/key, merge theo how/on hoặc concat theo axis. Kiểm tra row count, duplicate, null; dùng validate/indicator khi phù hợp để kiểm chứng join.","EDA hoặc extraction nhỏ, xử lý ở máy đơn/Lambda khi đáp ứng giới hạn; kiểm tra sample và prototype logic feature.

Dùng kiểm tra missing bằng isna(), xem tỷ lệ theo cột/nhóm và phát hiện duplicated trước khi quyết định xử lý; tránh coi fillna(0) hoặc dropna() là chiến lược đúng cho mọi dữ liệu.","merge bảng khách với bảng tổng giao dịch bằng left join, validate quan hệ khóa; indicator giúp đếm hàng chưa có giao dịch tương ứng.",RAM dùng khi xử lý có thể lớn hơn file trên đĩa. Pandas không tự phân tán như Spark; join nhiều-nhiều có thể nổ số hàng. So sánh xử lý null key của thư viện với SQL thay vì mặc định chúng giống nhau.,Thư viện,Domain 1,1.2,ETL và merging,Skill Builder,"https://skillbuilder.aws/learn/EZ5E7MDBFM/aws-ml-engineer-associate--collect-ingest-and-store-data/SYGN3UF5BT
https://pandas.pydata.org/docs/user_guide/merging.html
https://skillbuilder.aws/learn/W9E1MCC15B/aws-ml-engineer-associate--validate-data-and-prepare-for-modeling/815QR5D1ZA",14/09/2026
Amazon Comprehend,"• PII detection
• Entity type + offsets + confidence
• Text redaction","Amazon Comprehend is a managed natural language processing service that extracts supported signals from text, including entities, dominant language and personally identifiable information. PII detection returns identified spans, types and confidence information that applications can use in redaction or review workflows. It helps prepare and route text datasets without operating custom NLP infrastructure, but detection results and language support must be validated for the intended corpus.","Amazon Comprehend là dịch vụ xử lý ngôn ngữ tự nhiên được quản lý, trích xuất các tín hiệu được hỗ trợ từ văn bản, gồm thực thể, ngôn ngữ chính và thông tin định danh cá nhân. PII detection trả về đoạn được nhận diện, loại và độ tin cậy để ứng dụng dùng trong workflow che dữ liệu hoặc rà soát. Dịch vụ giúp chuẩn bị, định tuyến dataset văn bản mà không vận hành hạ tầng NLP riêng, nhưng kết quả phát hiện và hỗ trợ ngôn ngữ cần được kiểm tra trên corpus dự kiến.","PII detection giúp biết đoạn nào cần bảo vệ trước khi tạo dataset hoặc corpus. Có thể xử lý văn bản riêng lẻ hoặc theo batch; hỗ trợ redaction trong workflow phù hợp, giảm công việc dò tìm thủ công.

Trong data validation còn hỗ trợ dominant-language detection để filter/route corpus và entity extraction để hiểu nội dung; PII detection dùng để đánh dấu các span cần redaction trước SFT/retrieval.","Đưa text vào thao tác nhận diện; xem type, score và begin/end offsets rồi tạo bản đã redact hoặc dùng batch redaction. Chọn ngưỡng và kiểm tra mẫu để cân bằng bỏ sót với che nhầm.","Chuẩn bị email, transcript hoặc tài liệu hỗ trợ chứa tên, địa chỉ, số tài khoản trước khi dùng cho ML/GenAI.","Nhận diện NAME và EMAIL trong ticket rồi thay bằng placeholder, giữ phần mô tả vấn đề để phân tích.","Comprehend PII hỗ trợ ngôn ngữ theo tài liệu hiện hành; không mặc định hỗ trợ tiếng Việt. Detection không tự sửa mọi nguồn/log. Macie tập trung khám phá dữ liệu nhạy cảm trong S3; Comprehend xử lý nội dung text.

Ngôn ngữ được hỗ trợ phụ thuộc API: dominant-language detection có phạm vi khác PII detection. Không suy rằng phát hiện được tiếng Việt đồng nghĩa mọi API PII/NLP hỗ trợ tiếng Việt.",Managed NLP service,Domain 1,1.3,Transform Data • Privacy,Skill Builder,"https://skillbuilder.aws/learn/3AHUUNMH2X/aws-ml-engineer-associate--data-transformation-and-feature-engineering/H2K74ZEHBM
https://docs.aws.amazon.com/comprehend/latest/dg/how-pii.html
https://skillbuilder.aws/learn/W9E1MCC15B/aws-ml-engineer-associate--validate-data-and-prepare-for-modeling/815QR5D1ZA
https://docs.aws.amazon.com/comprehend/latest/dg/how-languages.html",14/09/2026
Amazon Comprehend Medical,"• Clinical text
• DetectPHI
• Confidence scores
• Human review","Amazon Comprehend Medical is a managed NLP service for extracting supported medical information from clinical text. Operations such as DetectPHI identify potentially protected health information, while broader entity operations extract additional clinical concepts, with offsets and confidence scores for downstream processing. It supports organizing and reviewing clinical text datasets; application logic and qualified review are still needed to redact data and validate findings.","Amazon Comprehend Medical là dịch vụ NLP được quản lý để trích xuất thông tin y khoa được hỗ trợ từ văn bản lâm sàng. Thao tác như DetectPHI nhận diện thông tin sức khỏe có thể cần được bảo vệ; các thao tác entity rộng hơn trích xuất thêm khái niệm lâm sàng, kèm vị trí trong văn bản và điểm độ tin cậy để xử lý downstream. Dịch vụ hỗ trợ tổ chức, rà soát dataset văn bản lâm sàng; vẫn cần logic ứng dụng và rà soát chuyên môn để che dữ liệu, xác nhận kết quả.",DetectPHI giúp tập trung tìm định danh trong clinical text. Entity offsets và confidence hỗ trợ xây pipeline kiểm tra/redact; giảm khối lượng rà soát ban đầu trong tập tài liệu lớn.,"Gọi DetectPHI khi mục tiêu là PHI; DetectEntitiesV2 khi cần các nhóm entity lâm sàng rộng hơn. Áp dụng ngưỡng phù hợp, xem mẫu phát hiện và tạo output được xử lý bằng logic downstream.","Chuẩn bị ghi chú bác sĩ, báo cáo khám hoặc nội dung y tế có định danh trước dùng cho phân tích.","Tên, ngày và mã bệnh nhân được đánh dấu để xử lý; thuật ngữ bệnh lý cần được giữ hoặc tổng quát hóa theo mục đích dataset.",Không đồng nhất nhận diện mọi bệnh/thuốc/thủ thuật với riêng DetectPHI. Kết quả không bảo đảm phát hiện 100% và không tự xác nhận đạt chuẩn de-identification; cần kiểm tra bổ sung. Xem giới hạn ngôn ngữ/input hiện hành.,Managed medical NLP service,Domain 1,1.3,Transform Data • Privacy,Skill Builder,"https://skillbuilder.aws/learn/3AHUUNMH2X/aws-ml-engineer-associate--data-transformation-and-feature-engineering/H2K74ZEHBM
https://docs.aws.amazon.com/comprehend-medical/latest/dev/textanalysis-phi.html",14/09/2026
Amazon Bedrock Guardrails — sensitive information filters,"• Block or mask PII
• Input / response filtering
• Placeholders
• Context-dependent detection","Amazon Bedrock Guardrails sensitive information filters detect configured types of sensitive information and supported custom patterns in content, then block or mask them according to policy. They can protect model inputs and outputs, and supported independent evaluation through ApplyGuardrail can be incorporated into dataset-processing workflows. The filters assess submitted content; they do not automatically rewrite training files or guarantee that every sensitive value is detected.","Bộ lọc thông tin nhạy cảm của Amazon Bedrock Guardrails phát hiện các loại thông tin nhạy cảm đã cấu hình và mẫu tùy chỉnh được hỗ trợ trong nội dung, rồi chặn hoặc che theo chính sách. Bộ lọc có thể bảo vệ input/output của model; khả năng đánh giá độc lập được hỗ trợ qua ApplyGuardrail có thể tích hợp vào workflow xử lý dataset. Bộ lọc đánh giá nội dung được gửi vào, không tự sửa file training và không bảo đảm phát hiện mọi giá trị nhạy cảm.","Block ngăn toàn bộ nội dung được đánh dấu tiếp tục theo đường xử lý; Mask thay giá trị bằng nhãn như {NAME}/{EMAIL}, giúp giữ phần còn lại của ngữ cảnh. Có thể bổ sung mẫu regex theo nhu cầu.","Cấu hình loại PII, regex và hành vi cho input/output; áp dụng guardrail, kiểm tra kết quả cùng các trường hợp bị che nhầm/bỏ sót. Trong D1, liên hệ với cách bảo vệ dữ liệu được đưa vào hoặc lấy ra từ mô hình.

Có thể gọi ApplyGuardrail độc lập để đánh giá text; nếu dùng cho dataset bạn phải xây bước đọc records, xử lý kết quả và ghi corpus đã che/loại. Guardrail của ứng dụng inference không tự thay đổi training files trên S3.",Ứng dụng GenAI cần xử lý hội thoại có dữ liệu nhạy cảm và vẫn giữ nội dung hữu ích sau khi che.,Prompt chứa email được thay bằng {EMAIL}; response chứa số tài khoản có thể bị block theo cấu hình.,Không tự làm sạch corpus S3 hay chứng minh anonymization toàn dataset. Tài liệu nêu raw PII có thể còn trong invocation logs/trace; sensitive-information filter không nhận diện PII trong tool_use output parameters. Cần xử lý riêng các bề mặt này.,Guardrail capability,Domain 1,1.3,Transform Data • Privacy,Skill Builder,"https://skillbuilder.aws/learn/3AHUUNMH2X/aws-ml-engineer-associate--data-transformation-and-feature-engineering/H2K74ZEHBM
https://docs.aws.amazon.com/bedrock/latest/userguide/guardrails-sensitive-filters.html
https://skillbuilder.aws/learn/W9E1MCC15B/aws-ml-engineer-associate--validate-data-and-prepare-for-modeling/815QR5D1ZA
https://docs.aws.amazon.com/bedrock/latest/userguide/guardrails-use-independent-api.html",14/09/2026
Amazon Titan Multimodal Embeddings G1,"• Text + image
• Shared semantic space
• Cross-modal retrieval
• 1024 / 384 / 256",Amazon Titan Multimodal Embeddings G1 is a Bedrock embedding model that maps supported text and image inputs into a shared numerical representation space. These embeddings enable tasks such as finding images from text descriptions or retrieving visually similar items. Applications store vectors with source metadata and use compatible query embeddings and index dimensions; this model generates representations rather than conversational responses.,"Amazon Titan Multimodal Embeddings G1 là embedding model trên Bedrock ánh xạ đầu vào văn bản, hình ảnh được hỗ trợ vào một không gian biểu diễn số chung. Các embedding cho phép thực hiện tác vụ như tìm ảnh bằng mô tả văn bản hoặc truy xuất mục có hình ảnh tương tự. Ứng dụng lưu vector cùng metadata nguồn và sử dụng query embedding, số chiều index tương thích; model tạo biểu diễn dữ liệu thay vì câu trả lời hội thoại.","Hỗ trợ tìm ảnh bằng câu mô tả, tìm ảnh tương tự hoặc kết hợp ảnh và text. Output có lựa chọn số chiều để cân bằng tài nguyên với chất lượng truy xuất.","Chuẩn bị input đúng modality/định dạng, gọi model để tạo vector, lưu cùng source metadata; embed query bằng cùng model và cấu hình phù hợp rồi tìm similarity trong index.",Tìm kiếm ảnh sản phẩm bằng mô tả tự nhiên; recommendation hoặc dò ảnh gần giống trong catalog.,Query “red running shoes” được ánh xạ vào cùng không gian với ảnh sản phẩm để lấy các ảnh liên quan.,"Không phải Titan Text Embeddings V2: G1 multimodal dùng 1024 mặc định, 384 hoặc 256; Text V2 dùng 1024/512/256. Model này tạo vector, không sinh ảnh hay câu trả lời. Kiểm tra giới hạn input và ngôn ngữ hỗ trợ.",Embedding model on Bedrock,Domain 1,1.2,Transform Data • Embeddings,Skill Builder,"https://skillbuilder.aws/learn/3AHUUNMH2X/aws-ml-engineer-associate--data-transformation-and-feature-engineering/H2K74ZEHBM
https://docs.aws.amazon.com/bedrock/latest/userguide/titan-multiemb-models.html",14/09/2026
SageMaker Feature Store Feature Processing,"• Transform + ingest
• Sources → function → sinks
• Managed pipelines
• Scheduled runs","SageMaker Feature Store Feature Processing defines and executes repeatable transformations that read batch data from configured sources and ingest resulting features into feature groups. A feature-processing workflow specifies transformation code, inputs and sinks and can be integrated with supported scheduling or pipeline mechanisms. It reduces repetitive compute orchestration and supports lineage, while the developer remains responsible for feature definitions, schema, record identifiers and event times.","SageMaker Feature Store Feature Processing định nghĩa và thực thi các phép biến đổi lặp lại, đọc dữ liệu batch từ nguồn đã cấu hình và nạp feature kết quả vào feature group. Workflow khai báo mã biến đổi, input, sink và có thể tích hợp với cơ chế lịch hoặc pipeline được hỗ trợ. Tính năng giảm công điều phối compute lặp lại và hỗ trợ lineage, còn người phát triển chịu trách nhiệm định nghĩa feature, schema, định danh bản ghi và event time.",Giảm công sức quản lý compute và pipeline cho các tác vụ feature lặp lại. Định nghĩa transformation có thể tái sử dụng; theo dõi các lần chạy và lineage giúp truy nguồn feature.,"Chỉ định sources, hàm biến đổi và sinks qua Feature Processor SDK; chạy pipeline và cấu hình lịch/sự kiện theo hỗ trợ. Kiểm tra output schema, record ID và event time trước khi cho downstream sử dụng.",Tạo tổng số lượt xem hoặc trung bình giá trị giao dịch định kỳ và nạp vào feature group dùng chung.,Dữ liệu giao dịch → hàm aggregate theo customer → feature group customer_stats; job tạo phiên bản feature theo thời điểm.,"Feature group tự nó không tự suy ra logic biến đổi. Đây là feature processing theo batch, không phải SageMaker Batch Transform dùng cho batch inference. Cần định nghĩa transformation, quyền và nơi ghi cụ thể.",Feature engineering capability / SDK,Domain 1,1.2,Transform Data • Features,Skill Builder,"https://skillbuilder.aws/learn/3AHUUNMH2X/aws-ml-engineer-associate--data-transformation-and-feature-engineering/H2K74ZEHBM
https://docs.aws.amazon.com/sagemaker/latest/dg/feature-store-feature-processing.html",14/09/2026
Amazon SageMaker Canvas — Data Wrangler,"• Visual workspace
• Low-code preparation
• Explore / transform / export","SageMaker Canvas includes Data Wrangler capabilities for visually importing, profiling, cleaning and transforming data for ML. Users build preparation flows, inspect statistics, combine data and export prepared outputs for modeling or reusable processing. It makes standard preparation operations accessible with less code, but transformations learned from training data must still be applied consistently to held-out and inference data to avoid leakage and skew.","SageMaker Canvas có các khả năng Data Wrangler để nhập, phân tích đặc điểm, làm sạch và biến đổi dữ liệu ML bằng giao diện trực quan. Người dùng xây flow chuẩn bị, xem thống kê, kết hợp dữ liệu và xuất đầu ra để modeling hoặc xử lý tái sử dụng. Công cụ giúp thực hiện thao tác chuẩn với ít mã hơn, nhưng phép biến đổi học từ train vẫn phải áp dụng nhất quán cho dữ liệu giữ riêng và inference để tránh leakage, training-serving skew.","Giúp data scientist/analyst xem thống kê, làm sạch, kết hợp cột và thử các phép biến đổi mà ít phải viết code; nối bước chuẩn bị với workflow modeling trong hệ sinh thái SageMaker.","Import dataset, kiểm tra profile, thêm các transform thích hợp, lưu flow và xuất kết quả. Quản lý logic học từ train để tái sử dụng nhất quán cho dữ liệu giữ riêng.",Nhóm cần một giao diện chuẩn bị dữ liệu dễ kiểm tra và có thể lặp lại flow cho batch tiếp theo.,"Flow xử lý cột ngày, mã hóa category và tạo feature; xuất dataset đã biến đổi cho bước modeling.","Canvas là không gian làm việc; Data Wrangler là khả năng chuẩn bị dữ liệu. Mục này giải thích vị trí công cụ, không coi Canvas là feature store hay mặc định mọi thao tác visual đều chống leakage.",Visual ML workspace / integration,Domain 1,1.2,Transform Data • AWS tools,Skill Builder,"https://skillbuilder.aws/learn/3AHUUNMH2X/aws-ml-engineer-associate--data-transformation-and-feature-engineering/H2K74ZEHBM
https://docs.aws.amazon.com/sagemaker/latest/dg/data-wrangler.html",14/09/2026
Amazon Bedrock Guardrails — content filters,"• Harmful-content screening
• Configurable thresholds
• Review flagged examples","Amazon Bedrock Guardrails content filters evaluate submitted content against configured harmful-content categories and filter strengths. Applications use the resulting assessments to block or otherwise handle content in supported inference or independent evaluation workflows. They can support corpus review when explicitly integrated into a data pipeline, but do not automatically clean stored datasets or replace application authorization and human review of ambiguous cases.","Bộ lọc nội dung của Amazon Bedrock Guardrails đánh giá nội dung được gửi vào theo các nhóm nội dung gây hại và mức độ lọc đã cấu hình. Ứng dụng dùng assessment để chặn hoặc xử lý nội dung trong workflow inference hay đánh giá độc lập được hỗ trợ. Bộ lọc có thể hỗ trợ rà soát corpus khi được tích hợp rõ vào pipeline dữ liệu, nhưng không tự làm sạch dataset lưu sẵn, không thay thế phân quyền ứng dụng hay rà soát trường hợp khó kết luận.","Hỗ trợ phát hiện mẫu có hại trước khi đưa vào dataset hoặc trong ứng dụng GenAI; giúp áp dụng một chính sách nhất quán. Trong D1, lợi ích là giảm nguy cơ học lại các mẫu không phù hợp từ corpus.","Định nghĩa policy và guardrail version; ứng dụng gọi API phù hợp trên nội dung cần kiểm tra, đọc assessment rồi quyết định giữ/chỉnh/loại. ApplyGuardrail cho phép đánh giá nội dung độc lập với việc gọi model; bạn vẫn phải điều phối đọc/ghi corpus.",Screen prompt-response examples chứa ngôn ngữ gây hại hoặc cần áp dụng tiêu chí nội dung nhất quán trước training.,"Pipeline đọc từng support pair, đánh giá prompt/response, đưa mẫu bị gắn cờ vào review và chỉ xuất các bản đã đạt tiêu chí vào prefix S3 đã kiểm định.",Không tự quét/sửa toàn bộ S3 corpus và không bảo đảm nhận diện mọi nội dung sai. PII filters là tính năng riêng; factual accuracy và data provenance cần lớp kiểm tra khác. Đánh giá false positive/negative theo ngôn ngữ/task.,Guardrail capability,Domain 1,1.3,Validate Data • AI Integrity,Skill Builder,"https://skillbuilder.aws/learn/W9E1MCC15B/aws-ml-engineer-associate--validate-data-and-prepare-for-modeling/815QR5D1ZA
https://docs.aws.amazon.com/bedrock/latest/userguide/guardrails-content-filters-overview.html
https://docs.aws.amazon.com/bedrock/latest/userguide/guardrails-use-independent-api.html",14/09/2026
Amazon Bedrock Guardrails — contextual grounding checks,"• Grounding
• Relevance
• Reference + query + response","Amazon Bedrock Guardrails contextual grounding checks assess whether a supported response is grounded in supplied reference material and relevant to the supplied query. Applications provide the source, query and response, configure thresholds and use separate assessment signals to flag unsupported or off-topic answers. This can support review of reference-based examples, but it is an assessment mechanism rather than a guarantee of truth or automatic correction.","Contextual grounding checks của Amazon Bedrock Guardrails đánh giá liệu phản hồi được hỗ trợ có căn cứ trong tài liệu tham chiếu được cung cấp và có liên quan câu hỏi được cung cấp hay không. Ứng dụng gửi source, query, response, cấu hình threshold rồi dùng các tín hiệu đánh giá riêng để gắn cờ câu trả lời thiếu căn cứ hoặc lệch chủ đề. Tính năng hỗ trợ rà soát ví dụ có nguồn tham chiếu nhưng là cơ chế đánh giá, không bảo đảm sự thật hay tự sửa câu trả lời.",Giúp gắn cờ câu trả lời không được nguồn hỗ trợ hoặc trả lời lệch câu hỏi; bổ trợ QA ví dụ có reference khi chuẩn bị dữ liệu. Hai điểm số giúp phân biệt unsupported facts với irrelevant answers.,"Cung cấp grounding source, query và response; đặt threshold phù hợp; dùng kết quả để review hoặc lọc ví dụ. Có thể gọi qua ApplyGuardrail khi không cần sinh thêm câu trả lời.","Tuyển chọn dữ liệu question answering, summarization hoặc paraphrasing có nguồn đáng tin và phù hợp giới hạn hỗ trợ.",Nguồn nói phí duy trì là 10 USD/tháng nhưng response nói 20 USD → gắn cờ grounding. Response đúng về phí khác nhưng không trả lời query → vấn đề relevance.,"Đây là kiểm tra tương đối với nguồn, không xác nhận nguồn đúng/cập nhật. Docs hiện hành nêu conversational QA/chatbot chưa hỗ trợ; không suy rằng mọi support transcript dùng được trực tiếp. Cần chuyển thành ví dụ QA được hỗ trợ và kiểm tra giới hạn trước áp dụng.",Guardrail capability,Domain 1,1.3,Validate Data • AI Integrity,Skill Builder,"https://skillbuilder.aws/learn/W9E1MCC15B/aws-ml-engineer-associate--validate-data-and-prepare-for-modeling/815QR5D1ZA
https://docs.aws.amazon.com/bedrock/latest/userguide/guardrails-contextual-grounding-check.html
https://docs.aws.amazon.com/bedrock/latest/userguide/guardrails-use-independent-api.html",14/09/2026