MLA-C01 • DOMAIN 1,THUẬT NGỮ & KEYWORD,Collect/Store + Transform + Validate Data; Domain 1.,,,,,,,,,,,,,
210 mục • 16 cột,197 mục theo chủ đề Skill Builder,"1.1 Collect, ingest & store data",,,,,,,,,,,,,
Đọc cột B: keyword cần nhớ,13 mục bổ sung Domain 1,1.2 Transform & feature engineering,,,,,,,,,,,,,
Đối chiếu: 14/09/2026,Nguồn: cột O • Ví dụ tự xây dựng,1.3 Data integrity & preparation,,,,,,,,,,,,,
Key / Thuật ngữ,Keyword cần nhớ,Nghĩa tiếng Việt,Definition (EN),Định nghĩa (VI),Cơ chế / Giải thích chi tiết,Ví dụ / Công thức,Vai trò / Khi áp dụng,Điểm dễ nhầm / Điều kiện,Dịch vụ liên quan,Domain,Task,Nhóm chủ đề,Phạm vi nguồn,Nguồn tham khảo,Ngày đối chiếu
Representative,"• Target population
• Coverage
• Sampling distribution",Có tính đại diện,Data reflects the target population and operating conditions.,Dữ liệu phản ánh đối tượng và bối cảnh mô hình sẽ gặp thực tế.,"Dữ liệu cần phản ánh các đối tượng, điều kiện và phân bố mà mô hình sẽ gặp khi dùng thật. Kiểm tra tỷ lệ nhóm, vùng, thiết bị và thời gian; so sánh mẫu với dân số mục tiêu thay vì chỉ đếm tổng số dòng.

Validate Data yêu cầu kiểm tra đại diện theo từng nhóm và modality. Numeric đủ nhóm tuổi chưa bảo đảm text/image hoặc dataset sau join đủ độ bao phủ; xem Multimodal bias assessment và P40.",Tập dùng thật có 60% mobile nhưng train chỉ có 10% mobile: tăng dữ liệu phù hợp hoặc thiết kế sampling/weighting và kiểm tra từng nhóm.,"Giúp mô hình tổng quát sang người dùng thật, hạn chế selection bias. Bar chart và bảng tỷ lệ là cách kiểm tra ban đầu.","Dữ liệu lớn vẫn có thể không đại diện; lấy mẫu đều các nhóm cũng chưa chắc đúng với phân bố triển khai. Cần xác định “đại diện cho ai, ở thời điểm nào”.",Data Wrangler,Domain 1,1.1,Chất lượng dữ liệu,Skill Builder,"https://skillbuilder.aws/learn/EZ5E7MDBFM/aws-ml-engineer-associate--collect-ingest-and-store-data/SYGN3UF5BT
https://skillbuilder.aws/learn/W9E1MCC15B/aws-ml-engineer-associate--validate-data-and-prepare-for-modeling/815QR5D1ZA",14/09/2026
Relevant,"• Prediction objective
• Useful information
• Available at prediction time",Phù hợp bài toán,Information is useful for the prediction objective.,Thông tin có ích cho mục tiêu dự đoán.,"Feature có ý nghĩa đối với mục tiêu dự đoán và có thể cung cấp tại thời điểm dự đoán. Đánh giá dựa trên bối cảnh nghiệp vụ, quan hệ dữ liệu và kiểm chứng trên validation, không chỉ do trường đó có sẵn.",Dự đoán lỗi máy: nhiệt độ/rung có thể liên quan; ID bản ghi thường ít ý nghĩa. Trường “đã sửa máy” phát sinh sau lỗi có thể là leakage.,Giúp ưu tiên thu thập đúng dữ liệu và tránh thêm cột không phục vụ bài toán.,Tương quan không chứng minh nhân quả. Feature liên quan mạnh nhưng chỉ biết sau kết quả vẫn không hợp lệ cho inference.,Data Wrangler,Domain 1,1.1,Chất lượng dữ liệu,Skill Builder,https://skillbuilder.aws/learn/EZ5E7MDBFM/aws-ml-engineer-associate--collect-ingest-and-store-data/SYGN3UF5BT,14/09/2026
Feature rich,"• Informative attributes
• Complementary sources
• Signal over noise",Giàu đặc trưng,Data provides varied informative attributes.,Dữ liệu có nhiều thuộc tính hữu ích để nhận ra quy luật.,"Dữ liệu có nhiều góc nhìn bổ sung và tín hiệu hữu ích để mô hình nhận ra quy luật. Có thể làm giàu bằng nguồn hành vi, giao dịch hoặc bối cảnh, với khóa ghép và thời gian đúng.","Ghép mức sử dụng, số lần liên hệ hỗ trợ và thời gian gắn bó để dự đoán rời bỏ; đo tác động từng nhóm feature trên validation.",Bổ sung thông tin mà một nguồn đơn lẻ không thể thể hiện; hỗ trợ feature engineering và nhận diện tương tác.,"Không đồng nghĩa càng nhiều cột càng tốt. Feature trùng, nhiễu, đắt khi phục vụ hoặc gây leakage có thể làm mô hình kém hơn.",Feature Store,Domain 1,1.1,Chất lượng dữ liệu,Skill Builder,https://skillbuilder.aws/learn/EZ5E7MDBFM/aws-ml-engineer-associate--collect-ingest-and-store-data/SYGN3UF5BT,14/09/2026
Consistent,"• Same units
• Same formats
• Same meaning",Nhất quán,"Formats, units, and meanings agree across records.","Định dạng, đơn vị và ý nghĩa thuộc tính thống nhất.","Cùng một thuộc tính phải được biểu diễn với đơn vị, kiểu, quy ước và ý nghĩa tương thích giữa bản ghi/nguồn. Chuẩn hóa trước merge và áp dụng giống nhau trong train/inference.

Tính nhất quán cần xét giữa nguồn, thời gian và features: đơn vị, language/category, cách đo và định nghĩa nhãn. Ví dụ category học vấn từ ngôn ngữ khác cần mapping thống nhất có căn cứ, không chỉ đổi kiểu string.","Một nguồn dùng cm, nguồn khác dùng inch: đổi về cùng đơn vị; thống nhất timezone và mã danh mục trước tính feature.","Giảm sai lệch do biểu diễn, giúp join và transform có nghĩa, giữ tính nhất quán quy trình.",Consistent khác accurate: mọi giá trị đều lệch một đơn vị có thể rất nhất quán nhưng sai thực tế. Không tự đổi kiểu ID nếu làm mất số 0 đầu.,AWS Glue,Domain 1,1.1,Chất lượng dữ liệu,Skill Builder,"https://skillbuilder.aws/learn/EZ5E7MDBFM/aws-ml-engineer-associate--collect-ingest-and-store-data/SYGN3UF5BT
https://skillbuilder.aws/learn/W9E1MCC15B/aws-ml-engineer-associate--validate-data-and-prepare-for-modeling/815QR5D1ZA",14/09/2026
Data lineage / provenance,"• Source → transformations → output
• Reproducibility
• Auditability",Dòng dõi / nguồn gốc dữ liệu,Records describe where data came from and how it changed.,Ghi lại nguồn gốc và các bước biến đổi dữ liệu.,"Theo dõi dữ liệu đến từ đâu, qua bước xử lý nào và được dùng bởi job/dataset nào. Gắn source version, thời điểm, code/config và output để truy ngược lỗi hoặc tái tạo tập train.

Trong AI training integrity, provenance còn giúp đánh giá nguy cơ data poisoning: ghi nguồn của từng ví dụ, phiên bản policy/knowledge base và ai có quyền sửa. Nguồn không rõ cần review trước khi dùng cho fine-tuning.",Dataset v3 được tạo từ source snapshot v7 bằng script commit X và recipe Y; ghi liên kết đến manifest và job run.,"Hỗ trợ tái lập, điều tra thay đổi chất lượng và kiểm tra quyền sử dụng dữ liệu.",Chỉ ghi URL nguồn chưa đủ lineage; cần mô tả phiên bản và biến đổi. Lineage không thay kiểm tra tính đúng/sự đồng ý sử dụng dữ liệu.,AWS Glue; SageMaker AI,Domain 1,1.1,Catalog và metadata,Skill Builder,"https://skillbuilder.aws/learn/EZ5E7MDBFM/aws-ml-engineer-associate--collect-ingest-and-store-data/SYGN3UF5BT
https://skillbuilder.aws/learn/W9E1MCC15B/aws-ml-engineer-associate--validate-data-and-prepare-for-modeling/815QR5D1ZA",14/09/2026
Manifest file,"• List of samples
• S3 references
• Labels / metadata
• Versioning",Tệp danh mục dữ liệu,A file lists data items and associated metadata.,Tệp liệt kê mẫu dữ liệu và thông tin liên quan.,"Manifest liệt kê mẫu dữ liệu, vị trí tệp và thông tin liên quan như nhãn, modality hoặc ID. Với dữ liệu đa phương thức, nó thể hiện quan hệ giữa các thành phần của cùng một mẫu.","Một dòng JSONL: {""sample_id"":""s001"",""image"":""s3://demo/img1.jpg"",""caption"":""một chiếc xe"",""label"":""vehicle""}. Đây là ví dụ schema riêng, không mặc định là input hợp lệ cho mọi API.","Giúp chọn đúng tập mẫu, nối nhãn với tệp và chốt phiên bản dataset để tái lập.",Augmented manifest của SageMaker có yêu cầu field/AttributeNames riêng. Không dùng manifest ví dụ nếu thuật toán không hỗ trợ schema đó; kiểm tra URI và mẫu thiếu thành phần.,S3; Ground Truth,Domain 1,1.1,Catalog và metadata,Skill Builder,https://skillbuilder.aws/learn/EZ5E7MDBFM/aws-ml-engineer-associate--collect-ingest-and-store-data/SYGN3UF5BT,14/09/2026
Metadata,"• Object-level
• Dataset-level
• Catalog-level",Siêu dữ liệu,Descriptive attributes explain data context and structure.,"Thông tin mô tả nguồn, cấu trúc và bối cảnh dữ liệu.","Thông tin mô tả dữ liệu thay vì chính nội dung: nguồn, format, kích thước, ngôn ngữ, thời gian và trạng thái xử lý. Object metadata/tags hoặc sidecar mô tả từng tệp; manifest mô tả dataset; catalog giúp discovery giữa nhóm.","Ảnh có width/height, source và sample_id; dataset có version và schema; Glue Catalog có location/partition để công cụ tìm thấy.","Hỗ trợ lọc, truy xuất, kiểm tra chất lượng, cross-modal alignment và audit.","Metadata có thể cũ hoặc sai. S3 tags, user metadata, manifest và Catalog có khả năng/giới hạn khác nhau; không giả định Inventory luôn chứa mọi tag tùy chỉnh.",Glue Data Catalog; S3,Domain 1,1.1,Catalog và metadata,Skill Builder,https://skillbuilder.aws/learn/EZ5E7MDBFM/aws-ml-engineer-associate--collect-ingest-and-store-data/SYGN3UF5BT,14/09/2026
Schema,"• Field names
• Data types
• Structure
• Contract",Lược đồ dữ liệu,"A specification defines fields, types, and structure.","Đặc tả quy định trường, kiểu và cấu trúc dữ liệu.","Đặc tả tên trường, kiểu, cấu trúc lồng nhau và ràng buộc được áp dụng. Reader/ETL dựa vào schema để diễn giải bytes thành bản ghi; cần cơ chế kiểm soát khi nguồn thay đổi.","amount là số, event_time là timestamp, customer_id là chuỗi giữ số 0 đầu. Record sai kiểu được cách ly hoặc chuyển đổi theo quy tắc.",Cho phép query/merge/transform có ý nghĩa và phát hiện incompatibility sớm.,"Đúng schema chưa đủ quality: amount=-999 vẫn là số nhưng có thể sai nghiệp vụ. Schema inference cần kiểm tra, không mặc định luôn chính xác.",Glue Data Catalog,Domain 1,1.1,Catalog và metadata,Skill Builder,"https://skillbuilder.aws/learn/EZ5E7MDBFM/aws-ml-engineer-associate--collect-ingest-and-store-data/SYGN3UF5BT
https://docs.aws.amazon.com/glue/latest/dg/catalog-and-crawler.html",14/09/2026
Schema drift,"• Source changes
• Added / removed fields
• Type changes
• Compatibility",Thay đổi schema nguồn,Source fields or types change over time.,Các trường hoặc kiểu dữ liệu nguồn thay đổi theo thời gian.,"Schema nguồn biến đổi theo thời gian, như thêm cột, đổi kiểu hoặc cấu trúc. Crawler có thể nhận diện nhưng consumer phải có cách chấp nhận, chuyển đổi, version hóa hoặc từ chối thay đổi.","Nguồn đổi amount từ 42.5 thành chuỗi “42,5”; kiểm tra locale rồi parse rõ ràng thay vì để job âm thầm tạo null.",Giúp tránh pipeline hỏng hoặc tạo feature sai khi nguồn được cập nhật.,"Tự cập nhật Catalog không tự sửa ETL. Cần theo dõi lỗi parse, tỷ lệ null và schema trước/sau, có quy tắc cho thay đổi breaking/non-breaking.",AWS Glue,Domain 1,1.1,Catalog và metadata,Skill Builder,https://skillbuilder.aws/learn/EZ5E7MDBFM/aws-ml-engineer-associate--collect-ingest-and-store-data/SYGN3UF5BT,14/09/2026
Bit depth,"• Bits per sample
• Amplitude precision
• PCM",Độ sâu bit âm thanh,Bits per sample determine amplitude precision.,Số bit mỗi mẫu quyết định độ chính xác biên độ.,Số bit biểu diễn biên độ của một mẫu âm thanh số; nhiều bit thường cho khả năng biểu diễn mức biên độ chi tiết hơn trong dữ liệu PCM. Phải phân biệt với số mẫu mỗi giây và bitrate file nén.,"PCM 16-bit mono, 16.000 mẫu/s trong 60 s: dữ liệu thô ≈16.000×16×1×60/8 = 1.920.000 byte, chưa tính header.",Hữu ích khi chuẩn hóa audio và ước lượng dung lượng/băng thông trước ingestion.,Tăng bit depth từ dữ liệu đã mất thông tin không tái tạo tín hiệu gốc. Bitrate MP3 không thể hiểu đơn giản là bit depth×sample rate.,Amazon Transcribe,Domain 1,1.1,Đa phương thức,Skill Builder,https://skillbuilder.aws/learn/EZ5E7MDBFM/aws-ml-engineer-associate--collect-ingest-and-store-data/SYGN3UF5BT,14/09/2026
Cross-modal alignment,"• Consistent sample_id
• Correct pairs
• Temporal alignment",Căn chỉnh đa phương thức,Corresponding modality elements are linked consistently.,Liên kết nhất quán các thành phần thuộc cùng mẫu.,"Liên kết đúng ảnh, caption, audio, transcript hoặc frame thuộc cùng một mẫu. Với dữ liệu theo thời gian, cần thêm timestamp/offset để khớp đoạn tương ứng, không chỉ cùng tên thư mục.",sample_id=s001 nối audio với transcript của chính đoạn ghi đó; kiểm tra duration và đoạn thời gian khi ghép clip với phụ đề.,Ngăn mô hình học quan hệ sai do cặp dữ liệu bị lệch; quyết định chất lượng tập đa phương thức.,"Hai tệp riêng lẻ hợp lệ nhưng ghép nhầm vẫn tạo mẫu sai. Phải kiểm tra missing modalities, ID trùng và version của từng thành phần.",S3 manifests,Domain 1,1.1,Đa phương thức,Skill Builder,https://skillbuilder.aws/learn/EZ5E7MDBFM/aws-ml-engineer-associate--collect-ingest-and-store-data/SYGN3UF5BT,14/09/2026
Lossless / lossy compression,"• Exact reconstruction
• Information loss
• Size-quality trade-off",Nén không mất / có mất dữ liệu,Compression either preserves original information or discards some of it.,Nén bảo toàn thông tin gốc hoặc bỏ một phần thông tin.,"Lossless cho phép khôi phục đúng dữ liệu ban đầu; lossy bỏ một phần thông tin để giảm kích thước. Lựa chọn dựa vào yêu cầu tác vụ và ảnh hưởng của mất thông tin, không chỉ dung lượng.","PNG/FLAC là ví dụ lossless; JPEG/MP3 thường lossy. Với segmentation cần ranh giới pixel, việc nén ảnh mạnh có thể làm mất chi tiết cần thiết.","Cân bằng bandwidth, storage và chất lượng đầu vào ML khi ingest ảnh/audio/video.",Định dạng container không luôn quyết định codec; WAV có thể chứa nhiều encoding. Không giả định một tỷ lệ nén cố định đúng với mọi tệp.,Amazon S3,Domain 1,1.1,Đa phương thức,Skill Builder,https://skillbuilder.aws/learn/EZ5E7MDBFM/aws-ml-engineer-associate--collect-ingest-and-store-data/SYGN3UF5BT,14/09/2026
Multimodal data,"• Text + image + audio + video
• Alignment
• Per-modality preprocessing",Dữ liệu đa phương thức,A data set combines two or more information modalities.,Tập dữ liệu kết hợp từ hai phương thức thông tin.,"Một dataset hoặc mẫu kết hợp từ hai modality trở lên. Mỗi loại có format, kích thước, preprocessing và nhãn khác nhau, nhưng phải có metadata liên kết để dùng chung.","Một mẫu có ảnh sản phẩm, mô tả và video ngắn; giữ bản gốc, tạo bản chuẩn hóa theo model và ghi quan hệ trong manifest.","Khai thác thông tin bổ sung giữa các modality, hỗ trợ RAG và mô hình đa phương thức trong bài học.",Không phải model nào cũng nhận mọi modality. Cần kiểm tra schema/giới hạn model cụ thể; “có ảnh trong PDF” chưa bảo đảm parser xử lý được thông tin hình ảnh.,S3; Bedrock,Domain 1,1.1,Đa phương thức,Skill Builder,https://skillbuilder.aws/learn/EZ5E7MDBFM/aws-ml-engineer-associate--collect-ingest-and-store-data/SYGN3UF5BT,14/09/2026
Sample rate,"• Samples per second
• Hz
• Resampling",Tần số lấy mẫu âm thanh,The number of audio samples recorded per second.,"Số mẫu âm thanh ghi mỗi giây, tính bằng Hz.","Số mẫu âm thanh được lấy mỗi giây, quyết định độ phân giải theo thời gian/tần số có thể biểu diễn. Chuẩn hóa theo yêu cầu model hoặc dịch vụ, dùng resampling đúng cách khi cần.","16 kHz nghĩa là 16.000 mẫu mỗi giây; thường gặp trong speech. 44,1 kHz thường dùng âm nhạc, nhưng yêu cầu thực tế phụ thuộc tác vụ.",Giữ input audio nhất quán và kiểm soát dung lượng trước transcription/training.,"Không đổi metadata sample rate mà không resample tín hiệu. Upsampling không khôi phục tần số đã mất; phân biệt sample rate, channel count và bit depth.",Amazon Transcribe,Domain 1,1.1,Đa phương thức,Skill Builder,https://skillbuilder.aws/learn/EZ5E7MDBFM/aws-ml-engineer-associate--collect-ingest-and-store-data/SYGN3UF5BT,14/09/2026
Apache Avro,"• Row-oriented records
• Binary serialization
• Schema
• Schema evolution",Định dạng tuần tự hóa Avro,A schema-based binary format serializes records.,Định dạng nhị phân dựa trên schema để tuần tự hóa bản ghi.,Tuần tự hóa dữ liệu thành bản ghi nhị phân có schema. Thích hợp luồng record và trao đổi dữ liệu cần kiểm soát cấu trúc; có quy tắc giải quyết writer/reader schema để hỗ trợ thay đổi tương thích.,"Producer thêm trường có default phù hợp, consumer đọc bằng schema tương thích; kiểm thử compatibility trước rollout.","Thuận tiện cho pipeline xử lý lần lượt bản ghi và hệ sinh thái event/schema, không thiên về chỉ đọc ít cột trên file lớn.",Không đồng nhất Avro với RecordIO. Có schema không có nghĩa mọi thay đổi đều tương thích; việc đổi kiểu/xóa trường cần xét quy tắc reader/writer.,Kafka; AWS Glue,Domain 1,1.1,Định dạng,Skill Builder,"https://skillbuilder.aws/learn/EZ5E7MDBFM/aws-ml-engineer-associate--collect-ingest-and-store-data/SYGN3UF5BT
https://avro.apache.org/docs/1.12.0/specification/",14/09/2026
Apache ORC,"• Columnar
• Compression
• Statistics / indexes
• Analytics",Định dạng cột ORC,A columnar format provides compression and indexing for analytics.,Định dạng theo cột hỗ trợ nén và chỉ mục phục vụ phân tích.,"Lưu theo cột, hỗ trợ nén và thông tin thống kê/chỉ mục để engine tránh đọc phần không cần. Thường gặp trong Hive/Spark và phân tích tập dữ liệu lớn.",Query chỉ cần các cột region và amount; column pruning và metadata của file có thể giảm lượng đọc so với toàn record.,"Tối ưu analytics và đọc feature theo cột, giảm storage/I/O khi engine tận dụng được định dạng.","ORC là định dạng file, không phải service. Hiệu quả phụ thuộc query engine, filter, kích thước file và partition; không mặc định vượt Parquet trong mọi workload.",EMR; Athena,Domain 1,1.1,Định dạng,Skill Builder,"https://skillbuilder.aws/learn/EZ5E7MDBFM/aws-ml-engineer-associate--collect-ingest-and-store-data/SYGN3UF5BT
https://orc.apache.org/docs/",14/09/2026
Apache Parquet,"• Columnar storage
• Column pruning
• Compression
• Predicate pushdown",Định dạng cột Parquet,A column-oriented file format supports efficient analytical reads.,Định dạng tệp theo cột giúp đọc phân tích hiệu quả.,Tổ chức dữ liệu theo cột với encoding/nén và metadata hỗ trợ đọc phân tích. Engine có thể đọc cột cần dùng và bỏ row group không phù hợp filter khi được hỗ trợ.,"Tập 100 cột, query chỉ dùng 5 cột và một khoảng ngày: Parquet kết hợp partition/filter phù hợp giảm dữ liệu phải quét.",Lựa chọn mạnh cho tabular data lake và analytics/training reader hỗ trợ Parquet; kết hợp Snappy khi ưu tiên giải nén nhanh.,Không phải mọi built-in algorithm nhận Parquet trực tiếp. Cần chuyển sang input format được hỗ trợ; rất nhiều file nhỏ vẫn gây overhead dù đã dùng Parquet.,Athena; AWS Glue,Domain 1,1.1,Định dạng,Skill Builder,"https://skillbuilder.aws/learn/EZ5E7MDBFM/aws-ml-engineer-associate--collect-ingest-and-store-data/SYGN3UF5BT
https://parquet.apache.org/docs/overview/",14/09/2026
CSV,"• Row-based text
• Delimiters
• Human-readable
• Weak type information",Giá trị phân cách bằng dấu phẩy,A text format represents records as delimited fields.,Định dạng văn bản biểu diễn bản ghi bằng các trường phân cách.,"Dữ liệu bảng được ghi thành dòng và trường phân cách; cần quy ước delimiter, quote, escape, encoding và header rõ. Kiểu dữ liệu thường được suy luận hoặc quy định ngoài file.","Trường chứa dấu phẩy phải quote đúng; ID “0012” nên giữ chuỗi. Khi làm input training, kiểm tra thuật toán có cho header và yêu cầu thứ tự label/feature hay không.","Dễ trao đổi, kiểm tra bằng mắt và tương thích nhiều công cụ; thuận tiện cho tập bảng nhỏ hoặc input yêu cầu CSV.",CSV không tự lưu schema kiểu chặt chẽ. Dấu thập phân/locale và quote sai làm lệch cột; thường kém hiệu quả hơn định dạng cột cho analytics lớn.,S3; SageMaker AI,Domain 1,1.1,Định dạng,Skill Builder,https://skillbuilder.aws/learn/EZ5E7MDBFM/aws-ml-engineer-associate--collect-ingest-and-store-data/SYGN3UF5BT,14/09/2026
JSON,"• Objects / arrays
• Key-value pairs
• Nested structure
• Semi-structured",Ký pháp đối tượng JavaScript,"A text format represents objects, arrays, and primitive values.","Định dạng văn bản biểu diễn đối tượng, mảng và giá trị cơ bản.","Biểu diễn object bằng cặp key-value và array bằng danh sách. Hỗ trợ string, number, boolean, null và cấu trúc lồng nhau; phù hợp record có trường không đồng nhất hoặc nested data.","{""customer_id"":""c01"",""orders"":[{""amount"":12.5}],""active"":true} là một object có mảng lồng; cần flatten/aggregate trước nhiều model bảng.","Thích hợp API, log và trao đổi dữ liệu linh hoạt; giữ quan hệ phân cấp rõ hơn bảng phẳng.","Một JSON document lớn có thể cần đọc/parse nhiều bộ nhớ. Giá trị “false” là chuỗi khác false boolean; dấu ngoặc kép phải hợp lệ, không dùng smart quotes trong dữ liệu thật.",Kinesis; AWS Glue,Domain 1,1.1,Định dạng,Skill Builder,https://skillbuilder.aws/learn/EZ5E7MDBFM/aws-ml-engineer-associate--collect-ingest-and-store-data/SYGN3UF5BT,14/09/2026
JSON Lines (JSONL),"• One JSON value per line
• Streaming parse
• Independent records
• Model-specific schema",JSON theo từng dòng,Each line is an independent JSON value or record.,Mỗi dòng là một giá trị hoặc bản ghi JSON độc lập.,"Mỗi dòng là một JSON record/giá trị độc lập, thuận tiện đọc từng dòng mà không nạp cả một mảng lớn. Trong dataset ML thường dùng một object cho mỗi mẫu.","Dòng 1: {""text"":""mẫu A"",""label"":0}; dòng 2: {""text"":""mẫu B"",""label"":1}. Schema fine-tuning thực tế phải theo model/API, không mặc định luôn chỉ prompt/completion.","Phù hợp corpus lớn, manifest và nhiều định dạng fine-tuning có thể đọc tuần tự hoặc chia shard.",Không đặt dấu phẩy giữa các dòng như JSON array; phải escape newline bên trong string. JSONL hợp lệ cú pháp chưa đủ đáp ứng schema model.,Bedrock; SageMaker AI,Domain 1,1.1,Định dạng,Skill Builder,"https://skillbuilder.aws/learn/EZ5E7MDBFM/aws-ml-engineer-associate--collect-ingest-and-store-data/SYGN3UF5BT
https://skillbuilder.aws/learn/3AHUUNMH2X/aws-ml-engineer-associate--data-transformation-and-feature-engineering/H2K74ZEHBM",14/09/2026
RecordIO,"• Sequential records
• Compact binary container
• RecordIO-Protobuf
• Supported algorithms",Định dạng bản ghi nhị phân,A record container stores serialized records for supported algorithms.,Định dạng chứa bản ghi tuần tự hóa cho thuật toán hỗ trợ.,"Container lưu các record tuần tự, có thể dùng cùng Protobuf trong input của một số thuật toán SageMaker. Giúp đóng gói dữ liệu hiệu quả cho pipeline đọc theo record.","Chuyển dataset sang RecordIO-Protobuf theo đúng schema mà built-in algorithm yêu cầu, rồi chọn File/Pipe mode nếu thuật toán hỗ trợ.",Thích hợp khi thuật toán/reader yêu cầu định dạng record nhị phân và training cần lặp qua record nhiều lần.,"RecordIO và Avro là hai định dạng khác nhau. Không tự biến file nhị phân bất kỳ thành input đúng; kiểm tra content type, record schema và support của thuật toán.",SageMaker built-in algorithms,Domain 1,1.1,Định dạng,Skill Builder,https://skillbuilder.aws/learn/EZ5E7MDBFM/aws-ml-engineer-associate--collect-ingest-and-store-data/SYGN3UF5BT,14/09/2026
Bar chart,"• Comparison analysis
• Categories
• Counts / proportions",Biểu đồ cột,Bar lengths compare values across categories.,Độ dài cột so sánh giá trị giữa danh mục.,Chiều cao/độ dài cột thể hiện số lượng hoặc tỷ lệ của từng danh mục. Dùng để so sánh các nhóm và phân bố mẫu với dân số mục tiêu; trục và mẫu số phải rõ.,Vẽ tỷ lệ nhóm thiết bị của train bên cạnh tỷ lệ người dùng thực tế; chênh lệch lớn cho thấy cần điều tra representativeness.,"Kiểm tra categorical data, imbalance và coverage giữa các nhóm.",Khác histogram dùng khoảng liên tục. Trục bị cắt hoặc so count của dataset khác kích thước có thể gây hiểu sai; dùng tỷ lệ nếu mục tiêu là so cơ cấu.,Quick Sight; Data Wrangler,Domain 1,1.1,EDA,Skill Builder,https://skillbuilder.aws/learn/EZ5E7MDBFM/aws-ml-engineer-associate--collect-ingest-and-store-data/SYGN3UF5BT,14/09/2026
Box plot,"• Median
• Quartiles
• IQR
• Potential outliers",Biểu đồ hộp,Quartiles summarize spread and potential outliers.,Tứ phân vị tóm tắt độ phân tán và điểm ngoại lai tiềm năng.,"Hộp thể hiện Q1 đến Q3, đường giữa là median; whisker và điểm ngoài thể hiện phạm vi theo quy ước. Hữu ích để so phân phối giữa nhóm và phát hiện điểm cần kiểm tra.","IQR=Q3−Q1; quy ước thường gặp gắn điểm ngoài Q1−1,5×IQR hoặc Q3+1,5×IQR là outlier tiềm năng, không tự là dữ liệu sai.","Tóm tắt độ phân tán, skew và outlier khi số bản ghi lớn, dễ so sánh nhiều nhóm.","Whisker không luôn là min/max; phải xem quy ước công cụ. Phân phối khác nhau có thể có box plot gần giống, nên kết hợp histogram/density.",Data Wrangler,Domain 1,1.1,EDA,Skill Builder,https://skillbuilder.aws/learn/EZ5E7MDBFM/aws-ml-engineer-associate--collect-ingest-and-store-data/SYGN3UF5BT,14/09/2026
Categorical data,"• Nominal / ordinal
• Frequency
• Proportion
• Encoding",Dữ liệu danh mục,Values represent groups or categories.,Giá trị biểu diễn nhóm hoặc hạng mục.,"Giá trị đại diện nhóm/danh mục. Nominal không có thứ tự nội tại; ordinal có thứ tự nhưng khoảng cách giữa mức chưa chắc bằng nhau. Phân tích bằng counts, proportions hoặc bảng chéo.",Màu sắc là nominal; mức thấp/vừa/cao là ordinal. Chọn one-hot hoặc encoding phù hợp thay vì mặc định mọi mã số đều là số đo.,Giúp chọn biểu đồ và phép biến đổi đúng trước train; kiểm tra coverage và category hiếm/mới.,Cardinality có thể rất lớn. Gán số nguyên cho nominal có thể tạo thứ tự giả; giá trị category chưa thấy ở inference cần chiến lược xử lý.,Data Wrangler,Domain 1,1.1,EDA,Skill Builder,"https://skillbuilder.aws/learn/EZ5E7MDBFM/aws-ml-engineer-associate--collect-ingest-and-store-data/SYGN3UF5BT
https://skillbuilder.aws/learn/3AHUUNMH2X/aws-ml-engineer-associate--data-transformation-and-feature-engineering/H2K74ZEHBM",14/09/2026
Density plot,"• Distribution analysis
• Smooth density
• Bandwidth",Đồ thị mật độ,A smooth curve estimates a variable's distribution.,Đường cong ước lượng phân phối của biến.,"Ước lượng mật độ liên tục của dữ liệu, cho hình dạng phân phối mượt hơn histogram. Mức làm trơn/bandwidth quyết định bao nhiêu chi tiết hoặc nhiễu được hiển thị.","Hai nhóm có histogram phụ thuộc bin khác nhau: density plot giúp so hình dạng, nhưng phải giữ bandwidth/cách chuẩn hóa phù hợp.","Nhìn mode, skew và sự chồng lấp giữa các nhóm khi khám phá feature số.",Độ cao đường mật độ không phải xác suất tại một điểm; xác suất liên quan diện tích. Làm trơn quá nhiều có thể che nhiều đỉnh hoặc outlier.,Data Wrangler,Domain 1,1.1,EDA,Skill Builder,https://skillbuilder.aws/learn/EZ5E7MDBFM/aws-ml-engineer-associate--collect-ingest-and-store-data/SYGN3UF5BT,14/09/2026
Exploratory data analysis (EDA),"• Relationships
• Distributions
• Comparisons
• Compositions",Phân tích khám phá dữ liệu,Statistics and plots reveal data properties before modeling.,Dùng thống kê và biểu đồ tìm hiểu dữ liệu trước xây mô hình.,"Khám phá thống kê và biểu đồ trước modeling để hiểu dữ liệu, phát hiện vấn đề và định hướng biến đổi. Kết hợp loại biến, missingness, duplicate, range, nhóm và cấu trúc thời gian.",Quy trình: xem schema/count → tỷ lệ null/duplicate → histogram/box plot → bar chart nhóm → scatter/heatmap → ghi giả thuyết cần kiểm chứng.,"Ba mục tiêu trong bài: hỗ trợ chọn cách modeling, tìm lỗi chất lượng và xác định transformations/feature engineering cần thiết.",EDA phát hiện mẫu hình chứ không tự chứng minh nhân quả. Không liên tục dùng test set để điều chỉnh feature; xem dữ liệu theo thời gian/nhóm để tránh che vấn đề bằng trung bình.,Data Wrangler; Athena,Domain 1,1.1,EDA,Skill Builder,https://skillbuilder.aws/learn/EZ5E7MDBFM/aws-ml-engineer-associate--collect-ingest-and-store-data/SYGN3UF5BT,14/09/2026
Heatmap,"• Color encodes values
• Relationships
• Correlation / contingency",Bản đồ nhiệt,Color encodes values in a matrix.,Màu sắc biểu diễn giá trị trong ma trận.,"Dùng màu cho giá trị trong ma trận; có thể biểu diễn correlation giữa feature hoặc tần suất tổ hợp danh mục. Đọc đúng chú giải màu, thang giá trị và nhãn trục.",Ma trận correlation cho thấy hai cột số gần trùng thông tin; bảng chéo nhóm×nhãn cho thấy tổ hợp ít mẫu.,"Nhanh chóng phát hiện cụm, tương quan và cấu trúc khó thấy khi đọc bảng số lớn.",Màu không có ý nghĩa cố định giữa công cụ. Correlation thấp không loại trừ quan hệ phi tuyến; correlation cao không chứng minh nhân quả.,Data Wrangler,Domain 1,1.1,EDA,Skill Builder,https://skillbuilder.aws/learn/EZ5E7MDBFM/aws-ml-engineer-associate--collect-ingest-and-store-data/SYGN3UF5BT,14/09/2026
Histogram,"• Distribution analysis
• Bins
• Frequency
• Skew / modes",Biểu đồ tần suất,Bins summarize the frequency of numerical values.,Các khoảng thể hiện tần suất giá trị số.,"Chia miền giá trị số thành các bin rồi đếm số mẫu/tần suất. Thể hiện độ lệch, độ rộng, nhiều đỉnh và vùng ít dữ liệu, giúp quyết định biến đổi hoặc điều tra lỗi.",Thu nhập có đuôi phải dài; thử nhìn log-scale để hiểu phân bố và xem log transformation có hợp với mô hình/bài toán không.,"Phân tích numerical data và kiểm tra dữ liệu ngoài range, skew hoặc pattern bất thường.",Số/lề bin có thể làm thay đổi cảm nhận. Histogram khác bar chart danh mục; không tự kết luận dữ liệu phải được biến thành phân phối chuẩn.,Data Wrangler,Domain 1,1.1,EDA,Skill Builder,https://skillbuilder.aws/learn/EZ5E7MDBFM/aws-ml-engineer-associate--collect-ingest-and-store-data/SYGN3UF5BT,14/09/2026
Numerical data,"• Quantitative values
• Discrete / continuous
• Mean / median / spread",Dữ liệu số,Values represent quantitative measurements or counts.,Giá trị biểu diễn số đo hoặc số đếm.,"Giá trị số biểu diễn lượng đo/đếm có phép toán có nghĩa. Discrete như số lần truy cập; continuous như nhiệt độ. Kiểm tra đơn vị, range, distribution và precision.",Mã bưu điện “70000” là định danh dù viết bằng số; không có ý nghĩa lấy trung bình như nhiệt độ hoặc số lượng đơn.,"Quyết định tính thống kê, scaling và biểu đồ phù hợp; tránh dùng sai thuật toán/encoding.",Không mặc định numeric dtype nghĩa là feature định lượng. Giá trị đặc biệt như -1 cho missing cần được xử lý trước thống kê.,Data Wrangler,Domain 1,1.1,EDA,Skill Builder,"https://skillbuilder.aws/learn/EZ5E7MDBFM/aws-ml-engineer-associate--collect-ingest-and-store-data/SYGN3UF5BT
https://skillbuilder.aws/learn/3AHUUNMH2X/aws-ml-engineer-associate--data-transformation-and-feature-engineering/H2K74ZEHBM",14/09/2026
Scatter plot,"• Relationship analysis
• Paired numeric values
• Correlation / clusters",Biểu đồ phân tán,Points display paired numerical measurements.,Các điểm thể hiện cặp giá trị số.,"Mỗi điểm biểu diễn cặp giá trị x-y của một quan sát; thêm màu theo label/nhóm giúp xem quan hệ, cụm và độ tách biệt. Dùng sample/alpha khi quá nhiều điểm.","Vẽ nhiệt độ và độ rung, tô màu trạng thái lỗi thiết bị; quan sát vùng hai lớp chồng lấp để đánh giá thông tin feature.",Khám phá relationship giữa biến số và pattern có thể ảnh hưởng lựa chọn feature/model.,Điểm chồng lấp có thể che mật độ. Xu hướng nhìn thấy không chứng minh nhân quả hoặc bảo đảm model tổng quát; kiểm tra nhóm/thời gian.,Data Wrangler,Domain 1,1.1,EDA,Skill Builder,https://skillbuilder.aws/learn/EZ5E7MDBFM/aws-ml-engineer-associate--collect-ingest-and-store-data/SYGN3UF5BT,14/09/2026
Event time,"• When observation occurred
• Ingestion time differs
• Temporal ordering",Thời gian sự kiện,The timestamp describes when the feature observation occurred.,Mốc thời gian thể hiện khi quan sát feature xảy ra.,Timestamp thể hiện thời điểm sự kiện hoặc giá trị feature có hiệu lực theo định nghĩa dataset. Khác thời điểm hệ thống nhận hoặc xử lý; ảnh hưởng window và chọn bản ghi đúng thời gian.,"Giao dịch xảy ra 10:00 nhưng đến hệ thống 10:05: event time=10:00, ingestion time=10:05. Ghi cả hai khi cần xử lý late data.","Quan trọng cho historical features, latest record và point-in-time dataset; tránh lấy feature tương lai.",Phải định nghĩa timezone và ý nghĩa timestamp rõ. Feature tính lúc 10:05 từ sự kiện 10:00 có thể cần cả availability time; chỉ so event time chưa luôn đủ chống leakage.,Feature Store,Domain 1,1.1,Feature Store,Skill Builder,"https://skillbuilder.aws/learn/EZ5E7MDBFM/aws-ml-engineer-associate--collect-ingest-and-store-data/SYGN3UF5BT
https://docs.aws.amazon.com/sagemaker/latest/dg/feature-store-create-feature-group.html",14/09/2026
Offline feature store,"• Historical features
• Append history
• S3 / Parquet
• Training queries",Kho feature lịch sử,Historical feature records support training and analysis.,Bản ghi feature lịch sử phục vụ huấn luyện và phân tích.,Kho lịch sử các phiên bản feature để dựng dữ liệu training/phân tích theo thời điểm. SageMaker offline store dùng S3 và metadata để query bằng Athena hoặc reader phù hợp.,"Truy vấn feature mới nhất không vượt thời điểm dự đoán của từng sample, thay vì lấy record cuối cùng của toàn lịch sử.","Cho phép tái lập training dataset, dùng cùng feature đã tạo cho inference và điều tra sự thay đổi của feature.","Ghi offline có độ trễ so với online; lịch sử không tự đảm bảo point-in-time query đúng. Phải xử lý duplicate/update/delete, late arrival và selection theo schema của store.",Feature Store; Athena,Domain 1,1.1,Feature Store,Skill Builder,"https://skillbuilder.aws/learn/EZ5E7MDBFM/aws-ml-engineer-associate--collect-ingest-and-store-data/SYGN3UF5BT
https://docs.aws.amazon.com/sagemaker/latest/dg/feature-store-offline.html",14/09/2026
Online feature store,"• Latest record
• Low-latency lookup
• GetRecord / BatchGetRecord",Kho feature trực tuyến,Latest feature records support low-latency lookups.,Các bản ghi feature mới nhất phục vụ đọc độ trễ thấp.,Kho phục vụ feature mới nhất theo record identifier để inference đọc nhanh. SageMaker cung cấp GetRecord cho bản ghi và BatchGetRecord cho nhiều bản ghi theo API hỗ trợ.,"Endpoint lấy feature khách hàng theo ID rồi tính prediction; nếu chưa có record hoặc feature quá cũ, ứng dụng dùng chiến lược fallback đã định.",Giảm thời gian tính lại feature và giữ cách cung cấp feature nhất quán trong luồng phục vụ.,"Latest không phải historical snapshot. Theo dõi freshness/TTL, missing record và lỗi đọc; không dùng online store hiện tại để giả lập feature của quá khứ.",Feature Store,Domain 1,1.1,Feature Store,Skill Builder,"https://skillbuilder.aws/learn/EZ5E7MDBFM/aws-ml-engineer-associate--collect-ingest-and-store-data/SYGN3UF5BT
https://docs.aws.amazon.com/sagemaker/latest/dg/feature-store.html",14/09/2026
IOPS,"• Operations per second
• Random I/O
• I/O size matters",Số thao tác I/O mỗi giây,The number of storage read or write operations per second.,Số thao tác đọc ghi mỗi giây.,Số thao tác đọc/ghi storage hoàn tất mỗi giây. Phù hợp đánh giá workload nhiều request nhỏ/ngẫu nhiên; đọc hoặc ghi được tính theo kích thước và quy tắc dịch vụ.,"Ước lượng đơn giản: throughput≈IOPS×kích thước mỗi I/O. 10.000 IOPS×4 KiB≈39 MiB/s nếu mỗi I/O đều 4 KiB, chưa tính các giới hạn khác.",Giúp chọn volume cho random access và xác định nghẽn storage khi training chờ dữ liệu.,"IOPS cao không tự bảo đảm latency thấp hoặc MB/s cao; còn có queue, I/O size và giới hạn instance/network. Đừng so IOPS hai hệ thống khi kích thước I/O khác nhau.",EBS; FSx; CloudWatch,Domain 1,1.1,Hiệu năng,Skill Builder,"https://skillbuilder.aws/learn/EZ5E7MDBFM/aws-ml-engineer-associate--collect-ingest-and-store-data/SYGN3UF5BT
https://aws.amazon.com/ebs/",14/09/2026
Latency,"• Time per operation
• Response time
• Tail latency",Độ trễ,Time elapsed to complete a request or operation.,Thời gian để hoàn tất một yêu cầu hoặc thao tác.,"Thời gian để một yêu cầu hoàn tất; đo read/write hoặc end-to-end theo định nghĩa. Với nhiều request, p95/p99 phản ánh đuôi chậm mà average có thể che.",Dữ liệu feature mất 5 ms để đọc nhưng transform thêm 20 ms; end-to-end trước model không chỉ là latency của storage.,Chọn storage/online feature path cho tác vụ nhạy thời gian và phân biệt bottleneck từng công đoạn.,"Throughput tổng cao vẫn có request chậm. Đo cùng điều kiện tải, kích thước và network; không lấy con số quảng bá làm bảo đảm mọi request.",Feature Store; CloudWatch,Domain 1,1.1,Hiệu năng,Skill Builder,"https://skillbuilder.aws/learn/EZ5E7MDBFM/aws-ml-engineer-associate--collect-ingest-and-store-data/SYGN3UF5BT
https://docs.aws.amazon.com/sagemaker/latest/dg/feature-store.html",14/09/2026
Scalability / elasticity,"• Grow capacity
• Adjust with demand
• Scale up / out",Khả năng mở rộng / co giãn,Capacity can grow; elasticity adjusts it with demand.,Mở rộng là tăng khả năng đáp ứng; co giãn điều chỉnh theo nhu cầu.,"Scalability là khả năng tăng năng lực khi dữ liệu/tải tăng; elasticity là điều chỉnh tăng/giảm theo nhu cầu. Cần xét cả dung lượng, compute, throughput, concurrency và giới hạn hệ thống.",Thêm worker giúp scale out; auto tăng/giảm worker theo job là elasticity. EFS tự tăng dung lượng không có nghĩa mọi giới hạn throughput đều vô hạn.,"Giúp thiết kế ingestion và storage khi workload tăng, tránh cấp phát dư lâu dài hoặc thiếu năng lực đột ngột.","Không đồng nhất serverless với vô hạn hoặc không cần cấu hình. Hot key, dịch vụ đích và quota có thể giới hạn dù tổng tài nguyên còn dư.",Kinesis; EFS,Domain 1,1.1,Hiệu năng,Skill Builder,https://skillbuilder.aws/learn/EZ5E7MDBFM/aws-ml-engineer-associate--collect-ingest-and-store-data/SYGN3UF5BT,14/09/2026
Sequential / random access,"• Ordered reads
• Shuffled records
• Access pattern drives storage",Truy cập tuần tự / ngẫu nhiên,Reads follow order or jump between data locations.,Đọc theo thứ tự hoặc nhảy giữa các vị trí.,"Sequential đọc dữ liệu theo thứ tự và thuận tiện stream lớn; random đọc vị trí bất kỳ, thường gặp khi shuffle mẫu. Lựa chọn storage phụ thuộc pattern, kích thước I/O và số client.",Đọc tuần tự các shard training khác với truy cập nhiều ảnh nhỏ ngẫu nhiên qua mỗi epoch; EBS/io2 hoặc Lustre có thể hợp random I/O theo tải.,"Giải thích vì sao cùng dung lượng dataset có thể cần storage khác nhau; nối IOPS, throughput và latency vào lựa chọn.",Có thể thay đổi pattern bằng caching/prefetch/sharding. Không gán một service duy nhất cho mọi sequential/random workload mà bỏ qua reader và network.,S3; EBS; FSx,Domain 1,1.1,Hiệu năng,Skill Builder,https://skillbuilder.aws/learn/EZ5E7MDBFM/aws-ml-engineer-associate--collect-ingest-and-store-data/SYGN3UF5BT,14/09/2026
Throughput,"• Data per time
• MB/s / GB/s
• Parallel data flow",Thông lượng,The amount of data processed per time unit.,Lượng dữ liệu xử lý hoặc truyền trong một đơn vị thời gian.,"Lượng bytes hoặc record xử lý/truyền trong một đơn vị thời gian. Quan trọng khi nạp dataset lớn hoặc nhiều worker đọc đồng thời; nêu rõ đo ở nguồn, mạng, storage hay toàn pipeline.","Đọc 120 GB trong 10 phút tương đương khoảng 200 MB/s theo hệ thập phân, bỏ qua overhead. Pipeline chỉ nhanh bằng công đoạn giới hạn thực tế.","Chọn storage/network để dữ liệu tới compute đủ nhanh; đánh giá batching, compression và parallelism.",Khác latency mỗi request và IOPS. Tăng throughput một khâu không cải thiện toàn luồng nếu bottleneck nằm ở transform hoặc nguồn dữ liệu.,FSx; EBS; CloudWatch,Domain 1,1.1,Hiệu năng,Skill Builder,"https://skillbuilder.aws/learn/EZ5E7MDBFM/aws-ml-engineer-associate--collect-ingest-and-store-data/SYGN3UF5BT
https://docs.aws.amazon.com/fsx/latest/LustreGuide/what-is.html",14/09/2026
Compression,"• Smaller bytes
• CPU trade-off
• Codec compatibility",Nén dữ liệu,Encoding reduces the bytes needed to store or transfer data.,Mã hóa giúp giảm dung lượng lưu và truyền.,"Giảm lượng dữ liệu lưu/truyền bằng codec phù hợp. Chọn dựa trên tỷ lệ nén, tốc độ nén/giải nén, khả năng chia đọc và reader hỗ trợ; cân đối CPU với I/O/network tiết kiệm.",Parquet+Snappy thường hợp phân tích bảng cần giải nén nhanh; Gzip có thể cho tỷ lệ nén tốt nhưng đánh đổi khác. Đo bằng dữ liệu thực tế.,"Giảm storage, bandwidth và dữ liệu quét khi pipeline tận dụng được; tăng hiệu quả ingestion với payload lớn.",Không có codec tốt nhất cho mọi dữ liệu. Dữ liệu đã nén có thể ít lợi ích; nén cả file theo cách không splittable có thể hạn chế parallelism.,S3; EMR,Domain 1,1.1,Hiệu năng dữ liệu,Skill Builder,"https://skillbuilder.aws/learn/EZ5E7MDBFM/aws-ml-engineer-associate--collect-ingest-and-store-data/SYGN3UF5BT
https://parquet.apache.org/docs/overview/",14/09/2026
Partitioning,"• Split by key
• Distribution
• Pruning
• Avoid skew",Phân vùng dữ liệu,Data is divided by keys to narrow relevant reads.,Chia dữ liệu theo khóa để giới hạn phạm vi cần đọc.,Chia dữ liệu theo khóa để quản lý/đọc/xử lý từng phần. S3 dataset partition giúp query chỉ đọc phần cần; Kinesis partition key định tuyến event; Spark partitions phân chia công việc — các khái niệm liên quan nhưng khác nhau.,S3 có event_date=2026-09-01/; Athena lọc ngày có thể prune. Kinesis dùng customer_id để phân phối tải nhưng khách quá lớn có thể tạo hot shard.,Tăng parallelism và giảm scan khi chọn khóa theo access/query pattern và phân bố dữ liệu.,Partition quá nhiều tạo file nhỏ/metadata overhead. Thêm random suffix có thể đổi đảm bảo thứ tự hoặc cách query; phải thiết kế cả read path chứ không chỉ ghi.,Athena; AWS Glue,Domain 1,1.1,Hiệu năng dữ liệu,Skill Builder,"https://skillbuilder.aws/learn/EZ5E7MDBFM/aws-ml-engineer-associate--collect-ingest-and-store-data/SYGN3UF5BT
https://aws.amazon.com/athena/",14/09/2026
Full outer join,"• Keep all rows from both sides
• Unmatched → NULL
• Join cardinality",Ghép giữ cả hai phía,"All rows from both sides remain, matched where possible.","Giữ toàn bộ dòng hai phía, ghép khi khóa khớp.","Giữ mọi dòng của cả hai bảng. Dòng có khóa khớp được ghép; phía không có bản ghi tương ứng được điền NULL. Nếu một khóa xuất hiện nhiều lần ở cả hai phía, mỗi cặp khớp tạo một dòng, vì vậy số dòng đầu ra có thể tăng mạnh.","Bảng khách hàng có A, B; bảng giao dịch có B, C → kết quả có A, B, C; A thiếu giao dịch, C thiếu thông tin khách hàng.","Dùng để đối soát dữ liệu từ hai hệ thống, phát hiện bản ghi chỉ xuất hiện ở một bên hoặc xây dựng tập dữ liệu giữ toàn bộ thực thể.","Không mặc định mỗi khóa chỉ còn một dòng. Kiểm tra khóa trùng, kiểu dữ liệu khóa và tỷ lệ NULL sau join.",Glue; Spark,Domain 1,1.1,Hợp nhất dữ liệu,Skill Builder,https://skillbuilder.aws/learn/EZ5E7MDBFM/aws-ml-engineer-associate--collect-ingest-and-store-data/SYGN3UF5BT,14/09/2026
Inner join,"• Matching keys only
• Intersection
• Unmatched rows dropped",Ghép phần giao,Only rows with matching keys on both sides are retained.,Chỉ giữ dòng có khóa khớp ở cả hai phía.,Chỉ giữ cặp bản ghi có khóa hoặc điều kiện join khớp ở cả hai bảng. Có thể vô tình làm mất một nhóm dữ liệu nếu nhóm đó thường thiếu bản ghi ở một nguồn; việc mất dòng ảnh hưởng tính đại diện của tập huấn luyện.,"Customers có A, B; Orders có B, C → inner join chỉ giữ B. Nếu B có 3 đơn hàng, kết quả có thể có 3 dòng của B.","Dùng khi cần các quan sát có đủ dữ liệu từ cả hai nguồn, chẳng hạn giao dịch có hồ sơ khách hàng hợp lệ.",Không đồng nghĩa lấy phần giao nhau của toàn bộ giá trị dòng; điều kiện ON quyết định khớp. So sánh số dòng và phân phối nhóm trước/sau join.,Glue; Athena; Spark,Domain 1,1.1,Hợp nhất dữ liệu,Skill Builder,https://skillbuilder.aws/learn/EZ5E7MDBFM/aws-ml-engineer-associate--collect-ingest-and-store-data/SYGN3UF5BT,14/09/2026
Join cardinality,"• One-to-one
• One-to-many
• Many-to-many
• Row multiplication",Quan hệ số lượng khi ghép,Key multiplicity determines how many rows a join produces.,Số lần xuất hiện khóa quyết định số dòng kết quả ghép.,"Cardinality mô tả số bản ghi có thể khớp cho một khóa. Với một khóa xuất hiện m lần ở bảng trái và n lần ở bảng phải, phép equijoin có thể tạo m × n dòng. Sai giả định về cardinality gây nhân đôi nhãn, sai thống kê và tăng chi phí xử lý.","Một khách hàng có 3 đơn hàng và 4 phiên truy cập; join trực tiếp theo customer_id có thể tạo 12 dòng, không phải 7.",Xác định grain — một dòng đại diện cho thực thể/sự kiện nào — trước khi join. Có thể tổng hợp mỗi nguồn về cùng grain rồi mới kết hợp.,Không dùng DISTINCT để che lỗi many-to-many nếu các dòng khác nhau mang ý nghĩa thật. Kiểm tra uniqueness và điều kiện thời gian của khóa.,AWS Glue,Domain 1,1.1,Hợp nhất dữ liệu,Skill Builder,https://skillbuilder.aws/learn/EZ5E7MDBFM/aws-ml-engineer-associate--collect-ingest-and-store-data/SYGN3UF5BT,14/09/2026
Left outer join,"• Keep all left rows
• Optional enrichment
• Right-side NULL",Ghép giữ toàn bộ bên trái,All left rows remain with matching right values when available.,Giữ tất cả dòng trái và bổ sung giá trị khớp bên phải.,Giữ toàn bộ bảng trái và bổ sung các cột từ bảng phải khi điều kiện join khớp. Bản ghi không khớp vẫn tồn tại với các cột bên phải là NULL. Phù hợp khi bảng trái xác định quần thể cần dự đoán.,Giữ mọi giao dịch ở bảng trái; thêm thuộc tính khách hàng nếu có. Giao dịch chưa có hồ sơ vẫn được giữ để xử lý thiếu dữ liệu.,"Dùng để enrichment mà không loại bỏ mẫu gốc, đồng thời tạo missing indicator nếu thiếu thông tin có giá trị dự báo.","Điều kiện WHERE trên cột bên phải có thể loại các dòng NULL, làm kết quả giống inner join. Left join vẫn có thể tăng số dòng nếu bảng phải trùng khóa.",Glue; Athena,Domain 1,1.1,Hợp nhất dữ liệu,Skill Builder,https://skillbuilder.aws/learn/EZ5E7MDBFM/aws-ml-engineer-associate--collect-ingest-and-store-data/SYGN3UF5BT,14/09/2026
Union / append,"• Stack rows vertically
• Compatible schemas
• UNION vs UNION ALL",Nối thêm dòng,Compatible data sets are stacked vertically.,Nối các tập tương thích bằng cách thêm dòng.,"Ghép các tập bản ghi theo chiều dọc; không bổ sung cột theo khóa như join. Cần thống nhất ý nghĩa, thứ tự/tên cột và kiểu dữ liệu. Trong SQL, UNION loại dòng trùng còn UNION ALL giữ các bản sao.","Ghép giao dịch tháng 1 và tháng 2 có cùng schema thành một bảng lịch sử. Nếu hai tháng chồng dữ liệu, xác định có cần dedup theo event_id hay không.","Dùng khi hợp nhất nhiều tệp, phân vùng thời gian hoặc nguồn cùng cấu trúc thành một tập dữ liệu lớn.",UNION không tương đương mọi API append: pandas concat mặc định không loại trùng. Chi phí DISTINCT của UNION có thể cao và có thể xóa sự kiện lặp hợp lệ.,Athena; Redshift; Spark,Domain 1,1.1,Hợp nhất dữ liệu,Skill Builder,https://skillbuilder.aws/learn/EZ5E7MDBFM/aws-ml-engineer-associate--collect-ingest-and-store-data/SYGN3UF5BT,14/09/2026
Batch ingestion,"• Bounded data
• Scheduled processing
• Throughput over immediacy",Nạp dữ liệu theo lô,Data is ingested in bounded groups at intervals.,Dữ liệu được nạp từng đợt có giới hạn.,Thu thập và xử lý dữ liệu thành lô theo lịch hoặc khi đạt điều kiện. Độ trễ từ lúc sự kiện phát sinh đến lúc sẵn sàng phân tích phụ thuộc lịch chạy và thời gian xử lý; có thể tối ưu tổng thông lượng và chi phí mỗi bản ghi.,"Mỗi đêm xuất giao dịch vào S3, chạy Glue chuẩn hóa rồi ghi Parquet phục vụ huấn luyện vào sáng hôm sau.","Hợp với dữ liệu lịch sử, báo cáo định kỳ, retraining không cần phản hồi theo từng sự kiện. Cần cơ chế retry và idempotency để chạy lại an toàn.",Batch không đồng nghĩa dữ liệu nhỏ. Một job xử lý hàng TB vẫn là batch; chia micro-batch cũng không tự đảm bảo độ trễ tức thời.,AWS Glue; DataSync,Domain 1,1.1,Ingestion,Skill Builder,"https://skillbuilder.aws/learn/EZ5E7MDBFM/aws-ml-engineer-associate--collect-ingest-and-store-data/SYGN3UF5BT
https://aws.amazon.com/glue/",14/09/2026
ELT,"• Extract → Load → Transform
• Raw-first
• Target compute","Trích xuất, nạp, biến đổi",Data is loaded before transformation at the destination.,Nạp dữ liệu trước rồi biến đổi tại hệ thống đích.,"Trích xuất dữ liệu, nạp vào nơi lưu trữ/engine đích rồi mới biến đổi. Giữ lớp raw giúp chạy lại biến đổi và phục vụ nhiều cách dùng; việc xử lý diễn ra trong warehouse hoặc hệ thống tính toán đọc dữ liệu đã nạp.","Nạp raw vào S3, sau đó dùng Athena CTAS tạo bảng Parquet sạch; hoặc nạp vào Redshift rồi biến đổi bằng SQL.","Phù hợp khi đích có năng lực tính toán đủ mạnh và cần lưu dữ liệu gốc cho nhiều nhu cầu. Phải quản trị quyền, retention và PII ngay từ lớp raw.",ELT không bỏ bước transform và không có nghĩa raw được phép truy cập rộng rãi. Chi phí query lặp lại có thể lớn nếu không tối ưu định dạng và phân vùng.,Amazon Redshift,Domain 1,1.1,Ingestion,Skill Builder,"https://skillbuilder.aws/learn/EZ5E7MDBFM/aws-ml-engineer-associate--collect-ingest-and-store-data/SYGN3UF5BT
https://aws.amazon.com/redshift/",14/09/2026
ETL,"• Extract → Transform → Load
• Clean before destination
• Schema mapping","Trích xuất, biến đổi, nạp",Data is transformed before loading into its target.,Dữ liệu được biến đổi trước khi nạp vào đích.,"Dữ liệu được trích xuất, làm sạch/chuẩn hóa/kết hợp rồi nạp kết quả vào đích. Transform có thể gồm ép kiểu, dedup, xử lý NULL, join, lọc PII và tạo đặc trưng. Theo dõi schema và chất lượng ở từng bước để truy vết lỗi.","Glue đọc CSV từ S3, chuẩn hóa timestamp sang UTC, ghép danh mục sản phẩm, ghi Parquet phân vùng theo ngày.",Dùng khi đích cần schema hoặc tiêu chuẩn chất lượng rõ ràng trước khi nhận dữ liệu; thường gặp trong chuẩn bị training dataset.,ETL không chỉ là copy file. Job thành công về kỹ thuật vẫn có thể tạo dữ liệu sai nếu join nhân dòng hoặc ép kiểu làm mất giá trị.,AWS Glue,Domain 1,1.1,Ingestion,Skill Builder,"https://skillbuilder.aws/learn/EZ5E7MDBFM/aws-ml-engineer-associate--collect-ingest-and-store-data/SYGN3UF5BT
https://aws.amazon.com/glue/",14/09/2026
Streaming ingestion,"• Continuous events
• Low latency
• Ordering / replay / backpressure",Nạp dữ liệu liên tục,Records are ingested as an ongoing stream.,Các bản ghi được đưa vào hệ thống liên tục.,"Dữ liệu đến liên tục và được xử lý dần. Cần xác định partition key, thứ tự sự kiện, thời gian sự kiện, retention, xử lý trùng và cách ứng phó khi tốc độ producer vượt consumer. Độ trễ thực tế gồm cả buffer, mạng và xử lý.",Ứng dụng gửi clickstream vào Kinesis Data Streams; Flink tính số lượt truy cập trong cửa sổ 5 phút rồi cập nhật đặc trưng online.,"Phù hợp phát hiện gian lận, giám sát thiết bị và cập nhật đặc trưng gần thời gian thực. Giữ khả năng replay giúp khôi phục hoặc tính lại dữ liệu.",Streaming không mặc định exactly-once hoặc thứ tự toàn cục. Thứ tự thường được đảm bảo trong phạm vi partition; sink cũng phải xử lý retry đúng.,Kinesis Data Streams,Domain 1,1.1,Ingestion,Skill Builder,"https://skillbuilder.aws/learn/EZ5E7MDBFM/aws-ml-engineer-associate--collect-ingest-and-store-data/SYGN3UF5BT
https://aws.amazon.com/kinesis/data-streams/",14/09/2026
Semi-structured data,"• Flexible structure
• Keys / tags
• Schema evolution",Dữ liệu bán cấu trúc,Data carries flexible keys or structural tags.,Dữ liệu có khóa hoặc thẻ nhưng schema có thể linh hoạt.,"Có các dấu hiệu cấu trúc như key-value hoặc thẻ, nhưng mỗi bản ghi không bắt buộc có bộ cột cố định giống bảng quan hệ. Việc phân tích vẫn cần hiểu kiểu dữ liệu, trường lồng nhau và cách xử lý trường thiếu.","Các JSON log có event_type và timestamp chung, nhưng sự kiện purchase có amount còn sự kiện click có page_url.","Phù hợp dữ liệu ứng dụng, API và sự kiện có schema thay đổi. Có thể dùng Glue/Athena để suy luận hoặc khai báo schema phục vụ truy vấn.",Semi-structured không phải không có schema. Schema suy luận từ mẫu có thể bỏ sót biến thể; flatten mảng có thể làm nhân số dòng.,AWS Glue,Domain 1,1.1,Kiểu dữ liệu,Skill Builder,https://skillbuilder.aws/learn/EZ5E7MDBFM/aws-ml-engineer-associate--collect-ingest-and-store-data/SYGN3UF5BT,14/09/2026
Structured data,"• Fixed schema
• Rows and columns
• Typed fields",Dữ liệu có cấu trúc,Data follows a defined tabular schema.,Dữ liệu tuân theo schema bảng rõ ràng.,"Dữ liệu tuân theo cấu trúc rõ ràng với trường, kiểu dữ liệu và quan hệ xác định. Schema hỗ trợ kiểm tra dữ liệu, join, aggregation và đưa vào mô hình tabular; cần thêm ràng buộc nghiệp vụ ngoài kiểm tra kiểu.","Bảng giao dịch gồm transaction_id, customer_id, amount kiểu số và event_time kiểu timestamp.","Phù hợp nguồn RDS/Redshift hoặc tệp dạng bảng dùng cho mô hình dự báo tabular. Dễ kiểm tra uniqueness, nullability và phạm vi hợp lệ.",Cấu trúc rõ không đảm bảo dữ liệu chính xác hoặc không bias. CSV có hàng/cột nhưng vẫn cần khai báo kiểu và quy tắc parse.,Amazon RDS,Domain 1,1.1,Kiểu dữ liệu,Skill Builder,https://skillbuilder.aws/learn/EZ5E7MDBFM/aws-ml-engineer-associate--collect-ingest-and-store-data/SYGN3UF5BT,14/09/2026
Time series,"• Time order
• Trend / seasonality
• Temporal dependence",Chuỗi thời gian,Observations are indexed in temporal order.,Quan sát được sắp theo thời gian.,"Chuỗi quan sát gắn với thời gian, có thể chứa xu hướng, mùa vụ, tự tương quan và khoảng trống. Cần chuẩn hóa timezone, tần suất lấy mẫu và cách xử lý sự kiện đến muộn; tạo lag/rolling features chỉ từ dữ liệu sẵn có trước thời điểm dự đoán.","Dự báo nhu cầu điện mỗi giờ bằng nhiệt độ, nhu cầu các giờ trước và đặc trưng giờ trong ngày.","Dùng cho forecasting, giám sát cảm biến và phát hiện bất thường theo thời gian. Chia train/test theo thời gian giúp mô phỏng triển khai tương lai.",Shuffle ngẫu nhiên có thể làm rò rỉ tương lai. Không tính rolling mean bao gồm nhãn tương lai hoặc dùng nội suy nhìn về phía sau thời điểm cần dự đoán.,S3; SageMaker AI,Domain 1,1.1,Kiểu dữ liệu,Skill Builder,"https://skillbuilder.aws/learn/EZ5E7MDBFM/aws-ml-engineer-associate--collect-ingest-and-store-data/SYGN3UF5BT
https://skillbuilder.aws/learn/3AHUUNMH2X/aws-ml-engineer-associate--data-transformation-and-feature-engineering/H2K74ZEHBM",14/09/2026
Unstructured data,"• Text / image / audio / video
• Feature extraction
• Metadata matters",Dữ liệu phi cấu trúc,Data lacks a fixed tabular representation.,Dữ liệu không sẵn ở dạng bảng có schema cố định.,"Nội dung chính không nằm sẵn trong một bảng cột cố định. Cần tiền xử lý theo modality và chuyển thành đặc trưng/embedding phù hợp mô hình; metadata như nguồn, thời gian, nhãn và quyền sử dụng vẫn phải có cấu trúc.",Ảnh lưu trong S3; manifest liên kết object URI với nhãn. Pipeline resize và chuẩn hóa ảnh trước khi huấn luyện.,"Phù hợp NLP, computer vision, giọng nói và multimodal learning. Lưu raw và phiên bản processed hỗ trợ tái lập pipeline.","Không có cấu trúc bảng không nghĩa không thể quản trị. Chỉ lưu file mà thiếu ID, nhãn hoặc lineage sẽ khó liên kết và kiểm tra dữ liệu.",Amazon S3,Domain 1,1.1,Kiểu dữ liệu,Skill Builder,https://skillbuilder.aws/learn/EZ5E7MDBFM/aws-ml-engineer-associate--collect-ingest-and-store-data/SYGN3UF5BT,14/09/2026
Data lake,"• Raw and processed zones
• Multiple formats
• Schema on read",Hồ dữ liệu,A repository holds diverse data for multiple processing needs.,Kho tập trung lưu dữ liệu đa dạng để xử lý và phân tích.,"Kho lưu trữ tập trung cho dữ liệu có nhiều cấu trúc và định dạng, thường dùng S3 trên AWS. Tách lớp raw/curated, kết hợp catalog, quyền truy cập và engine xử lý để dữ liệu có thể tìm kiếm, truy vấn và dùng huấn luyện.","S3 lưu JSON sự kiện, ảnh và Parquet đã chuẩn hóa; Glue Data Catalog cung cấp metadata cho Athena và Glue.","Phù hợp giữ dữ liệu đa dạng với chi phí lưu trữ linh hoạt, nhiều nhóm cùng khai thác và tái xử lý từ dữ liệu gốc.","Data lake không tự tạo schema, kiểm tra chất lượng hoặc bảo mật. Thiếu catalog, partition và ownership có thể khiến dữ liệu khó tìm và query tốn kém.",S3; Lake Formation,Domain 1,1.1,Lưu trữ,Skill Builder,"https://skillbuilder.aws/learn/EZ5E7MDBFM/aws-ml-engineer-associate--collect-ingest-and-store-data/SYGN3UF5BT
https://aws.amazon.com/s3/",14/09/2026
Data warehouse,"• Curated analytical data
• SQL analytics
• OLAP",Kho dữ liệu phân tích,A system organizes data for analytical queries.,Hệ thống tổ chức dữ liệu nhằm phục vụ truy vấn phân tích.,"Hệ thống tối ưu lưu trữ và truy vấn phân tích trên dữ liệu đã được mô hình hóa. Thường tổng hợp lượng lớn bản ghi để tính chỉ số, báo cáo và tạo tập đặc trưng; tối ưu bằng cách tổ chức dữ liệu và tài nguyên tính toán phù hợp.",Redshift tổng hợp doanh thu theo khách hàng trong 90 ngày để tạo đặc trưng cho mô hình churn.,Phù hợp SQL analytics và dữ liệu quan hệ có mô hình ổn định; có thể kết hợp data lake thay vì buộc chọn một trong hai.,Warehouse không phải lựa chọn mặc định cho từng request giao dịch millisecond. Dữ liệu đưa vào warehouse vẫn cần kiểm tra freshness và leakage.,Amazon Redshift,Domain 1,1.1,Lưu trữ,Skill Builder,"https://skillbuilder.aws/learn/EZ5E7MDBFM/aws-ml-engineer-associate--collect-ingest-and-store-data/SYGN3UF5BT
https://aws.amazon.com/redshift/",14/09/2026
OLAP,"• Analytical processing
• Large scans
• Aggregation",Xử lý phân tích trực tuyến,Workloads aggregate and analyze large data sets.,"Khối lượng công việc tổng hợp, phân tích tập dữ liệu lớn.","Tối ưu truy vấn phân tích trên nhiều bản ghi, như group-by, join và thống kê lịch sử. Workload thường đọc nhiều và trả về kết quả tổng hợp; định dạng cột giúp chỉ đọc các cột cần thiết.",Tính tổng chi tiêu và số lần mua theo customer_id trong một năm để tạo training features.,"Dùng để khám phá dữ liệu, báo cáo và xây dựng dataset; Redshift và Athena là các lựa chọn theo kiến trúc dữ liệu.",Không suy ra OLAP phù hợp phục vụ mọi đặc trưng online. Query quét dữ liệu lớn thường không đáp ứng yêu cầu tra cứu đơn lẻ độ trễ thấp.,Redshift; Athena,Domain 1,1.1,Lưu trữ,Skill Builder,"https://skillbuilder.aws/learn/EZ5E7MDBFM/aws-ml-engineer-associate--collect-ingest-and-store-data/SYGN3UF5BT
https://aws.amazon.com/redshift/",14/09/2026
OLTP,"• Transactional processing
• Short reads/writes
• Concurrency",Xử lý giao dịch trực tuyến,Workloads perform short transactional reads and writes.,Khối lượng công việc gồm đọc ghi giao dịch ngắn.,Tối ưu nhiều giao dịch nhỏ cập nhật hoặc tra cứu trạng thái hiện tại. Cần tính đúng đắn giao dịch và kiểm soát đồng thời; không nên làm giảm hiệu năng ứng dụng bằng các query phân tích nặng trên database sản xuất.,Hệ thống đơn hàng ghi một giao dịch và cập nhật tồn kho; pipeline CDC chuyển thay đổi sang kho phân tích.,"Dùng cho hệ thống nghiệp vụ tạo dữ liệu nguồn. Có thể trích xuất bằng replica, export hoặc CDC theo khả năng của engine.","OLTP/OLAP mô tả workload, không đồng nghĩa mọi relational database chỉ làm được một loại. Chọn kiến trúc theo latency, quy mô và tác động lên nguồn.",Amazon RDS,Domain 1,1.1,Lưu trữ,Skill Builder,"https://skillbuilder.aws/learn/EZ5E7MDBFM/aws-ml-engineer-associate--collect-ingest-and-store-data/SYGN3UF5BT
https://aws.amazon.com/rds/",14/09/2026
Block storage,"• Addressable blocks
• Low-latency I/O
• Filesystem on top",Lưu trữ khối,A volume exposes addressable storage blocks.,Volume cung cấp các khối lưu trữ có thể định địa chỉ.,"Cung cấp thiết bị lưu trữ theo block để hệ điều hành định dạng và tạo filesystem hoặc ứng dụng truy cập block trực tiếp. Amazon EBS là block storage gắn với EC2 trong cùng Availability Zone, phù hợp đọc/ghi thường xuyên.","Gắn EBS vào EC2, mount thành /data để lưu dataset được tải từ S3 và các checkpoint huấn luyện.","Dùng khi workload cần ổ đĩa của máy chủ, random I/O hoặc điều chỉnh IOPS/throughput. Lựa chọn loại volume phải khớp mẫu truy cập.","Block storage không cung cấp shared file namespace như EFS. EBS Multi-Attach có điều kiện và cần ứng dụng/filesystem phối hợp ghi, không biến volume thành NAS tự động.",Amazon EBS,Domain 1,1.1,Storage,Skill Builder,"https://skillbuilder.aws/learn/EZ5E7MDBFM/aws-ml-engineer-associate--collect-ingest-and-store-data/SYGN3UF5BT
https://aws.amazon.com/ebs/",14/09/2026
File storage,"• Shared filesystem
• Hierarchical paths
• NFS / POSIX access",Lưu trữ tệp,Data is accessed through a hierarchical file system.,Truy cập dữ liệu qua hệ thống tệp phân cấp.,"Tổ chức dữ liệu thành thư mục và tệp, cung cấp filesystem cho ứng dụng truy cập bằng đường dẫn. Dịch vụ file dùng chung cho nhiều máy giúp tránh sao chép nhiều dataset; hiệu năng phụ thuộc thông lượng, metadata operations và topology.",Nhiều EC2 mount EFS qua NFS để cùng đọc dataset; cụm huấn luyện dùng FSx for Lustre cho parallel I/O.,"Dùng khi ứng dụng cần API file hoặc nhiều worker chia sẻ dữ liệu. EFS nhấn mạnh chia sẻ linh hoạt, Lustre nhấn mạnh parallel filesystem cho hiệu năng cao.",File storage không đồng nghĩa mọi dịch vụ có cùng protocol hay mức hiệu năng. Nhiều client truy cập đồng thời vẫn cần xử lý locking và tránh tranh chấp ghi.,EFS; FSx,Domain 1,1.1,Storage,Skill Builder,"https://skillbuilder.aws/learn/EZ5E7MDBFM/aws-ml-engineer-associate--collect-ingest-and-store-data/SYGN3UF5BT
https://aws.amazon.com/efs/",14/09/2026
Instance store,"• Ephemeral local storage
• Temporary scratch
• Host lifecycle",Ổ lưu trữ tạm trên máy chủ,Local instance-attached storage is ephemeral.,Lưu trữ cục bộ gắn với máy chủ instance và có tính tạm thời.,"Ổ đĩa cục bộ gắn với máy chủ vật lý của instance. Dữ liệu tồn tại khi reboot thông thường nhưng không được bảo đảm khi instance stop, hibernate, terminate hoặc host/ổ đĩa hỏng. Phải có bản dữ liệu bền vững ở nơi khác.",Giải nén shard dữ liệu từ S3 vào NVMe instance store để training; đẩy checkpoint định kỳ về S3 hoặc EBS.,"Dùng cho cache, shuffle, scratch và dữ liệu có thể tái tạo khi cần I/O cục bộ cao.","Không lưu bản duy nhất của dataset hoặc checkpoint quan trọng. Instance store khác EBS ở vòng đời và tính bền vững, không chỉ ở tốc độ.",Amazon EC2,Domain 1,1.1,Storage,Skill Builder,https://skillbuilder.aws/learn/EZ5E7MDBFM/aws-ml-engineer-associate--collect-ingest-and-store-data/SYGN3UF5BT,14/09/2026
Object storage,"• Object + key + metadata
• API access
• Massive scale",Lưu trữ đối tượng,Data is stored as objects identified by keys.,Dữ liệu lưu thành đối tượng được nhận diện bằng khóa.,"Lưu nội dung dưới dạng object trong bucket, nhận diện bằng key và truy cập bằng API. Amazon S3 phù hợp dữ liệu raw, dataset, artifact và backup; thiết kế key/prefix, định dạng và lifecycle ảnh hưởng việc khai thác.",Lưu s3://bucket/train/date=2026-09-14/part-001.parquet; Glue/Athena đọc theo prefix/phân vùng phù hợp.,"Dùng cho data lake và dữ liệu lớn cần lưu độc lập tài nguyên compute. Có thể tải về EBS, stream hoặc tích hợp filesystem khi ứng dụng yêu cầu.",Object key có dấu / không biến S3 thành POSIX filesystem. Không giả định chỉnh sửa vài byte tại chỗ hoặc file locking như ổ đĩa thông thường.,Amazon S3,Domain 1,1.1,Storage,Skill Builder,"https://skillbuilder.aws/learn/EZ5E7MDBFM/aws-ml-engineer-associate--collect-ingest-and-store-data/SYGN3UF5BT
https://aws.amazon.com/s3/",14/09/2026
Shard / partition key,"• Distribute events
• Ordering scope
• Avoid hot keys",Shard / khóa phân vùng stream,A routing key determines the shard receiving a record.,Khóa định tuyến quyết định shard nhận bản ghi.,Partition key ánh xạ bản ghi vào shard/partition để phân tán lưu lượng. Key có độ phân tán phù hợp giúp nhiều tài nguyên cùng xử lý; chọn key cũng quyết định phạm vi giữ thứ tự và nơi tập hợp trạng thái.,"Clickstream dùng user_id để giữ thứ tự theo người dùng. Nếu một user cực lớn, cần cân nhắc salting hoặc thiết kế key khác cùng hệ quả lên ordering.","Dùng khi thiết kế Kinesis/Kafka hoặc hệ thống phân tán. Chọn theo phân phối thực tế, yêu cầu ordering và khả năng mở rộng consumer.",Nhiều shard không khắc phục hoàn toàn một key quá nóng. Random key phân tán tốt nhưng có thể phá yêu cầu xử lý tuần tự theo thực thể.,Kinesis Data Streams,Domain 1,1.1,Streaming,Skill Builder,"https://skillbuilder.aws/learn/EZ5E7MDBFM/aws-ml-engineer-associate--collect-ingest-and-store-data/SYGN3UF5BT
https://docs.aws.amazon.com/streams/latest/dev/key-concepts.html",14/09/2026
Hot partition,"• Uneven traffic
• Key skew
• Local bottleneck",Phân vùng nóng,A subset of partitions receives disproportionate load.,Một số phân vùng nhận tải vượt trội so với phần còn lại.,Một hoặc vài partition nhận phần lớn lưu lượng trong khi phần khác nhàn. Hệ thống vẫn có thể throttling dù tổng công suất còn dư; nguyên nhân thường là key có phân phối lệch hoặc thiết kế bucket thời gian quá tập trung.,Dùng country làm partition key khiến hầu hết traffic dồn vào một quốc gia; hoặc tất cả sự kiện hiện tại cùng một key ngày.,"Phát hiện bằng metrics theo shard/partition và phân phối key; khắc phục bằng thay đổi key, salting, sharding phù hợp hoặc điều chỉnh capacity.",Tăng tổng tài nguyên có thể chỉ giảm triệu chứng. Salting cần chiến lược tổng hợp lại dữ liệu và có thể làm thay đổi ordering.,Kinesis; DynamoDB,Domain 1,1.1,Troubleshooting,Skill Builder,https://skillbuilder.aws/learn/EZ5E7MDBFM/aws-ml-engineer-associate--collect-ingest-and-store-data/SYGN3UF5BT,14/09/2026
Throttling,"• Rate / capacity limit
• Backoff with jitter
• Partial retries",Giới hạn tốc độ yêu cầu,A service limits requests when capacity or quotas are exceeded.,Dịch vụ hạn chế yêu cầu khi vượt năng lực hoặc quota.,"Dịch vụ giới hạn request hoặc throughput để bảo vệ tài nguyên. Client cần retry có backoff/jitter, theo dõi lỗi từng bản ghi và tránh tạo bão retry. Throttling có thể do quota, partition nóng hoặc consumer xử lý không kịp.",Kinesis PutRecords trả một số record lỗi; chỉ retry record thất bại và theo dõi WriteProvisionedThroughputExceeded cùng phân phối partition key.,Dùng để phân biệt thiếu capacity với lỗi schema/quyền truy cập. Batching và phân tán key có thể giảm áp lực trước khi tăng tài nguyên.,Retry toàn bộ batch thành công một phần có thể tạo trùng. Không retry vô hạn lỗi không thể khắc phục như AccessDenied hoặc payload sai định dạng.,Kinesis; CloudWatch,Domain 1,1.1,Troubleshooting,Skill Builder,https://skillbuilder.aws/learn/EZ5E7MDBFM/aws-ml-engineer-associate--collect-ingest-and-store-data/SYGN3UF5BT,14/09/2026
Approximate nearest neighbors (ANN),"• Approximate similarity search
• Recall–latency trade-off
• Vector index",Láng giềng gần đúng,Search approximates nearest vectors to improve speed.,Tìm gần đúng vector gần nhất nhằm tăng tốc.,"Tìm các vector gần query mà không tính khoảng cách chính xác với toàn bộ kho. Index giúp giảm công việc tìm kiếm, đổi lại có thể bỏ sót một phần láng giềng thật. Chất lượng phụ thuộc embedding, metric, index và tham số truy vấn.","Dùng HNSW truy vấn top-k đoạn tài liệu tương tự trong một kho RAG lớn, đo recall@k cùng latency trên bộ query đại diện.",Phù hợp semantic retrieval quy mô lớn khi exact search tốn nhiều thời gian hoặc tài nguyên.,ANN không có nghĩa kết quả luôn sai; đây là đánh đổi có thể đo. Tăng k không tự sửa embedding kém hoặc metric không khớp mô hình.,OpenSearch,Domain 1,1.1,Vector và RAG,Skill Builder,https://skillbuilder.aws/learn/EZ5E7MDBFM/aws-ml-engineer-associate--collect-ingest-and-store-data/SYGN3UF5BT,14/09/2026
Cosine similarity,"• Vector direction
• Normalized dot product
• Higher = more similar",Độ tương đồng cosine,The normalized dot product measures vector direction similarity.,Tích vô hướng chuẩn hóa đo độ giống hướng của vector.,"Đo góc giữa hai vector: cos(x,y) = (x·y)/(‖x‖‖y‖). Giá trị toán học trong [-1,1] với vector khác 0; tập trung hướng hơn độ lớn. Phải dùng metric phù hợp cách embedding model được huấn luyện.","Hai vector [1,2] và [2,4] có cosine bằng 1 vì cùng hướng dù độ lớn khác nhau.",Thường dùng so sánh semantic embeddings khi hướng mã hóa nội dung. Có thể chuẩn hóa vector rồi dùng dot product tương đương.,"Vector 0 không có cosine xác định. API có thể trả distance hoặc score đã biến đổi, nên không áp ngưỡng [-1,1] cho mọi điểm số dịch vụ.",OpenSearch; pgvector,Domain 1,1.1,Vector và RAG,Skill Builder,https://skillbuilder.aws/learn/EZ5E7MDBFM/aws-ml-engineer-associate--collect-ingest-and-store-data/SYGN3UF5BT,14/09/2026
Dot product,"• Direction + magnitude
• Inner product
• Normalization matters",Tích vô hướng,The sum of coordinate products scores two vectors.,Tổng tích từng cặp tọa độ chấm điểm hai vector.,"Tính tổng tích từng thành phần x·y = Σxᵢyᵢ. Điểm số chịu ảnh hưởng cả hướng lẫn độ lớn vector. Khi hai vector được chuẩn hóa L2 về độ dài 1, dot product bằng cosine similarity.","[1,0]·[10,0] = 10, lớn hơn [1,0]·[1,0] = 1 dù cả hai ứng viên cùng hướng với query.",Dùng khi embedding model hoặc hệ thống retrieval được thiết kế/huấn luyện với inner product; kiểm tra yêu cầu normalization của model.,Không dùng thay cosine một cách tùy ý cho vector chưa chuẩn hóa. Vector có norm lớn có thể được ưu tiên dù mức tương đồng về hướng thấp hơn.,OpenSearch; pgvector,Domain 1,1.1,Vector và RAG,Skill Builder,https://skillbuilder.aws/learn/EZ5E7MDBFM/aws-ml-engineer-associate--collect-ingest-and-store-data/SYGN3UF5BT,14/09/2026
Euclidean distance (L2),"• Geometric distance
• Lower = nearer
• Scale sensitive",Khoảng cách Euclid,Straight-line distance measures separation between vectors.,Khoảng cách đường thẳng đo độ xa giữa vector.,"Đo khoảng cách đường thẳng: d(x,y) = √Σ(xᵢ−yᵢ)². Nhạy với đơn vị và độ lớn các chiều; chuẩn hóa hoặc scaling phải thống nhất giữa dữ liệu lập chỉ mục và query.","Khoảng cách từ [0,0] đến [3,4] bằng 5. Một chiều có giá trị hàng nghìn có thể chi phối các chiều có giá trị 0–1.",Dùng khi không gian biểu diễn và mục tiêu mô hình phù hợp khoảng cách L2; lựa chọn dựa vào model và đánh giá retrieval.,"Không mặc định L2 chỉ dành cho ảnh. Nhiều API dùng squared L2 hoặc score đảo chiều, nên phải đọc định nghĩa điểm số trước khi đặt threshold.",OpenSearch; pgvector,Domain 1,1.1,Vector và RAG,Skill Builder,https://skillbuilder.aws/learn/EZ5E7MDBFM/aws-ml-engineer-associate--collect-ingest-and-store-data/SYGN3UF5BT,14/09/2026
Fixed-size chunking,"• Token / character window
• Optional overlap
• Simple boundaries",Chia đoạn kích thước cố định,Text is divided using a chosen size and overlap.,Chia văn bản theo kích thước và phần chồng lấn đã chọn.,"Chia tài liệu theo một kích thước cố định, tính bằng token hoặc ký tự tùy công cụ. Overlap giữ một phần nội dung chung giữa hai chunk để giảm mất ngữ cảnh ở ranh giới, đổi lại tăng lượng dữ liệu và chi phí embedding.","Chia mỗi chunk 500 token với overlap 50 token, sau đó kiểm tra xem câu, bảng và tiêu đề có bị cắt theo cách làm mất nghĩa hay không.",Phù hợp pipeline đơn giản và tài liệu khá đồng nhất; dễ kiểm soát giới hạn input của embedding model.,"500 token chỉ là ví dụ, không phải giá trị tối ưu chung. Chunk quá nhỏ mất ngữ cảnh; quá lớn pha loãng nội dung cần truy xuất.",Bedrock Knowledge Bases,Domain 1,1.1,Vector và RAG,Skill Builder,"https://skillbuilder.aws/learn/EZ5E7MDBFM/aws-ml-engineer-associate--collect-ingest-and-store-data/SYGN3UF5BT
https://docs.aws.amazon.com/bedrock/latest/userguide/kb-chunking.html
https://skillbuilder.aws/learn/3AHUUNMH2X/aws-ml-engineer-associate--data-transformation-and-feature-engineering/H2K74ZEHBM",14/09/2026
Hierarchical chunking,"• Parent–child structure
• Fine retrieval
• Broader context",Chia đoạn phân cấp,Small retrieval chunks are linked to larger context chunks.,Liên kết đoạn nhỏ để truy xuất với đoạn cha chứa ngữ cảnh rộng.,"Tạo các chunk nhỏ liên kết với các phần cha lớn hơn. Retrieval có thể tìm chunk con chính xác, sau đó đưa phần cha vào ngữ cảnh để giữ ý nghĩa đầy đủ. Cần quản lý metadata quan hệ và tránh lặp parent trong kết quả.","Tìm một đoạn con nói về EBS snapshots, rồi cung cấp mục cha giải thích backup và điều kiện khôi phục.",Phù hợp tài liệu dài có cấu trúc chương/mục và câu trả lời cần ngữ cảnh quanh đoạn khớp.,Nhiều chunk con cùng parent có thể làm số parent cuối ít hơn top-k ban đầu. Context lớn hơn cũng tăng chi phí và có thể chứa nội dung không liên quan.,Bedrock Knowledge Bases,Domain 1,1.1,Vector và RAG,Skill Builder,"https://skillbuilder.aws/learn/EZ5E7MDBFM/aws-ml-engineer-associate--collect-ingest-and-store-data/SYGN3UF5BT
https://docs.aws.amazon.com/bedrock/latest/userguide/kb-chunking.html
https://skillbuilder.aws/learn/3AHUUNMH2X/aws-ml-engineer-associate--data-transformation-and-feature-engineering/H2K74ZEHBM",14/09/2026
Hybrid search,"• Lexical + semantic
• Exact terms + meaning
• Score fusion",Tìm kiếm kết hợp,Keyword and semantic retrieval signals are combined.,Kết hợp tìm từ khóa với tìm kiếm ngữ nghĩa.,"Kết hợp tìm kiếm từ khóa với tìm kiếm vector. Lexical search bắt tên sản phẩm, mã lỗi, số hiệu; semantic search bắt cách diễn đạt khác cùng ý nghĩa. Cần hợp nhất hoặc rerank kết quả vì thang điểm hai cơ chế khác nhau.",Query chứa “gp3 throughput” vừa cần khớp chính xác tên gp3 vừa tìm đoạn diễn giải hiệu năng mà không lặp nguyên câu hỏi.,"Phù hợp dữ liệu có thuật ngữ chuyên ngành, mã định danh và ngôn ngữ tự nhiên; OpenSearch có thể triển khai lexical và vector retrieval.","Không cộng trực tiếp hai score bất kỳ mà không chuẩn hóa/hiệu chỉnh. Hybrid vẫn cần metadata filters, đánh giá relevance và quyền truy cập đúng.",OpenSearch Service,Domain 1,1.1,Vector và RAG,Skill Builder,"https://skillbuilder.aws/learn/EZ5E7MDBFM/aws-ml-engineer-associate--collect-ingest-and-store-data/SYGN3UF5BT
https://aws.amazon.com/opensearch-service/",14/09/2026
Retrieval-augmented generation (RAG),"• Retrieve → Augment → Generate
• Grounding
• Source citations",Sinh có bổ sung truy xuất,Retrieved information is supplied as context for generation.,Truy xuất tài liệu liên quan làm ngữ cảnh cho mô hình sinh.,"Pipeline lập chỉ mục thường gồm chunk tài liệu, tạo embedding và lưu vector cùng metadata. Khi hỏi, tạo query embedding, retrieve nội dung liên quan, ghép nội dung vào prompt rồi gọi mô hình sinh câu trả lời.","Trợ lý nội bộ truy xuất hướng dẫn S3/EBS đã được duyệt, đưa các đoạn liên quan vào prompt và trả lời kèm nguồn.",Dùng để đưa kiến thức riêng hoặc cập nhật vào ứng dụng mà không phải huấn luyện lại toàn bộ mô hình cho mỗi thay đổi tài liệu.,"RAG không bảo đảm câu trả lời đúng. Retrieval kém, tài liệu lỗi thời, thiếu quyền lọc hoặc prompt injection trong nguồn đều có thể làm đầu ra sai.",Bedrock Knowledge Bases,Domain 1,1.1,Vector và RAG,Skill Builder,"https://skillbuilder.aws/learn/EZ5E7MDBFM/aws-ml-engineer-associate--collect-ingest-and-store-data/SYGN3UF5BT
https://docs.aws.amazon.com/bedrock/latest/userguide/knowledge-base.html",14/09/2026
Semantic chunking,"• Meaning-based boundaries
• Topic coherence
• Embedding cost",Chia đoạn theo ngữ nghĩa,Text boundaries follow changes in semantic similarity.,Chọn ranh giới đoạn dựa trên thay đổi ngữ nghĩa.,Chia văn bản dựa trên thay đổi ngữ nghĩa giữa câu/đoạn thay vì chỉ dùng số token cố định. Mục tiêu giữ các ý liên quan trong cùng chunk; thuật toán có thể cần embeddings và ngưỡng phát hiện ranh giới.,Giữ phần định nghĩa EBS cùng hai lợi ích của nó; bắt đầu chunk mới khi tài liệu chuyển sang EFS.,Phù hợp tài liệu có độ dài mục không đều và cần retrieval theo chủ đề. Đánh giá bằng chất lượng truy xuất thực tế so với chi phí xây dựng index.,"Không phải mọi ranh giới ngữ nghĩa đều chính xác. Vẫn phải kiểm soát kích thước tối đa theo model và xử lý bảng, danh sách, tiêu đề.",Bedrock Knowledge Bases,Domain 1,1.1,Vector và RAG,Skill Builder,"https://skillbuilder.aws/learn/EZ5E7MDBFM/aws-ml-engineer-associate--collect-ingest-and-store-data/SYGN3UF5BT
https://docs.aws.amazon.com/bedrock/latest/userguide/kb-chunking.html
https://skillbuilder.aws/learn/3AHUUNMH2X/aws-ml-engineer-associate--data-transformation-and-feature-engineering/H2K74ZEHBM",14/09/2026
Vector database,"• Embeddings + metadata
• Similarity index
• Filtered retrieval",Cơ sở dữ liệu vector,A store indexes vectors for similarity queries.,Kho dữ liệu lập chỉ mục vector để tìm kiếm độ tương đồng.,"Lưu vector số cùng ID và metadata, cung cấp tìm kiếm tương đồng theo metric/index hỗ trợ. Pipeline phải dùng embedding model nhất quán cho dữ liệu và query; khi đổi model hoặc số chiều thường phải tạo lại embeddings/index.","Lưu embedding của từng đoạn tài liệu với document_id, source_uri và access_group; query top-k có lọc nhóm được phép đọc.","Dùng cho semantic search, recommendation và RAG. Chọn theo latency, quy mô, update/delete, metadata filtering, tích hợp và chi phí.",Vector database không tự hiểu văn bản thô; cần embedding model. Lưu vector cùng số chiều vẫn chưa đủ nếu vector được tạo từ hai model khác nhau.,OpenSearch; S3 Vectors,Domain 1,1.1,Vector và RAG,Skill Builder,"https://skillbuilder.aws/learn/EZ5E7MDBFM/aws-ml-engineer-associate--collect-ingest-and-store-data/SYGN3UF5BT
https://aws.amazon.com/opensearch-service/",14/09/2026
Binary encoding,"• Category → integer → binary digits
• Fewer columns
• Artificial patterns",Mã hóa nhị phân danh mục,Category identifiers are represented using binary digits.,Biểu diễn mã danh mục bằng nhiều chữ số nhị phân.,"Ánh xạ mỗi category sang mã số, rồi biểu diễn mã bằng các bit ở nhiều cột. Số cột tăng gần log₂ số category, ít hơn one-hot khi cardinality cao. Bộ ánh xạ phải được fit từ train và lưu để dùng nhất quán khi inference.",8 nhóm có thể biểu diễn bằng 3 bit nếu đánh số 0–7; số cột thực tế có thể tăng khi thư viện dành mã cho missing/unknown.,"Cân nhắc khi nhiều category khiến one-hot tạo quá nhiều cột, đồng thời đánh giá chất lượng mô hình sau encoding.",Các bit tạo cấu trúc và quan hệ nhân tạo giữa category. Không phải mọi model hiểu các mã này đúng; cần xử lý category mới và không giả định luôn tốt hơn one-hot.,Processing,Domain 1,1.2,Encoding,Bổ sung Domain 1,https://docs.aws.amazon.com/sagemaker/latest/dg/data-wrangler-transform.html,14/09/2026
One-hot encoding,"• One indicator per category
• Nominal categories
• Sparse output",Mã hóa one-hot,Categories are mapped to separate indicator columns.,Mỗi hạng mục trở thành một cột chỉ báo.,"Tạo cột nhị phân cho từng category, tránh áp đặt thứ tự giả lên biến nominal. Số chiều tăng theo số category; sparse representation có thể giảm bộ nhớ. Chỉ fit vocabulary trên train và áp dụng cùng schema cho validation/test/inference.","Màu {đỏ, xanh, vàng} → color_red, color_blue, color_yellow; mỗi dòng bật cột tương ứng.","Phù hợp category không có thứ tự, nhất là mô hình tuyến tính hoặc thuật toán nhạy với khoảng cách số.","High cardinality có thể tạo ma trận rất rộng. Category chưa gặp cần chính sách rõ; drop một cột phụ thuộc mô hình, regularization và yêu cầu tránh đa cộng tuyến.",Data Wrangler,Domain 1,1.2,Encoding,Skill Builder,"https://scikit-learn.org/stable/modules/preprocessing.html
https://skillbuilder.aws/learn/3AHUUNMH2X/aws-ml-engineer-associate--data-transformation-and-feature-engineering/H2K74ZEHBM",14/09/2026
Ordinal / label encoding,"• Category → integer
• Meaningful order
• Feature vs target",Mã hóa thứ tự / nhãn,Categories or labels are mapped to integer codes.,Ánh xạ hạng mục hoặc nhãn sang số nguyên.,Ordinal encoding đổi category đầu vào thành số theo một thứ tự xác định. Chỉ nên coi khoảng cách/thứ tự số là có ý nghĩa khi bài toán hỗ trợ; label encoding thường dùng mã hóa nhãn y và không mặc định phù hợp mọi feature nominal.,"Mức độ {low, medium, high} → {0,1,2} có thứ tự; quốc gia {VN, US, JP} → {0,1,2} không tạo quan hệ thứ bậc thật.",Phù hợp biến ordinal và các thuật toán/triển khai xử lý category theo cách tương thích. Giữ mapping ổn định khi triển khai.,"Model có thể hiểu 2 lớn hơn 1 hoặc khoảng cách bằng nhau. Không dùng mã số tùy ý cho nominal chỉ vì định dạng đầu vào yêu cầu numeric.

Trong bài, “label encoding” được dùng theo nghĩa rộng là category→integer. Trong scikit-learn, LabelEncoder dành cho target y, còn OrdinalEncoder dành cho feature X; cần phân biệt tên khái niệm và API.",Data Wrangler,Domain 1,1.2,Encoding,Skill Builder,"https://docs.aws.amazon.com/sagemaker/latest/dg/data-wrangler-transform.html
https://skillbuilder.aws/learn/3AHUUNMH2X/aws-ml-engineer-associate--data-transformation-and-feature-engineering/H2K74ZEHBM",14/09/2026
Binning,"• Continuous → intervals
• Reduce detail
• Boundary choice",Chia khoảng,Continuous values are grouped into intervals.,Gom giá trị liên tục vào các khoảng.,"Chuyển biến số liên tục thành các khoảng. Có thể dùng khoảng đều về độ rộng, theo quantile hoặc theo ngưỡng nghiệp vụ. Binning giảm độ chi tiết và đôi khi giảm nhạy với nhiễu; các ngưỡng học từ dữ liệu phải được xác định chỉ trên train.","Tuổi chia thành <18, 18–35, 36–60, >60; hoặc chi tiêu chia theo các quantile của tập train.",Dùng khi quan hệ phi tuyến dễ biểu diễn theo nhóm hoặc cần quy tắc dễ giải thích.,Binning làm mất thông tin trong mỗi khoảng; quantile không đảm bảo khoảng có cùng độ rộng. Cần quy định biên đóng/mở và xử lý giá trị ngoài phạm vi.,Data Wrangler,Domain 1,1.2,Feature engineering,Skill Builder,"https://docs.aws.amazon.com/sagemaker/latest/dg/data-wrangler-transform.html
https://skillbuilder.aws/learn/3AHUUNMH2X/aws-ml-engineer-associate--data-transformation-and-feature-engineering/H2K74ZEHBM",14/09/2026
Dimensionality reduction,"• Fewer dimensions
• New representation
• Information trade-off",Giảm số chiều,Data is represented with fewer dimensions.,Biểu diễn dữ liệu bằng ít chiều hơn.,"Biến đổi dữ liệu nhiều chiều thành biểu diễn ít chiều hơn. PCA tìm các hướng tuyến tính có phương sai lớn; đây là tạo đặc trưng mới, khác chọn giữ một tập cột gốc. Fit transform trên train rồi dùng cùng phép chiếu cho các tập khác.",Giảm 200 feature tương quan thành một số principal components và chọn số chiều qua validation cùng tỷ lệ phương sai giữ lại.,"Dùng để giảm chi phí tính toán, đa cộng tuyến, nhiễu hoặc phục vụ trực quan hóa. Scaling trước PCA thường quan trọng khi đơn vị các feature khác nhau.",Phương sai lớn không luôn là tín hiệu dự đoán nhãn. Giảm chiều có thể mất khả năng giải thích; không fit PCA trên toàn bộ train+test.,SageMaker PCA,Domain 1,1.2,Feature engineering,Skill Builder,"https://scikit-learn.org/stable/modules/decomposition.html
https://skillbuilder.aws/learn/3AHUUNMH2X/aws-ml-engineer-associate--data-transformation-and-feature-engineering/H2K74ZEHBM",14/09/2026
Feature selection,"• Keep original features
• Relevance / redundancy
• Train-only fitting",Chọn đặc trưng,A subset of existing features is retained.,Chọn giữ lại một phần đặc trưng hiện có.,"Chọn một tập con các feature gốc bằng kiểm định thống kê, phương pháp wrapper hoặc thông tin từ model. Mục tiêu giảm feature không liên quan, dư thừa hoặc gây overfitting; lựa chọn phải nằm trong quy trình validation để tránh lạc quan giả.","Loại cột hằng, lọc feature trùng, sau đó dùng lựa chọn dựa trên model trong từng fold cross-validation.","Dùng khi cần pipeline gọn, giảm chi phí thu thập/serving hoặc tăng khả năng giải thích mà vẫn giữ nghĩa cột gốc.",Không chọn feature bằng tương quan với nhãn của test set. Feature importance có thể thiên lệch hoặc chia sẻ giữa các cột tương quan; không xem importance là quan hệ nhân quả.,Processing,Domain 1,1.2,Feature engineering,Skill Builder,"https://scikit-learn.org/stable/modules/feature_selection.html
https://skillbuilder.aws/learn/3AHUUNMH2X/aws-ml-engineer-associate--data-transformation-and-feature-engineering/H2K74ZEHBM",14/09/2026
Feature splitting,"• Extract components
• Structured signals
• Preserve meaning",Tách đặc trưng,One field is decomposed into useful components.,Tách một trường thành các thành phần hữu ích.,"Tách một feature phức hợp thành các thành phần có ích cho mô hình. Phải dùng parser đáng tin cậy, quản lý dữ liệu thiếu và giữ quy tắc giống nhau ở training/inference. Có thể cần biến đổi thêm cho cấu trúc tuần hoàn.","Timestamp → giờ, ngày trong tuần, tháng; chuỗi mã sản phẩm → nhóm và phiên bản nếu cấu trúc mã ổn định.",Dùng khi một trường chứa nhiều yếu tố dự báo nhưng mô hình khó tự khai thác biểu diễn thô.,Tách ngày tháng sai timezone gây lệch ý nghĩa. Tháng 12 và tháng 1 gần nhau theo chu kỳ; encoding số nguyên đơn thuần không biểu diễn quan hệ đó.,Data Wrangler,Domain 1,1.2,Feature engineering,Skill Builder,"https://docs.aws.amazon.com/sagemaker/latest/dg/data-wrangler-transform.html
https://skillbuilder.aws/learn/3AHUUNMH2X/aws-ml-engineer-associate--data-transformation-and-feature-engineering/H2K74ZEHBM",14/09/2026
Log transformation,"• Compress large values
• Right-skew reduction
• Domain constraints",Biến đổi log,A logarithm compresses the scale of positive values.,Dùng log để giảm chênh lệch độ lớn của giá trị dương.,Dùng log để nén các giá trị lớn và có thể làm phân phối lệch phải bớt lệch. log1p(x) = log(1+x) thường phù hợp dữ liệu không âm có số 0. Việc biến đổi phải nhất quán và chỉ thực hiện khi hợp lý với miền dữ liệu.,"Chi tiêu {0,10,1000} biến đổi bằng log1p để giảm ảnh hưởng chênh lệch nhiều bậc độ lớn.",Cân nhắc với feature dương có đuôi dài hoặc quan hệ mang tính nhân. Kiểm tra bằng EDA và validation thay vì áp dụng tự động.,Log không xác định cho đầu vào không hợp lệ theo biến thể dùng. Không âm thầm cộng hằng để che dữ liệu lỗi; biến đổi target cần inverse transform khi diễn giải dự đoán.,Processing,Domain 1,1.2,Feature engineering,Skill Builder,"https://docs.aws.amazon.com/sagemaker/latest/dg/data-wrangler-transform.html
https://skillbuilder.aws/learn/3AHUUNMH2X/aws-ml-engineer-associate--data-transformation-and-feature-engineering/H2K74ZEHBM",14/09/2026
Min-max scaling,"• Normalization in this course
• Min–max → target range
• Sensitive to outliers
• Fit on train",Co giãn theo min-max,Values are rescaled using the training minimum and maximum.,Co giãn giá trị theo min và max của tập train.,"Đưa giá trị về khoảng theo min và max của train: x′ = (x−min_train)/(max_train−min_train) cho khoảng [0,1]. Có thể chọn khoảng khác; giá trị mới vượt biên train có thể nằm ngoài [0,1] nếu không bật clipping.","Nếu min_train=10, max_train=30, x=20 → 0,5; x=40 ở inference → 1,5 khi không clip.",Phù hợp thuật toán cần các feature có phạm vi tương đương hoặc input range nhất định.,Outlier làm phần lớn dữ liệu bị ép vào vùng hẹp. Không tính min/max lại trên test hoặc từng request; cột hằng cần cách xử lý của transformer.,Data Wrangler,Domain 1,1.2,Feature engineering,Skill Builder,"https://scikit-learn.org/stable/modules/preprocessing.html
https://skillbuilder.aws/learn/3AHUUNMH2X/aws-ml-engineer-associate--data-transformation-and-feature-engineering/H2K74ZEHBM",14/09/2026
Standardization,"• Zero mean
• Standard deviation = 1
• Unit variance
• z-score",Chuẩn hóa z-score,A feature is centered and scaled using its mean and standard deviation.,"Biến đổi x thành (x−mean)/std, với thống kê lấy từ train.",Chuẩn hóa theo thống kê train: z = (x−μ_train)/σ_train. Giúp các feature có thang đo tương đương; không làm dữ liệu tự trở thành phân phối chuẩn. Lưu scaler để tái sử dụng trong pipeline inference.,Feature thu nhập và tuổi được chuẩn hóa trước logistic regression hoặc PCA để đơn vị đo không chi phối tối ưu.,"Phù hợp mô hình tuyến tính có regularization, SVM, k-NN và nhiều phương pháp giảm chiều; tree-based models thường ít phụ thuộc scaling hơn.","Mean/std nhạy với outlier. Không fit lại scaler trên validation/test; với sparse matrix, centering có thể phá sparsity và tăng bộ nhớ.",Data Wrangler,Domain 1,1.2,Feature engineering,Skill Builder,"https://scikit-learn.org/stable/modules/preprocessing.html
https://skillbuilder.aws/learn/3AHUUNMH2X/aws-ml-engineer-associate--data-transformation-and-feature-engineering/H2K74ZEHBM",14/09/2026
Vector normalization,"• Per-sample scaling
• Unit norm
• L1 / L2",Chuẩn hóa vector,Each sample vector is scaled to a specified norm.,Co giãn từng vector mẫu về độ dài chuẩn đã chọn.,"Chuẩn hóa từng vector/mẫu để norm bằng 1, khác standardization từng feature theo toàn bộ tập train. L2 normalization chia vector cho căn tổng bình phương; giữ hướng nhưng bỏ thông tin độ lớn.","Vector [3,4] → [0,6;0,8] sau L2 normalization, có norm bằng 1.","Dùng khi hướng của vector quan trọng hơn độ lớn, chẳng hạn một số text embeddings hoặc phương pháp dựa trên cosine similarity.",Không tự chuẩn hóa embedding nếu model/index yêu cầu giữ norm. Cần xử lý vector 0; thuật ngữ normalization đôi khi được dùng rộng nên phải nêu rõ phép biến đổi.,Processing,Domain 1,1.2,Feature engineering,Bổ sung Domain 1,https://scikit-learn.org/stable/modules/preprocessing.html,14/09/2026
Feature group,"• Collection of features
• Record identifier
• Event time",Nhóm đặc trưng,"Related features share a schema, record identifier, and event time.","Tập feature liên quan có schema, khóa bản ghi và thời gian sự kiện.","Đơn vị tổ chức feature trong SageMaker Feature Store. Schema mô tả feature names/types; record identifier xác định thực thể, event time biểu diễn thời điểm sự kiện để quản lý bản ghi theo thời gian. Có thể bật online, offline hoặc cả hai theo nhu cầu.

Bài Transform Data khuyến khích nhóm theo entity như customer/product để nhiều model có thể tái sử dụng, thay vì tạo định nghĩa riêng cho từng model.","Feature group customer_activity gồm customer_id, event_time, clicks_5m, purchases_30d.",Dùng để chia sẻ đặc trưng có định nghĩa thống nhất giữa các nhóm và liên kết pipeline ingestion với training/inference.,"Một feature group không tự bảo đảm freshness, chất lượng hoặc point-in-time correctness. Cần thiết kế ID và event time đúng, cùng quy tắc cập nhật và truy vấn.",Feature Store,Domain 1,1.2,Feature Store,Skill Builder,"https://skillbuilder.aws/learn/EZ5E7MDBFM/aws-ml-engineer-associate--collect-ingest-and-store-data/SYGN3UF5BT
https://docs.aws.amazon.com/sagemaker/latest/dg/feature-store-create-feature-group.html
https://skillbuilder.aws/learn/3AHUUNMH2X/aws-ml-engineer-associate--data-transformation-and-feature-engineering/H2K74ZEHBM",14/09/2026
Deduplication,"• Remove unintended duplicates
• Business key
• Idempotent ingestion",Loại bản ghi trùng,Duplicate observations are removed using defined identity rules.,Loại dữ liệu trùng theo quy tắc nhận diện đã chọn.,"Phát hiện và xử lý bản ghi trùng theo khóa nghiệp vụ, event ID hoặc tập trường đã định nghĩa. Cần phân biệt bản sao do retry với nhiều sự kiện giống nhau nhưng hợp lệ; có thể giữ bản ghi mới nhất theo event/update time.

Bài có cùng một survey response nhập từ web và mailer: chỉ tính một quan sát. Với corpus text, kiểm tra cả exact và near duplicates; chỉ hợp nhất khi xác định thật sự cùng nội dung, tránh xóa các khác biệt phiên bản có ý nghĩa.",Hai lần gửi cùng event_id do retry chỉ nên tạo một sự kiện; hai giao dịch thật cùng số tiền vẫn phải giữ cả hai.,"Dùng để tránh thống kê sai, overcount và train/test leakage do cùng quan sát xuất hiện nhiều lần.","Drop duplicates trên toàn bộ dòng có thể không bắt được bản sao khác timestamp ingestion. Ngược lại, chỉ theo customer_id có thể xóa lịch sử giao dịch hợp lệ.",AWS Glue,Domain 1,1.2,Làm sạch,Skill Builder,"https://aws.amazon.com/glue/
https://skillbuilder.aws/learn/W9E1MCC15B/aws-ml-engineer-associate--validate-data-and-prepare-for-modeling/815QR5D1ZA",14/09/2026
Imputation,"• Fill missing values
• Fit on train
• Missingness can signal",Điền giá trị thiếu,Missing values are replaced using an explicit strategy.,Thay giá trị thiếu bằng một phương pháp xác định.,"Điền giá trị thiếu bằng chiến lược như mean/median/mode, hằng số hoặc model. Chọn theo kiểu dữ liệu và nguyên nhân thiếu; có thể bổ sung missing indicator. Các tham số imputation học từ train phải được dùng lại ở các tập khác.

Thứ tự cần nhớ: Identify → Investigate missingness → Decide drop/impute → Fit trên train. Phân biệt MCAR/MAR/MNAR; numeric thường cân nhắc mean/median, categorical mode hoặc Unknown. Các thuật toán có thể hỗ trợ missing khác nhau nên kiểm tra implementation.","Điền median thu nhập tính từ train, đồng thời thêm income_missing để model nhận biết nhóm không cung cấp thu nhập.",Dùng khi thuật toán không xử lý missing trực tiếp hoặc để bảo toàn số mẫu. So sánh với bỏ dòng/cột và khả năng xử lý missing của model.,"Điền số 0 không luôn trung tính. Không tính median trên cả test; forward fill cho chuỗi thời gian chỉ hợp lệ nếu dùng thông tin có sẵn ở thời điểm dự đoán.

Ví dụ bài giữ dòng thiếu 1 ô để impute và bỏ dòng thiếu 4/7 ô chỉ là quyết định theo tình huống, không phải ngưỡng áp dụng chung. Không tự impute target label bằng mode rồi xem là nhãn thật.",Data Wrangler; Processing,Domain 1,1.2,Làm sạch,Skill Builder,"https://scikit-learn.org/stable/modules/impute.html
https://skillbuilder.aws/learn/W9E1MCC15B/aws-ml-engineer-associate--validate-data-and-prepare-for-modeling/815QR5D1ZA",14/09/2026
Outlier,"• Natural vs artificial
• Valid extreme vs error
• Mean sensitive / median robust
• Verify before removal",Điểm ngoại lai,An observation differs markedly from the main data pattern.,Quan sát khác rõ rệt so với mẫu hình dữ liệu chính.,"Quan sát khác xa phần lớn dữ liệu theo phân phối hoặc quan hệ nhiều chiều. Có thể là lỗi đo/nhập liệu hoặc sự kiện thực quan trọng. EDA bằng box plot, histogram, scatter và kiểm tra nghiệp vụ giúp xác định cách xử lý.","Giá trị tuổi 300 có thể là lỗi; giao dịch rất lớn có thể là khách hàng hợp lệ hoặc gian lận cần mô hình nhận biết.

Bài minh họa age 154 cần kiểm tra lỗi, còn mức lương 3.000.000 USD/năm có thể hợp lệ. Natural outlier có thể giữ/biến đổi; artificial outlier ưu tiên sửa từ nguồn, hoặc xử lý phần lỗi có căn cứ.","Có thể sửa nguồn, cap/winsorize, biến đổi log, dùng robust methods hoặc giữ lại tùy mục tiêu.","Quy tắc 1,5×IQR chỉ là cách gắn cờ, không chứng minh bản ghi sai. Xóa mọi outlier có thể xóa chính tín hiệu cần dự đoán.",Data Wrangler,Domain 1,1.2,Làm sạch,Skill Builder,"https://scikit-learn.org/stable/modules/outlier_detection.html
https://skillbuilder.aws/learn/W9E1MCC15B/aws-ml-engineer-associate--validate-data-and-prepare-for-modeling/815QR5D1ZA",14/09/2026
Embedding,"• Dense numeric representation
• Semantic relationships
• Model consistency",Vector biểu diễn,A learned vector represents an item in a numerical space.,"Vector học được biểu diễn văn bản, ảnh hoặc đối tượng.","Ánh xạ đối tượng như token, đoạn văn hoặc ảnh thành vector số học được. Các quan hệ trong không gian vector phụ thuộc model và dữ liệu huấn luyện; số chiều, normalization và metric phải phù hợp hệ thống downstream.",Một đoạn mô tả EBS và câu hỏi về persistent storage được embedding để tìm nhau bằng similarity search.,"Dùng cho semantic retrieval, clustering, recommendation và làm feature đầu vào mô hình khác.","Embedding không phải mã hóa có thể đảo ngược chính xác nội dung và không bảo đảm ẩn PII. Khi đổi model, vector cũ/mới thường không cùng một không gian so sánh.",Bedrock; OpenSearch,Domain 1,1.2,Văn bản,Skill Builder,"https://skillbuilder.aws/learn/EZ5E7MDBFM/aws-ml-engineer-associate--collect-ingest-and-store-data/SYGN3UF5BT
https://docs.aws.amazon.com/bedrock/latest/userguide/titan-embedding-models.html
https://skillbuilder.aws/learn/3AHUUNMH2X/aws-ml-engineer-associate--data-transformation-and-feature-engineering/H2K74ZEHBM",14/09/2026
TF-IDF,"• Term frequency
• Inverse document frequency
• Sparse text features",Tần suất từ có trọng số,Term counts are weighted by inverse document frequency.,"Tăng trọng số từ đặc trưng, giảm từ xuất hiện quá phổ biến.",Tăng trọng số từ xuất hiện nhiều trong một tài liệu nhưng ít phổ biến trên toàn corpus. Công thức TF/IDF cụ thể có thể dùng smoothing và normalization tùy thư viện. Vocabulary và IDF phải được fit từ tập train.,"Từ “persistent” có thể giúp phân biệt tài liệu EBS hơn từ rất phổ biến “storage”, tùy phân phối corpus.",Baseline hữu ích cho phân loại văn bản hoặc lexical retrieval; thường đi cùng mô hình tuyến tính và sparse matrices.,"TF-IDF không hiểu đầy đủ đồng nghĩa hoặc thứ tự từ trừ khi thêm n-gram. Không fit IDF trên tập test; cần xử lý ngôn ngữ, tokenization và từ ngoài vocabulary.",Processing,Domain 1,1.2,Văn bản,Bổ sung Domain 1,https://scikit-learn.org/stable/modules/feature_extraction.html,14/09/2026
Tokenization,"• Text → tokens
• Model-specific vocabulary
• Token limits",Tách token,Text is split into units consumed by a model.,Chia văn bản thành đơn vị mô hình xử lý.,"Chia văn bản thành đơn vị như từ, subword hoặc ký tự để mô hình xử lý. Một từ có thể thành nhiều token; quy tắc phụ thuộc tokenizer và ngôn ngữ. Token count ảnh hưởng giới hạn input, truncation và chi phí embedding/generation.",Một đoạn tiếng Việt có số token khác số từ; chunking theo token phải dùng tokenizer tương thích với model đích.,Dùng trước mô hình NLP/embedding và khi thiết kế chunk size cho RAG. Giữ tokenizer/version nhất quán với mô hình.,Không đồng nhất token với từ hoặc ký tự. Cắt chuỗi theo số ký tự không đảm bảo nằm trong token limit; truncation có thể mất phần thông tin quan trọng.,SageMaker AI,Domain 1,1.2,Văn bản,Skill Builder,"https://scikit-learn.org/stable/modules/feature_extraction.html
https://skillbuilder.aws/learn/3AHUUNMH2X/aws-ml-engineer-associate--data-transformation-and-feature-engineering/H2K74ZEHBM",14/09/2026
Anonymization,"• Reduce identifiability
• Re-identification risk
• Beyond masking",Ẩn danh dữ liệu,Identifying links are removed to reduce re-identification risk.,Loại liên kết định danh nhằm giảm khả năng nhận diện lại.,Biến đổi dữ liệu để giảm khả năng liên kết với một cá nhân bằng nhiều kỹ thuật và đánh giá rủi ro. Cần xét cả định danh trực tiếp và tổ hợp thuộc tính gián tiếp; hiệu quả phụ thuộc dữ liệu và khả năng liên kết với nguồn khác.,"Bỏ tên/email, tổng quát hóa tuổi và khu vực, rồi đánh giá khả năng nhận diện lại từ các nhóm hiếm.","Dùng khi xây dựng dataset chia sẻ hoặc phân tích cần giảm rủi ro thông tin cá nhân, theo chính sách và yêu cầu áp dụng.",Hash ID có thể chỉ là pseudonymization nếu vẫn liên kết hoặc dò lại được. Không tuyên bố dữ liệu “ẩn danh hoàn toàn” chỉ vì đã bỏ tên.,Glue; Processing,Domain 1,1.3,Bảo vệ dữ liệu,Skill Builder,"https://docs.aws.amazon.com/aws-certification/latest/machine-learning-engineer-associate-01/machine-learning-engineer-associate-01-domain1.html
https://skillbuilder.aws/learn/3AHUUNMH2X/aws-ml-engineer-associate--data-transformation-and-feature-engineering/H2K74ZEHBM",14/09/2026
Data masking,"• Hide or replace sensitive fields
• Access-dependent views
• Utility trade-off",Che dữ liệu,Sensitive values are hidden or substituted for specific uses.,Ẩn hoặc thay thế giá trị nhạy cảm theo mục đích dùng.,"Che hoặc thay giá trị nhạy cảm khi hiển thị/xuất dữ liệu; có thể dùng ký tự thay thế, token hoặc dữ liệu giả theo quy tắc. Cần xác định có giữ format, uniqueness và khả năng join hay không.",Hiển thị email thành a***@example.com; thay customer_id bằng token nhất quán để liên kết các bảng được phép.,"Dùng cho môi trường phát triển, chia sẻ dataset và giảm lộ PII trong log hoặc giao diện.",Masking không đồng nghĩa encryption hoặc anonymization. Token nhất quán vẫn có thể theo dõi cùng cá nhân; dữ liệu gốc và mapping cần kiểm soát riêng.,DataBrew,Domain 1,1.3,Bảo vệ dữ liệu,Skill Builder,"https://docs.aws.amazon.com/aws-certification/latest/machine-learning-engineer-associate-01/machine-learning-engineer-associate-01-domain1.html
https://skillbuilder.aws/learn/3AHUUNMH2X/aws-ml-engineer-associate--data-transformation-and-feature-engineering/H2K74ZEHBM",14/09/2026
Data residency,"• Geographic location
• Region selection
• Replication and backups",Vị trí lưu trú dữ liệu,Requirements constrain where data is stored or processed.,Yêu cầu giới hạn nơi lưu trữ hoặc xử lý dữ liệu.,"Yêu cầu về nơi dữ liệu được lưu hoặc xử lý. Thiết kế cần kiểm tra Region của nguồn/đích, backup, replication, log và các dịch vụ tham gia pipeline; lựa chọn Region phải đi cùng chính sách truy cập và bảo vệ dữ liệu.","Dataset chỉ được lưu trong một phạm vi địa lý đã quy định; cấu hình bucket, job xử lý và bản sao dự phòng phù hợp phạm vi đó.",Là tiêu chí chọn kiến trúc ingestion/storage trước khi tối ưu hiệu năng và chi phí.,"Chọn một Region không tự bảo đảm mọi nghĩa vụ tuân thủ. Cross-Region replication, export và các luồng tích hợp có thể thay đổi nơi dữ liệu xuất hiện.",S3; AWS Organizations,Domain 1,1.3,Bảo vệ dữ liệu,Bổ sung Domain 1,https://docs.aws.amazon.com/aws-certification/latest/machine-learning-engineer-associate-01/machine-learning-engineer-associate-01-domain1.html,14/09/2026
Encryption at rest,"• Stored data protection
• KMS keys
• Key permissions",Mã hóa khi lưu trữ,Stored data is encrypted on its storage medium.,Dữ liệu được mã hóa khi lưu trên phương tiện lưu trữ.,"Mã hóa dữ liệu khi lưu trữ trên volume, object hoặc database. Trên AWS thường kết hợp cơ chế mã hóa của dịch vụ với AWS KMS; quyền sử dụng key, rotation và phạm vi áp dụng cần được quản lý cùng quyền tài nguyên.",S3 dùng SSE-KMS cho dataset; EBS encrypted volume bảo vệ dữ liệu volume và các snapshot tương ứng theo cơ chế của dịch vụ.,Dùng để bảo vệ dữ liệu lưu trữ và đáp ứng chính sách bảo mật; chọn key ownership và permissions phù hợp.,Encryption không thay thế IAM và không ngăn người dùng đã được cấp quyền đọc dữ liệu giải mã. Mất quyền KMS có thể khiến job không truy cập được dù quyền S3/EBS đúng.,AWS KMS,Domain 1,1.3,Bảo vệ dữ liệu,Bổ sung Domain 1,https://aws.amazon.com/kms/,14/09/2026
Encryption in transit,"• Protect data on the network
• TLS / HTTPS
• End-to-end path",Mã hóa khi truyền,Data is encrypted while moving between systems.,Dữ liệu được mã hóa khi truyền giữa các hệ thống.,"Mã hóa dữ liệu khi truyền giữa client, dịch vụ và các bước pipeline. Phải kiểm tra từng kết nối hỗ trợ TLS hoặc cơ chế tương ứng, chứng chỉ và cấu hình client; mạng riêng không tự thay cho mã hóa.",SDK truy cập S3 qua HTTPS; kết nối database dùng TLS; mount EFS có thể dùng mount helper với tùy chọn TLS phù hợp.,"Dùng khi trích xuất, đồng bộ và phục vụ dữ liệu giữa các hệ thống, kể cả trong VPC nếu chính sách yêu cầu.",At-rest encryption không chứng minh đường truyền đã mã hóa. Chỉ một đoạn pipeline dùng HTTPS không bảo đảm toàn bộ đường đi đều được bảo vệ.,TLS; Direct Connect,Domain 1,1.3,Bảo vệ dữ liệu,Bổ sung Domain 1,"https://aws.amazon.com/kms/
https://aws.amazon.com/directconnect/",14/09/2026
PII,"• Personally identifiable information
• Direct / indirect identifiers
• Minimize exposure",Thông tin định danh cá nhân,Information can identify or be linked to an individual.,Thông tin có thể nhận diện hoặc liên kết đến cá nhân.,"Thông tin có thể nhận diện hoặc liên kết đến cá nhân, trực tiếp hay khi kết hợp với dữ liệu khác. Phải xét cả nội dung raw, metadata, logs, labels và embeddings; phân loại thực tế theo chính sách và yêu cầu áp dụng.","Tên/email là định danh trực tiếp; tổ hợp vị trí, thời gian và thuộc tính hiếm có thể nhận diện gián tiếp.","Dùng để quyết định thu thập tối thiểu, giới hạn truy cập, masking/tokenization, encryption và retention trong pipeline ML.",Không chỉ các cột có tên “PII” mới nhạy cảm. Log debug và free text có thể chứa thông tin cá nhân; classifier phát hiện PII vẫn có thể bỏ sót.,Amazon Macie,Domain 1,1.3,Bảo vệ dữ liệu,Bổ sung Domain 1,https://aws.amazon.com/macie/,14/09/2026
Class Imbalance (Clarify CI),"• Facet-group imbalance
• Pre-training bias metric
• Group counts",Chênh lệch số lượng giữa các nhóm,CI measures representation imbalance between facet groups.,CI của Clarify đo chênh lệch số thành viên giữa các nhóm thuộc tính.,"Trong SageMaker Clarify, CI đo chênh lệch số lượng giữa hai facet groups được so sánh, không phải mặc định tỷ lệ positive/negative của target. Với nhóm a và d: CI = (n_a−n_d)/(n_a+n_d); dấu phụ thuộc cách gán nhóm.

Miền [-1,1]; CI>0 nghĩa a có nhiều mẫu hơn d, CI<0 nghĩa d nhiều hơn a; độ lớn phản ánh mức lệch. Trong walkthrough label=LoanDecision, facet=AgeGroup. CI=0,6 theo facet khác với tỷ lệ denied=12% của target.","Nếu a có 800 và d có 200 mẫu thì CI=0,6; đảo định nghĩa nhóm sẽ đổi dấu. Đây là mất cân bằng biểu diễn giữa hai nhóm.",Dùng để kiểm tra đại diện của các nhóm trước training và hỗ trợ phân tích bias theo facet được chọn.,"CI gần 0 chỉ nói hai nhóm có số mẫu tương đương, không chứng minh công bằng về nhãn/kết quả. Phải phân biệt với class imbalance của target y.",SageMaker Clarify,Domain 1,1.3,Bias metrics,Skill Builder,"https://docs.aws.amazon.com/sagemaker/latest/dg/clarify-measure-data-bias.html
https://docs.aws.amazon.com/sagemaker/latest/dg/clarify-bias-metric-class-imbalance.html
https://skillbuilder.aws/learn/W9E1MCC15B/aws-ml-engineer-associate--validate-data-and-prepare-for-modeling/815QR5D1ZA",14/09/2026
Difference in Proportions of Labels (DPL),"• Positive-label rate gap
• Facet groups
• Pre-training bias",Chênh lệch tỷ lệ nhãn tích cực,DPL compares positive-label rates between facet groups.,DPL so sánh tỷ lệ nhãn tích cực giữa các nhóm thuộc tính.,"So sánh tỷ lệ nhãn thuận lợi/positive giữa hai facet groups: DPL = q_a−q_d, trong đó q là tỷ lệ positive của mỗi nhóm theo label values đã cấu hình. Khoảng giá trị [-1,1]; chiều dấu phụ thuộc định nghĩa a/d và positive label.","Nhóm a có 70% được phê duyệt, nhóm d có 40% → DPL=0,30, tức chênh lệch 30 điểm phần trăm.

Walkthrough DPL=0,15: nếu q_a=70% và q_d=55% thì nhóm d thấp hơn 15 điểm phần trăm; không phải thấp hơn 15% tương đối. Dấu phải gắn với định nghĩa a/d và positive outcome.",Dùng để phát hiện khác biệt trong phân phối nhãn trước training; phải xem xét cách thu thập nhãn và bối cảnh nghiệp vụ.,DPL=0 không chứng minh mọi hình thức bias đã biến mất; khác biệt thống kê không tự xác định nguyên nhân. Không nhầm điểm phần trăm với phần trăm tăng tương đối.,SageMaker Clarify,Domain 1,1.3,Bias metrics,Skill Builder,"https://docs.aws.amazon.com/sagemaker/latest/dg/clarify-measure-data-bias.html
https://docs.aws.amazon.com/sagemaker/latest/dg/clarify-data-bias-metric-true-label-imbalance.html
https://skillbuilder.aws/learn/W9E1MCC15B/aws-ml-engineer-associate--validate-data-and-prepare-for-modeling/815QR5D1ZA",14/09/2026
Class imbalance,"• Unequal target-class frequencies
• Minority class
• Metrics matter",Mất cân bằng nhãn,Some target classes have far fewer observations than others.,Một số lớp nhãn có ít quan sát hơn nhiều so với lớp khác.,"Các lớp của target xuất hiện với tần suất rất khác nhau. Mô hình có thể ưu tiên lớp đa số và đạt accuracy cao nhưng bỏ sót lớp hiếm. Cần đánh giá precision, recall, F1 hoặc PR-AUC theo mục tiêu và chi phí lỗi.","Nếu chỉ 1% giao dịch là gian lận, model luôn đoán “không gian lận” vẫn có 99% accuracy nhưng recall gian lận bằng 0.

Walkthrough: denied chỉ 12%, approve 88%; luôn approve đạt accuracy 88% nhưng không tìm được denied nào. Tỷ lệ train được resample có thể khác thực tế, còn holdout phải phù hợp mục tiêu đánh giá.","Cân nhắc class weights, resampling, threshold tuning và thu thập thêm dữ liệu; giữ test set phản ánh phân phối triển khai.",Không mặc định cân bằng 50/50 luôn tối ưu. Resampling chỉ thực hiện trên train và có thể làm thay đổi calibration/xác suất dự đoán.,Clarify; Processing,Domain 1,1.3,Bias và cân bằng,Skill Builder,"https://docs.aws.amazon.com/aws-certification/latest/machine-learning-engineer-associate-01/machine-learning-engineer-associate-01-domain1.html
https://skillbuilder.aws/learn/W9E1MCC15B/aws-ml-engineer-associate--validate-data-and-prepare-for-modeling/815QR5D1ZA",14/09/2026
Data augmentation,"• Label-preserving transformations
• More varied training examples
• Domain validity",Tăng cường dữ liệu,Label-preserving transformations create additional training examples.,Biến đổi phù hợp để tạo thêm mẫu train mà giữ đúng nhãn.,"Tạo biến thể từ dữ liệu train để giúp mô hình học bất biến phù hợp và giảm overfitting. Phép biến đổi phải giữ nghĩa của nhãn và được áp dụng theo modality; với detection/segmentation phải biến đổi annotation tương ứng.

Bài Validate Data phân biệt biến đổi mẫu có sẵn với synthetic generation bằng GAN/diffusion. Numeric, text, image cần kỹ thuật khác nhau; ảnh có thể rotate/crop/flip chỉ khi giữ nguyên ý nghĩa nhãn, text có thể back-translation.",Lật ảnh ngang trong nhận diện đồ vật khi hợp lệ; thêm nhiễu âm thanh vừa phải nếu không đổi nội dung cần nhận diện.,Dùng khi dữ liệu ít hoặc cần tăng khả năng chịu biến đổi thực tế. Có thể áp dụng online lúc training hoặc lưu phiên bản đã tạo.,Không lật ảnh chữ/số hay đổi âm thanh tùy ý nếu làm đổi nhãn. Tách dataset trước augmentation để biến thể của cùng mẫu không rơi vào cả train và test.,Ground Truth; Processing,Domain 1,1.3,Bias và cân bằng,Skill Builder,"https://docs.aws.amazon.com/aws-certification/latest/machine-learning-engineer-associate-01/machine-learning-engineer-associate-01-domain1.html
https://skillbuilder.aws/learn/3AHUUNMH2X/aws-ml-engineer-associate--data-transformation-and-feature-engineering/H2K74ZEHBM
https://skillbuilder.aws/learn/W9E1MCC15B/aws-ml-engineer-associate--validate-data-and-prepare-for-modeling/815QR5D1ZA",14/09/2026
Measurement bias,"• Systematic measurement error
• Instrument / labeling differences
• Distorted observations",Thiên lệch đo lường,Collection instruments or procedures distort observations systematically.,Công cụ hoặc quy trình đo làm sai lệch có hệ thống.,"Sai lệch có hệ thống do cách đo, cảm biến, thu thập hoặc gán nhãn, khiến dữ liệu phản ánh thực tế không đồng đều giữa điều kiện hoặc nhóm. Khác nhiễu ngẫu nhiên, sai lệch có thể lặp lại có hướng.","Cảm biến một khu vực luôn đọc thấp hơn thực tế; nhóm gán nhãn dùng tiêu chí khác nhau cho cùng loại sự kiện.

Ví dụ bài: sensor luôn đọc cao hơn giá trị thật hoặc câu hỏi khảo sát có cách diễn đạt dẫn dắt. Thêm dữ liệu từ cùng phép đo sai có thể tiếp tục khuếch đại lỗi hệ thống.","Dùng khi điều tra nguồn gốc chênh lệch dữ liệu. Cần hiệu chuẩn, chuẩn hóa quy trình đo/gán nhãn và kiểm tra theo nhóm/nguồn.","Tăng số lượng dữ liệu từ cùng cơ chế đo sai không tự khắc phục bias. Scaling chỉ đổi thang đo, không mặc định sửa sai lệch hệ thống.",SageMaker Clarify,Domain 1,1.3,Bias và cân bằng,Skill Builder,"https://docs.aws.amazon.com/sagemaker/latest/dg/clarify-measure-data-bias.html
https://skillbuilder.aws/learn/W9E1MCC15B/aws-ml-engineer-associate--validate-data-and-prepare-for-modeling/815QR5D1ZA",14/09/2026
Oversampling / undersampling,"• Resample training classes
• Minority up / majority down
• Train only",Tăng / giảm mẫu lớp,Training class frequencies are adjusted by resampling.,Điều chỉnh tần suất lớp trong train bằng lấy mẫu lại.,"Oversampling tăng số mẫu lớp thiểu số bằng sao chép hoặc tạo mẫu; undersampling giảm lớp đa số. Hai cách thay đổi phân phối train và đánh đổi giữa mất thông tin, chi phí tính toán và nguy cơ overfitting.",Giữ mọi mẫu gian lận và lấy một phần giao dịch bình thường trong train; validation/test vẫn theo phân phối cần đánh giá.,Dùng khi mất cân bằng làm model học kém lớp hiếm; so sánh với class weights và điều chỉnh threshold.,"Oversampling bản sao không tạo thông tin mới. Resample trước chia tập/cross-validation gây leakage; không bỏ lớp đa số đến mức mất các tình huống quan trọng.

Một số mất cân bằng tồn tại tự nhiên. Không bắt buộc mọi dataset phải 50/50; chọn tỷ lệ theo bài toán rồi đánh giá. Undersampling giảm majority, không phải tiếp tục giảm minority đang thiếu.",Processing,Domain 1,1.3,Bias và cân bằng,Skill Builder,"https://imbalanced-learn.org/stable/over_sampling.html
https://skillbuilder.aws/learn/W9E1MCC15B/aws-ml-engineer-associate--validate-data-and-prepare-for-modeling/815QR5D1ZA
https://imbalanced-learn.org/stable/common_pitfalls.html",14/09/2026
Selection bias,"• Non-representative sampling
• Coverage gaps
• Sampling mechanism",Thiên lệch chọn mẫu,Sampling systematically favors part of the target population.,Cách chọn mẫu ưu tiên có hệ thống một phần đối tượng.,"Dữ liệu được chọn theo một cơ chế khiến một số đối tượng/điều kiện xuất hiện quá nhiều hoặc quá ít so với quần thể mục tiêu. Kiểm tra cả nhóm không được ghi nhận và quy trình lấy mẫu, không chỉ thống kê của dữ liệu đã có.

Sampling bias trong bài là dữ liệu lấy mẫu không đại diện quần thể mục tiêu, ví dụ chủ yếu thu từ một vùng. Cần kiểm tra cả cơ chế thu thập và missingness; shuffle dữ liệu sẵn có không tạo đại diện cho vùng chưa được thu.",Huấn luyện dự đoán hành vi toàn bộ khách hàng chỉ từ người đã trả lời khảo sát trực tuyến.,"Dùng để đánh giá tính representative, lập kế hoạch thu thập và kiểm tra chất lượng theo nhóm. Có thể cần lấy mẫu bổ sung hoặc weighting phù hợp.","Random split của một tập đã lệch vẫn tạo train/test cùng lệch, nên điểm test cao không chứng minh hoạt động tốt trên nhóm bị thiếu.",SageMaker Clarify,Domain 1,1.3,Bias và cân bằng,Skill Builder,"https://docs.aws.amazon.com/sagemaker/latest/dg/clarify-measure-data-bias.html
https://skillbuilder.aws/learn/W9E1MCC15B/aws-ml-engineer-associate--validate-data-and-prepare-for-modeling/815QR5D1ZA",14/09/2026
SMOTE,"• Synthetic minority samples
• Neighbor interpolation
• Training-fold only",Tạo mẫu thiểu số tổng hợp,Synthetic minority examples are interpolated from neighbors.,Tạo mẫu lớp hiếm bằng nội suy giữa các láng giềng.,"Tạo mẫu tổng hợp cho lớp thiểu số bằng nội suy giữa một mẫu và các láng giềng cùng lớp trong không gian feature. Chất lượng phụ thuộc metric, scaling và cấu trúc dữ liệu; có biến thể cho dữ liệu mixed/categorical.","Chọn x và một láng giềng x_nn; tạo x_new = x + λ(x_nn−x), với λ trong [0,1], trên tập train.",Dùng khi cần tăng đa dạng lớp thiểu số cho dữ liệu tabular thích hợp; đánh giá xem mẫu tạo ra có hợp lý về nghiệp vụ không.,"SMOTE chuẩn có thể tạo category phân số vô nghĩa; cân nhắc SMOTENC/SMOTEN đúng kiểu dữ liệu. Không áp dụng lên cả train+test hoặc trước khi chia fold.

Phân biệt minority target class với underrepresented facet: SMOTE mặc định resample theo y bạn cung cấp, không tự đọc cột AgeGroup để cân bằng demographic groups. Không nội suy label hoặc sensitive categories như số liên tục. Bài nhấn mạnh tabular phù hợp, còn ảnh ưu tiên augmentation.",Processing,Domain 1,1.3,Bias và cân bằng,Skill Builder,"https://imbalanced-learn.org/stable/over_sampling.html
https://skillbuilder.aws/learn/W9E1MCC15B/aws-ml-engineer-associate--validate-data-and-prepare-for-modeling/815QR5D1ZA
https://imbalanced-learn.org/stable/common_pitfalls.html",14/09/2026
Completeness,"• Required values present
• Missing-rate checks
• Expected coverage",Tính đầy đủ,Required records and fields are present.,Các bản ghi và trường cần thiết có đủ.,"Mức độ đầy đủ của trường và bản ghi so với yêu cầu. Kiểm tra tỷ lệ NULL/blank, thiếu partition thời gian, nhóm nguồn chưa đến và các trường bắt buộc; đầy đủ về hàng khác đầy đủ về thông tin.

Đánh giá theo cột, nhóm, thời gian và nguồn; một cột có tỷ lệ đầy đủ chung cao vẫn có thể thiếu tập trung ở nhóm nhỏ. Mất nhiều giá trị có thể làm khó hiểu quan hệ với target và tạo bias.","Dataset có đủ ngày trong tháng nhưng 20% dòng thiếu target, hoặc không có bản ghi từ một chi nhánh trong ba ngày.",Dùng trong data quality gates trước training; đặt ngưỡng theo cột/nhóm và phân biệt thiếu dữ liệu dự kiến với sự cố pipeline.,"Giá trị không NULL chưa chắc có ý nghĩa: “unknown”, 0 hoặc chuỗi rỗng có thể che missing. Completeness cao không bảo đảm accuracy.",Glue Data Quality,Domain 1,1.3,Chất lượng dữ liệu,Skill Builder,"https://skillbuilder.aws/learn/EZ5E7MDBFM/aws-ml-engineer-associate--collect-ingest-and-store-data/SYGN3UF5BT
https://skillbuilder.aws/learn/W9E1MCC15B/aws-ml-engineer-associate--validate-data-and-prepare-for-modeling/815QR5D1ZA",14/09/2026
Data accuracy,"• Correct real-world values
• Reference validation
• Valid ≠ accurate",Độ chính xác dữ liệu,Recorded values correctly describe real observations.,Giá trị ghi nhận phản ánh đúng quan sát thực tế.,"Mức độ giá trị phản ánh đúng thực tế. Cần kiểm chứng với nguồn đáng tin, quy tắc nghiệp vụ hoặc mẫu được xác minh; kiểm tra schema và range chỉ phát hiện một phần lỗi.

Nội dung phải phản ánh đúng thực tế/mục tiêu học. Trong GenAI, cross-reference response với nguồn sự thật hiện hành; historical support transcript đúng lúc viết có thể lỗi thời khi fine-tune hôm nay.",Tuổi 35 nằm trong phạm vi hợp lệ nhưng vẫn sai nếu khách hàng thật 53; đối soát nhãn giao dịch với kết quả điều tra đã xác nhận.,"Dùng để đánh giá dữ liệu và nhãn trước training, theo dõi tỷ lệ lỗi theo nguồn hoặc quy trình gán nhãn.",Giá trị đúng kiểu/đúng định dạng không chứng minh accuracy. Không sửa dữ liệu thành giá trị “có vẻ hợp lý” mà thiếu bằng chứng từ nguồn.,Glue Data Quality,Domain 1,1.3,Chất lượng dữ liệu,Skill Builder,"https://skillbuilder.aws/learn/EZ5E7MDBFM/aws-ml-engineer-associate--collect-ingest-and-store-data/SYGN3UF5BT
https://skillbuilder.aws/learn/W9E1MCC15B/aws-ml-engineer-associate--validate-data-and-prepare-for-modeling/815QR5D1ZA",14/09/2026
Data leakage,"• Information unavailable at prediction time
• Contaminated evaluation
• Train-only fitting",Rò rỉ dữ liệu,Training uses information unavailable at prediction time.,Huấn luyện sử dụng thông tin không có lúc dự đoán.,"Thông tin từ test, tương lai hoặc target đi vào training/features theo cách không tồn tại khi triển khai. Có thể phát sinh từ feature trực tiếp, transform fit trên toàn bộ dữ liệu, trùng thực thể giữa tập hoặc join lịch sử sai thời điểm.",Dự đoán khách hàng rời bỏ nhưng dùng ngày hủy tài khoản làm feature; hoặc chuẩn hóa bằng mean của train+test.,Kiểm tra thời điểm sẵn có của từng feature và đặt preprocessing trong pipeline fit chỉ trên train. Chia theo group/time khi bản ghi có liên hệ.,"Loại cột target chưa đủ. Feature “sau sự kiện”, aggregate nhìn tương lai và các bản sao gần giống vẫn có thể làm điểm validation tăng giả.",Data Wrangler,Domain 1,1.3,Chia dữ liệu,Bổ sung Domain 1,https://scikit-learn.org/stable/common_pitfalls.html,14/09/2026
Stratified split,"• Preserve class proportions
• Representative labels
• Not a time/group split",Chia phân tầng,Splits preserve approximate class proportions.,Chia tập giữ gần đúng tỷ lệ nhãn.,"Chia tập sao cho tỷ lệ của biến phân tầng, thường là target class, gần giống giữa train/validation/test. Giúp tập nhỏ không vô tình thiếu lớp hiếm; vẫn phải đảm bảo đủ số mẫu và tuân thủ các ràng buộc nhóm/thời gian.","Phân tầng theo nhãn fraud để mỗi tập có mẫu positive, thay vì random split có thể tạo test quá ít positive.",Phù hợp dữ liệu phân loại độc lập khi cần phân phối nhãn ổn định cho đánh giá.,"Stratification không xử lý leakage giữa các bản ghi cùng người hoặc thời gian tương lai. Với chuỗi thời gian, ưu tiên thiết kế đánh giá phù hợp timeline.

Stratify theo target giữ tỷ lệ target, không mặc định bảo đảm mọi facet hoặc giao nhóm đều đủ mẫu. Dataset gốc 90/10 vẫn gần 90/10 trong các tập; muốn kiểm tra một nhóm nhỏ phải xem counts theo nhóm đó.",Processing,Domain 1,1.3,Chia dữ liệu,Skill Builder,"https://scikit-learn.org/stable/modules/cross_validation.html
https://skillbuilder.aws/learn/W9E1MCC15B/aws-ml-engineer-associate--validate-data-and-prepare-for-modeling/815QR5D1ZA",14/09/2026
Time-based split,"• Train on past
• Validate on later periods
• No future leakage",Chia theo thời gian,Earlier observations train a model tested on later observations.,"Dùng dữ liệu cũ để huấn luyện, dữ liệu sau để đánh giá.","Dùng giai đoạn sớm cho train và giai đoạn sau cho validation/test; có thể dùng rolling hoặc expanding windows. Mô phỏng việc dự đoán tương lai, đồng thời giúp phát hiện thay đổi phân phối theo thời gian.","Train tháng 1–6, validation tháng 7, test tháng 8; tính mỗi rolling feature chỉ bằng lịch sử trước thời điểm bản ghi.","Phù hợp forecasting, gian lận hoặc dữ liệu có quan hệ thời gian. Cân nhắc khoảng gap khi nhãn/feature có cửa sổ chồng lấn.",Chia theo thời gian vẫn có thể leakage nếu aggregate dùng toàn bộ lịch sử tương lai hoặc nhãn chưa hoàn tất tại mốc chốt dữ liệu.,Processing,Domain 1,1.3,Chia dữ liệu,Bổ sung Domain 1,https://scikit-learn.org/stable/modules/cross_validation.html,14/09/2026
Train / validation / test,"• Learn / select / final evaluation
• Holdout discipline
• Deployment realism",Train / kiểm định / kiểm thử,"Separate sets fit, select, and finally evaluate a model.",Train học trọng số; validation chọn mô hình; test đánh giá cuối.,"Train dùng học tham số và fit preprocessing; validation dùng chọn model/hyperparameters/threshold; test dùng đánh giá cuối sau khi quyết định đã chốt. Quy tắc chia phải phản ánh đơn vị triển khai: thời gian, thực thể và phân phối.

Khi chia tập cho validation và bias assessment, giữ các record cùng entity hoặc cùng ví dụ gốc/augmentation không rơi sang tập khác. Shuffling phù hợp dữ liệu độc lập, nhưng temporal/group split cần bảo toàn cấu trúc.",Dùng validation chọn số cây và threshold; chỉ sau đó đo precision/recall trên test chưa dùng để điều chỉnh.,Dùng để ước lượng khả năng tổng quát hóa và tránh tối ưu theo tập đánh giá. Cross-validation có thể thay cách dùng validation nhưng không loại bỏ nhu cầu đánh giá độc lập khi cần.,"Không có tỷ lệ 80/10/10 tối ưu chung. Nếu xem test rồi sửa model nhiều lần, test dần trở thành validation và không còn là đánh giá độc lập.",SageMaker Training,Domain 1,1.3,Chia dữ liệu,Skill Builder,"https://scikit-learn.org/stable/modules/cross_validation.html
https://skillbuilder.aws/learn/W9E1MCC15B/aws-ml-engineer-associate--validate-data-and-prepare-for-modeling/815QR5D1ZA
https://scikit-learn.org/stable/common_pitfalls.html",14/09/2026
File / Pipe / FastFile mode,"• Download / stream / file-like streaming
• Startup vs repeated access
• Algorithm compatibility",Chế độ truy cập dữ liệu train,Modes determine how S3 training data reaches the training container.,Các mode quy định cách đưa dữ liệu S3 vào container train.,"Trong SageMaker training: File tải dữ liệu S3 xuống storage trước khi training; Pipe stream dữ liệu qua named pipe và cần reader tương thích; FastFile cung cấp truy cập kiểu file đến dữ liệu S3 với tải theo nhu cầu. Chọn theo định dạng, thuật toán và access pattern.",Dataset lớn đọc tuần tự có thể hưởng lợi từ Pipe; code kỳ vọng đường dẫn file có thể cân nhắc FastFile; dữ liệu tái đọc ngẫu nhiên có thể phù hợp File hoặc filesystem thích hợp.,"Dùng để cân bằng thời gian khởi động, dung lượng local, mẫu đọc và độ phức tạp code; benchmark end-to-end thay vì chỉ tốc độ tải.",Không phải mọi thuật toán hỗ trợ mọi mode. FastFile không đồng nghĩa toàn bộ S3 đã trở thành ổ POSIX đầy đủ; kiểm tra giới hạn và semantics của training input.,SageMaker AI,Domain 1,1.3,Nạp dữ liệu train,Skill Builder,"https://skillbuilder.aws/learn/EZ5E7MDBFM/aws-ml-engineer-associate--collect-ingest-and-store-data/SYGN3UF5BT
https://docs.aws.amazon.com/sagemaker/latest/dg/model-access-training-data.html",14/09/2026
Point-in-time correctness,"• As-of feature values
• No future information
• Event and availability time",Đúng theo mốc thời gian,Training features include only information available at the event time.,Feature train chỉ chứa thông tin sẵn có ở mốc cần dự đoán.,"Khi tạo một mẫu training tại thời điểm t, chọn các feature có thể biết tại t. Thường cần join theo entity và điều kiện thời gian, lấy phiên bản phù hợp trước cutoff; lưu lịch sử offline chỉ cung cấp nguyên liệu, không tự làm join đúng.","Dự đoán gian lận lúc 10:00 chỉ dùng giao dịch trước 10:00, không dùng tổng chi tiêu cả ngày được tính lúc 23:59.","Dùng khi kết hợp nhãn với feature history và khi backtest model. Với dữ liệu đến muộn, xét cả event time và thời điểm dữ liệu thực sự sẵn có.",Chỉ lọc event_time ≤ t có thể chưa đủ nếu dữ liệu được nhận sau t. Không dùng bản ghi online mới nhất để đại diện cho trạng thái ở mọi thời điểm quá khứ.,Feature Store; Athena,Domain 1,1.3,Tính nhất quán,Skill Builder,"https://skillbuilder.aws/learn/EZ5E7MDBFM/aws-ml-engineer-associate--collect-ingest-and-store-data/SYGN3UF5BT
https://docs.aws.amazon.com/sagemaker/latest/dg/feature-store-offline.html",14/09/2026
Training-serving skew,"• Training vs inference mismatch
• Same transforms
• Freshness and schema",Lệch giữa train và phục vụ,Features differ between training and inference workflows.,Feature được tạo hoặc xử lý khác nhau giữa train và suy luận.,"Khác biệt giữa dữ liệu/cách biến đổi lúc training và lúc phục vụ làm model nhận input khác giả định. Có thể do scaler/tokenizer khác phiên bản, category mapping lệch, thiếu feature, đơn vị đo hoặc cập nhật feature chậm.","Training chuẩn hóa thu nhập theo scaler đã fit, nhưng API inference đưa giá trị raw; hoặc train dùng clicks_5m còn online vô tình tính clicks_1h.","Giảm bằng dùng lại code/artifact transform, định nghĩa feature thống nhất, Feature Store và kiểm tra schema/freshness ở inference.",Feature Store giúp tái sử dụng nhưng không tự loại mọi skew. Data drift là phân phối thay đổi theo thời gian; skew nhấn mạnh sự không khớp giữa hai đường xử lý.,Feature Store,Domain 1,1.3,Tính nhất quán,Skill Builder,"https://skillbuilder.aws/learn/EZ5E7MDBFM/aws-ml-engineer-associate--collect-ingest-and-store-data/SYGN3UF5BT
https://docs.aws.amazon.com/sagemaker/latest/dg/feature-store.html",14/09/2026
High performance,"• Low latency
• High IOPS
• High throughput",Hiệu năng cao,"The ability to meet demanding I/O requirements, measured by latency, IOPS, and throughput under a defined workload.","Khả năng đáp ứng yêu cầu đọc/ghi cao, được đánh giá bằng độ trễ, IOPS và thông lượng của workload cụ thể.","Trong bài EBS, high performance là lợi ích giúp truy cập dataset/model nhanh khi cần nhiều thao tác I/O hoặc truyền lượng dữ liệu lớn. Với FSx for Lustre, kiến trúc filesystem song song hỗ trợ workload phân tán. Phải xét đồng thời loại storage, cấu hình, instance và cách ứng dụng đọc dữ liệu.",Random reads nhiều block nhỏ thường quan tâm IOPS/latency; đọc tuần tự file lớn thường quan tâm throughput MB/s.,"Keyword quyết định khi đề nhấn mạnh data access nhanh, training I/O-intensive hoặc HPC.",Không dịch chung thành “nhanh” rồi bỏ mất chỉ số. High IOPS không tự đồng nghĩa high throughput; cấu hình cao nhất cũng không luôn tối ưu chi phí.,Amazon EBS; Amazon FSx for Lustre,Domain 1,1.1,Hiệu năng lưu trữ,Skill Builder,"https://skillbuilder.aws/learn/EZ5E7MDBFM/aws-ml-engineer-associate--collect-ingest-and-store-data/SYGN3UF5BT
https://docs.aws.amazon.com/ebs/latest/userguide/ebs-performance.html",14/09/2026
Persistent storage,"• Survives stop/start
• Independent volume lifecycle
• DeleteOnTermination",Lưu trữ bền vững theo vòng đời dữ liệu,"Storage whose data survives relevant compute lifecycle events, subject to the service's deletion and retention settings.","Lưu trữ giữ dữ liệu qua các sự kiện vòng đời compute phù hợp, tùy cấu hình xóa và lưu giữ.","EBS volume giữ dữ liệu khi EC2 stop rồi start. Volume có vòng đời riêng nhưng terminate instance có thể xóa volume nếu DeleteOnTermination=true. Persistency khác backup: dữ liệu vẫn có thể bị ứng dụng xóa, ghi đè hoặc gặp sự cố cần snapshot để khôi phục.","Dừng EC2 tối nay, khởi động lại ngày mai và vẫn dùng dataset/model trên EBS; cấu hình giữ volume nếu muốn bảo toàn sau terminate.","Keyword quan trọng của EBS khi cần giữ dataset, model hoặc trạng thái giữa các phiên làm việc.",Không hiểu “persistent” là không bao giờ mất hoặc mặc định sống qua terminate. Instance store không có bảo đảm tương đương qua stop/terminate.,Amazon EBS; EC2 Instance Store,Domain 1,1.1,Lưu trữ,Skill Builder,"https://skillbuilder.aws/learn/EZ5E7MDBFM/aws-ml-engineer-associate--collect-ingest-and-store-data/SYGN3UF5BT
https://docs.aws.amazon.com/AWSEC2/latest/UserGuide/preserving-volumes-on-termination.html",14/09/2026
Durability,"• Data preservation
• Protection against loss
• Different from availability",Độ bền dữ liệu,The ability of a storage system to preserve data without loss over time.,"Khả năng bảo toàn dữ liệu, tránh mất mát trong quá trình lưu trữ theo thời gian.",Durability trả lời dữ liệu có còn được bảo toàn hay không. Một dịch vụ có thể tạm thời không truy cập được nhưng dữ liệu vẫn còn nguyên. S3 thiết kế độ bền cao bằng cơ chế dự phòng của từng storage class; vẫn cần versioning/backup khi yêu cầu khôi phục do thao tác sai.,Dataset còn nguyên sau một sự cố thành phần lưu trữ dù ứng dụng có thể phải chờ khôi phục truy cập.,"Dùng để chọn nơi giữ bản gốc, artifact quan trọng và dữ liệu khó tái tạo.","Độ bền cao không tự chống xóa nhầm bởi người có quyền. Durability, availability và retention là các khái niệm riêng.",Amazon S3; Amazon EBS,Domain 1,1.1,Lưu trữ,Skill Builder,"https://skillbuilder.aws/learn/EZ5E7MDBFM/aws-ml-engineer-associate--collect-ingest-and-store-data/SYGN3UF5BT
https://aws.amazon.com/s3/storage-classes/",14/09/2026
Availability,"• Accessible when needed
• Uptime
• Failure recovery",Tính sẵn sàng,The ability to access and use a service or its data when needed.,Khả năng truy cập và sử dụng dịch vụ hoặc dữ liệu khi cần.,"Availability quan tâm khả năng phục vụ request, khác durability quan tâm dữ liệu không mất. Đánh giá cùng kiến trúc AZ/Region, failover, phụ thuộc mạng và thời gian khôi phục; mục tiêu thiết kế và SLA không phải cùng một khái niệm.","Dữ liệu trên storage vẫn tồn tại nhưng một sự cố mạng làm ứng dụng chưa đọc được: ảnh hưởng availability, chưa chứng minh mất durability.",Dùng khi pipeline hoặc inference cần liên tục truy cập dữ liệu và có yêu cầu thời gian gián đoạn thấp.,Không đồng nhất “multi-AZ” với không bao giờ gián đoạn. Storage class có retrieval delay cũng ảnh hưởng thời gian dữ liệu sẵn dùng.,Amazon S3; Amazon EFS,Domain 1,1.1,Lưu trữ,Skill Builder,"https://skillbuilder.aws/learn/EZ5E7MDBFM/aws-ml-engineer-associate--collect-ingest-and-store-data/SYGN3UF5BT
https://aws.amazon.com/s3/storage-classes/",14/09/2026
Serverless,"• No server provisioning
• Managed infrastructure
• Quotas still apply",Không quản lý máy chủ trực tiếp,A service model in which the provider manages underlying servers while users configure the application or workload.,"Mô hình dịch vụ trong đó nhà cung cấp quản lý máy chủ nền, người dùng cấu hình ứng dụng hoặc workload.","Giảm công việc cấp phát/vận hành máy chủ nhưng người dùng vẫn quản lý quyền, dữ liệu, cấu hình hiệu năng và giới hạn dịch vụ. Cơ chế scaling, capacity và billing khác nhau theo dịch vụ, không thể suy từ một nhãn serverless duy nhất.",Athena chạy SQL trên S3 mà không quản lý cluster; Glue chạy job ETL được quản lý; Lambda xử lý một sự kiện khi có trigger.,Keyword khi đề nhấn mạnh giảm operational overhead và workload phù hợp giới hạn dịch vụ.,"Serverless không có nghĩa vô hạn, miễn phí hoặc không cần cấu hình. Một số dịch vụ vẫn cần chọn capacity/worker hoặc concurrency.",AWS Lambda; AWS Glue; Amazon Athena,Domain 1,1.1,Kiến trúc dữ liệu,Skill Builder,"https://skillbuilder.aws/learn/EZ5E7MDBFM/aws-ml-engineer-associate--collect-ingest-and-store-data/SYGN3UF5BT
https://aws.amazon.com/serverless/",14/09/2026
Concurrent access,"• Multiple clients
• Shared dataset
• Coordination for writes",Truy cập đồng thời,Multiple clients access the same storage or dataset at the same time.,Nhiều client cùng truy cập một hệ thống lưu trữ hoặc tập dữ liệu trong cùng thời gian.,"EFS cung cấp filesystem dùng chung để nhiều instance đọc/ghi qua NFS; FSx for Lustre phục vụ I/O song song cho workload thích hợp. Truy cập đồng thời cần xem tổng throughput, metadata operations và cách ứng dụng phối hợp thao tác ghi.",Các worker đọc cùng bộ ảnh trên EFS; một pipeline cập nhật dữ liệu trong khi các job khác truy cập theo quy tắc nhất quán đã thiết kế.,Keyword của EFS khi cần shared datasets và tránh duy trì nhiều bản sao cho nhiều máy.,Không bảo đảm mọi ứng dụng có thể ghi cùng file mà không tranh chấp. Shared access khác tính nhất quán giao dịch của database.,Amazon EFS; Amazon FSx for Lustre,Domain 1,1.1,Truy cập dữ liệu,Skill Builder,"https://skillbuilder.aws/learn/EZ5E7MDBFM/aws-ml-engineer-associate--collect-ingest-and-store-data/SYGN3UF5BT
https://docs.aws.amazon.com/efs/latest/ug/whatisefs.html",14/09/2026
Distributed architecture,"• Parallelism
• Scale-out
• Coordination overhead",Kiến trúc phân tán,A design that spreads data or processing across multiple cooperating resources.,Thiết kế phân bố dữ liệu hoặc xử lý trên nhiều tài nguyên phối hợp với nhau.,"Trong FSx for Lustre, kiến trúc filesystem phân tán cho phép nhiều tài nguyên lưu trữ và client tham gia xử lý I/O. Trong pipeline dữ liệu, Spark/Flink cũng phân tán xử lý theo partition. Hiệu quả phụ thuộc phân bố dữ liệu, số tác vụ và chi phí giao tiếp.",Huấn luyện nhiều worker cùng đọc các phần dataset trên Lustre; Spark chia dữ liệu thành partition để nhiều executor xử lý.,Keyword khi workload cần tổng throughput cao hoặc xử lý dataset vượt khả năng một máy.,"Thêm node không đảm bảo tăng tốc tuyến tính. Hot partition, shuffle, mạng và file nhỏ có thể trở thành nút thắt.",Amazon FSx for Lustre; Amazon EMR,Domain 1,1.1,Kiến trúc dữ liệu,Skill Builder,"https://skillbuilder.aws/learn/EZ5E7MDBFM/aws-ml-engineer-associate--collect-ingest-and-store-data/SYGN3UF5BT
https://docs.aws.amazon.com/fsx/latest/LustreGuide/what-is.html",14/09/2026
Copy and load,"• S3 → EBS
• Upfront download
• Repeated local access",Sao chép rồi nạp dữ liệu,Copy data from a durable source to compute-attached storage before processing it.,Sao chép dữ liệu từ kho nguồn sang storage gần compute trước khi xử lý.,"Tải dataset từ S3 vào EBS rồi training đọc filesystem trên volume. Đổi thời gian khởi động và dung lượng local lấy khả năng truy cập lặp lại theo mẫu đọc phù hợp. Cần kiểm tra tổng dataset, tốc độ tải và thời gian nhiều epoch.",Dataset được tải một lần trước training 20 epoch; các epoch sau đọc từ EBS thay vì tải lại toàn bộ từ S3.,Phù hợp code cần file local hoặc workload tái đọc nhiều lần và đủ dung lượng storage.,"Không phải mọi dataset đều nên copy toàn bộ. Dataset lớn, ít tái đọc hoặc cần khởi động nhanh có thể phù hợp streaming/FastFile hơn.",Amazon S3; Amazon EBS; SageMaker Training,Domain 1,1.1,Truy cập dữ liệu,Skill Builder,"https://skillbuilder.aws/learn/EZ5E7MDBFM/aws-ml-engineer-associate--collect-ingest-and-store-data/SYGN3UF5BT
https://docs.aws.amazon.com/sagemaker/latest/dg/model-access-training-data.html",14/09/2026
Batching,"• Fewer API calls
• Higher throughput
• Buffering latency",Gom nhiều bản ghi mỗi lần xử lý,Grouping multiple records into one request or processing unit to reduce per-record overhead.,Gom nhiều bản ghi vào một request hoặc đơn vị xử lý để giảm chi phí cố định trên mỗi bản ghi.,"Gom record giúp giảm overhead request, network và thiết lập xử lý. Chọn giới hạn theo số lượng, kích thước và thời gian chờ; xử lý kết quả thành công/thất bại từng phần. Batching có thể xuất hiện trong cả batch pipeline lẫn streaming pipeline.",Kinesis PutRecords gửi nhiều record một lần; consumer flush khi đủ kích thước hoặc hết khoảng thời gian chờ.,Dùng khi bottleneck là overhead của nhiều thao tác nhỏ hoặc tần suất API quá cao.,Batch lớn tăng thời gian chờ và kích thước retry; vẫn phải tuân thủ giới hạn request. Không đồng nhất batching với xử lý dữ liệu theo lịch hàng ngày.,Amazon Kinesis Data Streams; Amazon Data Firehose,Domain 1,1.1,Tối ưu ingestion,Skill Builder,"https://skillbuilder.aws/learn/EZ5E7MDBFM/aws-ml-engineer-associate--collect-ingest-and-store-data/SYGN3UF5BT
https://docs.aws.amazon.com/streams/latest/dev/developing-producers-with-sdk.html",14/09/2026
Change data capture (CDC),"• Initial load + ongoing changes
• Inserts / updates / deletes
• Source support",Thu nhận thay đổi dữ liệu,"Capturing inserts, updates, and deletes from a data source after or alongside an initial load.","Thu nhận các thao tác thêm, sửa, xóa từ nguồn dữ liệu để cập nhật đích.","CDC truyền các thay đổi thay vì xuất lại toàn bộ bảng mỗi lần. Với DMS, kiểm tra engine nguồn/đích, log configuration, permissions và giới hạn các loại thay đổi; dữ liệu đến đích có thể có độ trễ cần giám sát.","Full load một database RDS vào đích, sau đó DMS liên tục chuyển các thay đổi được hỗ trợ để đích cập nhật.",Dùng khi cần dữ liệu gần hiện tại và giảm việc quét toàn bộ database nguồn cho mỗi lần ingestion.,CDC không đồng nghĩa zero latency hoặc tự xử lý mọi schema change. DynamoDB Streams cung cấp thay đổi DynamoDB; không coi DynamoDB là nguồn DMS thông thường.,AWS DMS; DynamoDB Streams,Domain 1,1.1,Ingestion / Extraction,Skill Builder,"https://skillbuilder.aws/learn/EZ5E7MDBFM/aws-ml-engineer-associate--collect-ingest-and-store-data/SYGN3UF5BT
https://docs.aws.amazon.com/dms/latest/userguide/CHAP_Introduction.Sources.html",14/09/2026
HNSW,"• Graph-based ANN
• High recall / low latency
• Memory trade-off",Đồ thị tìm láng giềng gần đúng,Hierarchical Navigable Small World is a graph-based index for approximate nearest-neighbor search.,Chỉ mục ANN dựa trên đồ thị nhiều tầng để tìm vector gần query hiệu quả.,"HNSW tổ chức vector trong các tầng đồ thị; tìm kiếm đi từ tầng thưa để định vị vùng rồi tinh chỉnh ở tầng dày hơn. Các tham số xây index và search ảnh hưởng độ chính xác truy xuất, bộ nhớ và thời gian.","Index các đoạn tài liệu để semantic search, benchmark recall@k và latency khi tăng mức khám phá đồ thị.",Phù hợp khi cần retrieval nhanh và recall cao với lượng bộ nhớ/cấu hình phù hợp.,"Không phải exact search. HNSW là cấu trúc index; Faiss và Lucene là engine/thư viện có thể triển khai thuật toán, không cùng cấp khái niệm.",Amazon OpenSearch Service; pgvector,Domain 1,1.1,Vector search,Skill Builder,"https://skillbuilder.aws/learn/EZ5E7MDBFM/aws-ml-engineer-associate--collect-ingest-and-store-data/SYGN3UF5BT
https://docs.aws.amazon.com/opensearch-service/latest/developerguide/knn.html",14/09/2026
IVF / IVFFlat,"• Cluster-based ANN
• Index training
• Probes vs recall",Chỉ mục phân cụm không gian vector,Inverted file indexing partitions vectors into clusters and searches selected clusters; IVFFlat stores full vectors within them.,IVF chia vector thành cụm và tìm trong một số cụm được chọn; IVFFlat giữ vector đầy đủ trong các cụm.,"Dùng các centroid để phân vùng không gian vector. Query tìm cụm phù hợp rồi so sánh các vector trong những cụm được thăm. Số cụm và số probes tạo đánh đổi giữa lượng tính toán, recall và latency; cần dữ liệu phù hợp để xây/training index.",Tăng số cụm được tìm kiếm có thể tăng recall nhưng cũng tăng công việc mỗi query.,Cân nhắc khi cần ANN và muốn điều chỉnh đánh đổi về bộ nhớ/tìm kiếm theo engine hỗ trợ.,IVFFlat không tự nén vector như mọi biến thể IVF khác. Không dùng index được huấn luyện trên mẫu quá ít hoặc không đại diện mà không đánh giá.,pgvector; Amazon OpenSearch Service,Domain 1,1.1,Vector search,Skill Builder,"https://skillbuilder.aws/learn/EZ5E7MDBFM/aws-ml-engineer-associate--collect-ingest-and-store-data/SYGN3UF5BT
https://github.com/pgvector/pgvector",14/09/2026
Embedding dimensions,"• Fixed dimension per index
• Model compatibility
• Re-embed when changed",Số chiều vector biểu diễn,The number of numeric components in an embedding vector.,Số thành phần số trong một vector embedding.,"Model tạo vector có một số chiều được hỗ trợ; schema của vector index phải khớp. Vector của documents và query cần cùng model/cấu hình, không chỉ cùng chiều. Số chiều ảnh hưởng dung lượng lưu, bộ nhớ và chi phí tính similarity.","Nếu index được tạo cho vector 1024 chiều, không thể gửi query 512 chiều vào cùng trường vector đó.","Dùng khi chọn embedding model, cấu hình vector store và lên kế hoạch migration model.

Với corpus lớn, thử số chiều nhỏ hơn để giảm storage và latency, rồi đo chất lượng retrieval. Không mặc định số chiều lớn hơn luôn tốt hơn cho bài toán.",Không tự cắt vector để giảm chiều trừ khi model hỗ trợ cách dùng đó. Cùng 1024 chiều từ hai model khác nhau không đảm bảo so sánh có ý nghĩa.,Amazon Bedrock; Amazon S3 Vectors; OpenSearch,Domain 1,1.1,Vector search,Skill Builder,"https://skillbuilder.aws/learn/EZ5E7MDBFM/aws-ml-engineer-associate--collect-ingest-and-store-data/SYGN3UF5BT
https://docs.aws.amazon.com/bedrock/latest/userguide/titan-embedding-models.html
https://skillbuilder.aws/learn/3AHUUNMH2X/aws-ml-engineer-associate--data-transformation-and-feature-engineering/H2K74ZEHBM",14/09/2026
Partition pruning,"• Filter partition keys
• Less scanned data
• Query cost reduction",Bỏ qua phân vùng không cần đọc,Skipping data partitions that cannot satisfy a query's filters.,Bỏ qua các phân vùng dữ liệu không thể thỏa điều kiện truy vấn.,Tổ chức dữ liệu theo các khóa như ngày/khu vực và khai báo partition đúng để engine chỉ đọc phần liên quan. Hiệu quả phụ thuộc điều kiện query và cách engine hiểu partition; chọn quá nhiều khóa chi tiết có thể tạo quá nhiều partition/file nhỏ.,Bảng S3 phân vùng theo date; query một ngày có điều kiện date tương ứng để tránh quét toàn bộ năm.,"Dùng để giảm scan, latency và chi phí truy vấn Athena hoặc job đọc dataset có bộ lọc rõ.",Đặt thư mục dạng date=... chưa đủ nếu catalog/query không khai thác được. Partition pruning khác column pruning — bỏ các cột không dùng trong định dạng cột.,Amazon S3; Amazon Athena; AWS Glue,Domain 1,1.1,Tối ưu lưu trữ,Skill Builder,"https://skillbuilder.aws/learn/EZ5E7MDBFM/aws-ml-engineer-associate--collect-ingest-and-store-data/SYGN3UF5BT
https://docs.aws.amazon.com/athena/latest/ug/partitions.html",14/09/2026
Key mismatch,"• Type / format consistency
• Normalize keys
• Join validation",Khóa liên kết không khớp,"Join keys represent the same entity but fail to match because their formats, types, or values differ.","Các khóa đáng lẽ đại diện cùng thực thể nhưng không khớp vì khác kiểu, định dạng hoặc giá trị.","Khóa có thể lệch do khoảng trắng, chữ hoa/thường, leading zeros, timezone hoặc dùng ID khác hệ thống. Chuẩn hóa theo nghĩa nghiệp vụ trước join; giữ bản gốc và mapping để truy vết.",customer_id “00123” không nên tự ép thành 123 nếu leading zeros là một phần mã; email có thể cần xử lý khoảng trắng theo quy tắc.,Dùng khi join làm mất nhiều dòng hoặc tạo NULL bất ngờ. So sánh coverage và các khóa không khớp ở mỗi nguồn.,Chuẩn hóa quá mạnh có thể gộp hai thực thể khác nhau. Không đổi mọi khóa thành số hoặc lowercase mà chưa biết semantics.,AWS Glue; Amazon EMR; Pandas,Domain 1,1.1,Merging,Skill Builder,"https://skillbuilder.aws/learn/EZ5E7MDBFM/aws-ml-engineer-associate--collect-ingest-and-store-data/SYGN3UF5BT
https://pandas.pydata.org/docs/user_guide/merging.html",14/09/2026
Null propagation,"• Unmatched joins
• Missing-value semantics
• Explicit handling",Giá trị thiếu lan truyền sau xử lý,"Missing values introduced or retained by operations affect later calculations, filters, and features.",Giá trị thiếu được tạo hoặc giữ lại qua thao tác dữ liệu rồi ảnh hưởng tính toán và feature downstream.,"Outer join tạo NULL cho phía không khớp; phép tính, so sánh và aggregation xử lý NULL theo engine. Cần kiểm tra tỷ lệ thiếu, nguyên nhân và chính sách xử lý thay vì để model nhận giá trị ngoài dự kiến.","Left join giao dịch với hồ sơ tạo NULL income; sau đó tính ratio với income có thể tiếp tục thiếu, cần imputation hoặc missing indicator thích hợp.",Dùng khi kiểm tra chất lượng sau merge và trước tạo feature.,"SQL NULL không hoạt động như số 0 hoặc chuỗi rỗng. COUNT(*) và COUNT(column) có thể khác; pandas có những semantics khác SQL, cần kiểm tra engine.",Amazon Athena; AWS Glue; Pandas,Domain 1,1.1,Merging,Skill Builder,"https://skillbuilder.aws/learn/EZ5E7MDBFM/aws-ml-engineer-associate--collect-ingest-and-store-data/SYGN3UF5BT
https://pandas.pydata.org/docs/user_guide/missing_data.html",14/09/2026
Pie chart,"• Part-to-whole
• Category proportions
• Few categories",Biểu đồ tròn,A chart showing categories as proportions of a whole.,Biểu đồ thể hiện tỷ trọng các nhóm trong một tổng thể.,Mỗi lát biểu diễn tỷ lệ một category so với tổng. Hữu ích để thấy composition khi ít nhóm và định nghĩa tổng rõ ràng; bar chart thường dễ so sánh các tỷ lệ gần nhau hơn.,Quan sát tỷ lệ nguồn dữ liệu từ web/app/store trong một tập ingestion để phát hiện nguồn áp đảo.,Dùng trong EDA của categorical data khi muốn hiểu thành phần của dataset.,Không dùng cho các nhóm chồng lấn mà vẫn trình bày như tổng 100%. Quá nhiều lát hoặc lát gần bằng nhau làm việc so sánh khó chính xác.,SageMaker Data Wrangler,Domain 1,1.1,EDA,Skill Builder,"https://skillbuilder.aws/learn/EZ5E7MDBFM/aws-ml-engineer-associate--collect-ingest-and-store-data/SYGN3UF5BT
https://docs.aws.amazon.com/sagemaker/latest/dg/data-wrangler-analyses.html",14/09/2026
Dataset versioning,"• Versioned data
• Manifest snapshot
• Reproducibility",Quản lý phiên bản tập dữ liệu,Tracking immutable or identifiable versions of data and preparation logic so experiments can be reproduced.,Theo dõi các phiên bản dữ liệu và logic chuẩn bị để có thể tái lập thí nghiệm.,"Ghi nhận phiên bản raw/processed, manifest, code transform, schema và cách chia tập. S3 Versioning có thể giữ các phiên bản object, nhưng cần thêm cách định danh cả dataset gồm nhiều object để tái lập đúng.","Một training run tham chiếu manifest v3, object versions tương ứng và preprocessing commit cụ thể.","Dùng để so sánh thí nghiệm, điều tra lỗi và tái tạo model từ đúng dữ liệu từng dùng.",Bật S3 Versioning không tự tạo dataset snapshot nhất quán. Đường dẫn trỏ đến “latest” có thể thay đổi và không đủ cho reproducibility.,Amazon S3; SageMaker,Domain 1,1.1,Quản trị dữ liệu,Bổ sung Domain 1,https://docs.aws.amazon.com/AmazonS3/latest/userguide/Versioning.html,14/09/2026
Data quality rules,"• Completeness
• Uniqueness
• Validity
• Quality gates",Quy tắc kiểm tra chất lượng dữ liệu,Explicit checks that validate whether a dataset meets defined quality requirements.,Các phép kiểm tra cụ thể để xác nhận dữ liệu đáp ứng yêu cầu chất lượng đã đặt ra.,"Chuyển kỳ vọng thành kiểm tra có thể chạy lại: cột bắt buộc không thiếu, ID duy nhất, giá trị trong phạm vi, schema phù hợp và volume hợp lý. Chọn hành động khi fail như cách ly dữ liệu, cảnh báo hoặc dừng bước train.

Bài nhấn mạnh completeness, uniqueness, freshness và conformance (định dạng/phạm vi). AWS Glue Data Quality dùng DQDL; kết quả pass/fail cần gắn với hành động cảnh báo/cách ly/chặn downstream.","Kiểm tra transaction_id unique, amount không âm theo nghiệp vụ và tỷ lệ target_missing dưới ngưỡng trước khi xuất training dataset.",Dùng để ngăn dữ liệu lỗi đi sâu vào pipeline và theo dõi thay đổi qua các lần ingestion.,Quy tắc pass không chứng minh dữ liệu không bias hoặc hoàn toàn chính xác. Ngưỡng cần phản ánh nghiệp vụ và được xem xét khi phân phối thay đổi.,AWS Glue Data Quality,Domain 1,1.3,Chất lượng dữ liệu,Skill Builder,"https://docs.aws.amazon.com/glue/latest/dg/glue-data-quality.html
https://skillbuilder.aws/learn/W9E1MCC15B/aws-ml-engineer-associate--validate-data-and-prepare-for-modeling/815QR5D1ZA
https://docs.aws.amazon.com/glue/latest/dg/dqdl.html",14/09/2026
Idempotency,"• Safe retries
• Stable event ID
• Deduplicate / upsert",Chạy lại không tạo tác động lặp ngoài ý muốn,An operation can be retried without creating additional unintended effects beyond the first successful execution.,Thao tác có thể chạy lại mà không tạo thêm tác động ngoài ý muốn so với lần thành công đầu.,"Pipeline dùng ID ổn định và cơ chế ghi có điều kiện, upsert hoặc dedup để retry không tạo nhiều bản sao nghiệp vụ. Cần thiết kế cả đường ghi đích, không chỉ kiểm tra trước ở client vì các request có thể chạy đồng thời.",Hai lần xử lý cùng event_id chỉ cập nhật một bản ghi ở đích; batch chạy lại không nhân đôi các dòng đã nạp.,Dùng khi nguồn/consumer có at-least-once delivery hoặc job phải khôi phục sau lỗi.,Idempotent không đồng nghĩa mọi lần gọi trả cùng response. Không dựa vào timestamp hiện tại làm ID nếu muốn nhận diện cùng một sự kiện khi retry.,AWS Lambda; DynamoDB; Kinesis,Domain 1,1.1,Độ tin cậy ingestion,Bổ sung Domain 1,https://docs.aws.amazon.com/lambda/latest/dg/best-practices.html,14/09/2026
Backpressure,"• Producer > consumer
• Buffer growth
• Consumer lag",Điều tiết khi bên nhận xử lý không kịp,A mechanism or condition in which slower downstream processing limits or delays upstream data flow.,Cơ chế hoặc tình trạng downstream chậm khiến upstream phải giảm tốc hoặc chờ.,"Khi dữ liệu vào nhanh hơn tốc độ xử lý, hàng đợi/lag tăng. Hệ thống cần buffer có giới hạn, điều tiết producer hoặc tăng năng lực consumer; theo dõi end-to-end latency và nguy cơ vượt retention.",Flink sink ghi đích chậm khiến các operator phía trước bị backpressure; Kinesis consumer lag tăng khi ứng dụng không đọc kịp.,Dùng để phân biệt nút thắt ở downstream với lỗi tạo dữ liệu và để chọn cách scaling đúng chỗ.,Tăng producer throughput có thể làm tình hình xấu hơn. Buffer chỉ trì hoãn vấn đề nếu tốc độ xử lý dài hạn vẫn thấp hơn tốc độ vào.,Amazon Managed Service for Apache Flink; Kinesis,Domain 1,1.1,Troubleshooting,Bổ sung Domain 1,https://docs.aws.amazon.com/managed-flink/latest/java/performance-troubleshooting.html,14/09/2026
Data freshness,"• Update lag
• Event vs ingestion time
• Freshness SLA",Độ mới của dữ liệu,How recently the data available to a consumer reflects events or updates in the source.,Mức độ dữ liệu đang dùng phản ánh các sự kiện hoặc cập nhật gần đây của nguồn.,"Độ mới chịu ảnh hưởng lịch batch, buffer, xử lý, delivery và thời điểm feature được ghi. Định nghĩa theo nhu cầu nghiệp vụ và đo từ timestamp phù hợp; online store chứa “latest record” nhưng record đó vẫn có thể cũ nếu pipeline dừng.",Feature clicks_5m cần cập nhật gần thời gian thực; kiểm tra last_update và cảnh báo khi vượt ngưỡng chấp nhận.,Dùng khi feature phục vụ inference phụ thuộc hành vi mới hoặc khi pipeline trễ làm model dùng trạng thái không còn phù hợp.,"Không đồng nhất API đọc nhanh với dữ liệu mới. Low retrieval latency và low ingestion lag là hai yêu cầu riêng.

File mới được nạp hôm nay có thể chứa policy hoặc dữ liệu nghiệp vụ cũ. Phải xác định freshness của nội dung theo event/effective time, không chỉ nhìn thời điểm ingestion.",SageMaker Feature Store; CloudWatch,Domain 1,1.1,Feature Store,Skill Builder,"https://docs.aws.amazon.com/sagemaker/latest/dg/feature-store.html
https://skillbuilder.aws/learn/W9E1MCC15B/aws-ml-engineer-associate--validate-data-and-prepare-for-modeling/815QR5D1ZA",14/09/2026
Windowed features,"• Time window
• Event-time processing
• Late events",Đặc trưng theo cửa sổ thời gian,"Features computed over a defined interval of events, such as counts or averages over the preceding minutes.","Đặc trưng được tính trên một khoảng sự kiện xác định, như số lần hoặc trung bình trong các phút trước đó.","Tính aggregate theo tumbling/sliding/session window tùy nghiệp vụ. Phải xác định event time, watermark hoặc chính sách dữ liệu đến muộn, cùng thời điểm chốt/cập nhật kết quả để train và inference thống nhất.",Flink tính số giao dịch và tổng tiền của từng user trong 5 phút gần nhất rồi ghi feature store.,"Dùng cho gian lận, clickstream, IoT và các tín hiệu hành vi ngắn hạn.",“5 phút” phải nêu theo event time hay processing time. Cửa sổ gồm dữ liệu sau thời điểm dự đoán sẽ gây leakage trong training.,Amazon Managed Service for Apache Flink; Feature Store,Domain 1,1.2,Feature engineering,Bổ sung Domain 1,https://docs.aws.amazon.com/managed-flink/latest/java/how-it-works.html,14/09/2026
Row-based format,"• Whole-record access
• CSV / Avro / RecordIO
• Record processing",Định dạng theo hàng,A data layout that keeps the fields of a record together.,Cách tổ chức giữ các trường của cùng bản ghi gần nhau.,Phù hợp khi đọc/ghi từng bản ghi hoặc cần nhiều trường của mỗi record. CSV là text dạng hàng; Avro và RecordIO có cấu trúc/khả năng khác nhau nên không thể xem chúng là các định dạng thay thế trực tiếp.,Pipeline sự kiện xử lý toàn bộ record Avro; dữ liệu tabular đơn giản xuất CSV cho công cụ hỗ trợ.,Dùng khi chọn định dạng theo access pattern và khả năng đọc của công cụ/mô hình.,Row-based không mặc định tốt nhất cho training. Query chỉ vài cột trên dataset lớn thường hưởng lợi từ columnar formats.,AWS Glue; SageMaker,Domain 1,1.1,Định dạng dữ liệu,Skill Builder,"https://skillbuilder.aws/learn/EZ5E7MDBFM/aws-ml-engineer-associate--collect-ingest-and-store-data/SYGN3UF5BT
https://avro.apache.org/docs/1.12.0/specification/",14/09/2026
Columnar format,"• Parquet / ORC
• Column pruning
• Compression",Định dạng theo cột,A data layout that groups values from the same column to support efficient analytical reads and compression.,Cách tổ chức gom giá trị cùng cột để đọc phân tích và nén hiệu quả.,"Engine có thể chỉ đọc các cột cần dùng thay vì toàn bộ record, kết hợp thống kê và encoding/compression theo cột. Hiệu quả phụ thuộc engine, cách ghi file và pattern query; thường dùng trong lớp curated data lake.",Athena query 5 cột trên bảng Parquet có 100 cột để giảm dữ liệu cần scan.,"Dùng cho OLAP, feature generation và dataset cần đọc chọn lọc các cột.",Không tự bảo đảm mọi training algorithm đọc trực tiếp được Parquet/ORC. File quá nhỏ hoặc partition kém vẫn làm giảm hiệu năng.,Amazon Athena; AWS Glue; Amazon EMR,Domain 1,1.1,Định dạng dữ liệu,Skill Builder,"https://skillbuilder.aws/learn/EZ5E7MDBFM/aws-ml-engineer-associate--collect-ingest-and-store-data/SYGN3UF5BT
https://parquet.apache.org/docs/overview/",14/09/2026
Object-notation format,"• JSON
• JSON Lines
• Nested structure",Định dạng biểu diễn đối tượng,A format representing records with named fields and potentially nested objects or arrays.,"Định dạng biểu diễn bản ghi bằng trường có tên, có thể lồng object hoặc array.","JSON biểu diễn object/array; JSONL đặt một JSON value, thường là object, trên mỗi dòng để dễ xử lý theo record. Schema có thể linh hoạt nhưng vẫn phải khớp yêu cầu của reader, ETL hoặc model.",Log JSONL có một sự kiện mỗi dòng; parser đọc dần và xử lý từng record.,"Dùng cho API, logs, multimodal manifests và dữ liệu bán cấu trúc.",JSONL không có một bộ trường prompt/completion dùng chung cho mọi model. Dùng schema cụ thể của API/training job đích.,AWS Glue; Amazon Bedrock; SageMaker,Domain 1,1.1,Định dạng dữ liệu,Skill Builder,"https://skillbuilder.aws/learn/EZ5E7MDBFM/aws-ml-engineer-associate--collect-ingest-and-store-data/SYGN3UF5BT
https://docs.aws.amazon.com/bedrock/latest/userguide/model-customization-prepare.html",14/09/2026
Text data,"• Encoding
• Cleaning
• Tokenization
• Meaning preservation",Dữ liệu văn bản,Natural-language or symbolic content represented as text.,Nội dung ngôn ngữ tự nhiên hoặc ký hiệu được biểu diễn dưới dạng văn bản.,"Chuẩn hóa encoding, xử lý markup/ký tự lỗi và quản lý ngôn ngữ trước tokenization/embedding. Giữ nội dung có ý nghĩa cho bài toán; raw và processed nên được quản lý phiên bản để kiểm tra những gì đã bị loại.","Chuẩn hóa tài liệu hỗ trợ sang UTF-8, giữ tiêu đề và cấu trúc mục rồi chunk để tạo embeddings.",Dùng cho NLP và RAG; metadata nguồn/thời gian/quyền đọc hỗ trợ truy xuất có kiểm soát.,"Lowercase, bỏ dấu hoặc xóa punctuation không luôn phù hợp; chúng có thể làm mất nghĩa, mã định danh hoặc thông tin mà tokenizer/model cần.",Amazon S3; Amazon Bedrock,Domain 1,1.1,Loại dữ liệu,Skill Builder,"https://skillbuilder.aws/learn/EZ5E7MDBFM/aws-ml-engineer-associate--collect-ingest-and-store-data/SYGN3UF5BT
https://docs.aws.amazon.com/sagemaker/latest/dg/data-wrangler-transform.html",14/09/2026
Tabular data,"• Rows = observations
• Columns = features
• Schema and target",Dữ liệu dạng bảng,Data organized into observations and named variables in rows and columns.,"Dữ liệu tổ chức thành các quan sát và biến theo hàng, cột.","Xác định một dòng đại diện cho gì, cột nào là feature/target/ID và thời điểm các giá trị sẵn có. Một bảng có thể trộn numerical, categorical và text; mỗi kiểu cần xử lý phù hợp trước khi train.","Một dòng là khách hàng tại ngày chốt, cột gồm tuổi tài khoản, số giao dịch trước ngày đó và nhãn churn trong khoảng dự đoán.",Dùng cho bài toán dự báo nghiệp vụ và feature engineering từ nguồn quan hệ.,Cột ID không mặc định có tín hiệu hợp lệ; cùng một thực thể xuất hiện ở nhiều dòng cần cách split phù hợp để tránh leakage.,SageMaker Data Wrangler; AWS Glue,Domain 1,1.1,Loại dữ liệu,Skill Builder,"https://skillbuilder.aws/learn/EZ5E7MDBFM/aws-ml-engineer-associate--collect-ingest-and-store-data/SYGN3UF5BT
https://docs.aws.amazon.com/sagemaker/latest/dg/data-wrangler.html",14/09/2026
Image data,"• Resolution
• Channels
• Bit depth
• Label alignment",Dữ liệu hình ảnh,Visual data represented by pixel values and associated metadata or annotations.,Dữ liệu thị giác biểu diễn bằng giá trị pixel cùng metadata hoặc nhãn.,"Chuẩn bị ảnh theo kích thước, color space, channel order và normalization mà model yêu cầu. JPEG dùng nén mất dữ liệu; PNG nén không mất; TIFF có nhiều cấu hình và có thể phù hợp ảnh chất lượng/bit depth cao. Giữ bản gốc khi cần tái xử lý.",Resize ảnh cho model cụ thể; nếu crop/lật ảnh detection thì bounding boxes phải được biến đổi tương ứng.,"Dùng cho classification, detection và segmentation; manifest liên kết ảnh với nhãn và nguồn.","Không có kích thước 224×224 tối ưu chung. Đổi bit depth, nén hoặc resize quá mạnh có thể xóa chi tiết cần cho dự đoán.",Amazon S3; SageMaker Ground Truth,Domain 1,1.1,Loại dữ liệu,Skill Builder,"https://skillbuilder.aws/learn/EZ5E7MDBFM/aws-ml-engineer-associate--collect-ingest-and-store-data/SYGN3UF5BT
https://docs.aws.amazon.com/sagemaker/latest/dg/sms-data.html",14/09/2026
Audio data,"• Sample rate
• Bit depth
• Channels
• Codec",Dữ liệu âm thanh,"A time-varying signal encoded as samples, with properties such as sample rate, bit depth, and channel count.","Tín hiệu theo thời gian được mã hóa thành mẫu với tần số lấy mẫu, độ sâu bit và số kênh.","Chuẩn hóa format và chất lượng theo model/dịch vụ đích. WAV là container, không tự đảm bảo PCM không nén; FLAC là nén lossless, MP3/AAC thường lossy. Resampling phải thay đổi tín hiệu đúng cách, không chỉ sửa metadata.",PCM mono 16 kHz × 16 bit tạo khoảng 32.000 byte/s trước header; lưu audio và transcript liên kết bằng ID/timestamp.,Dùng cho speech recognition và audio ML; lưu metadata để tái tạo cách decode và tiền xử lý.,Không ép mọi audio thành 16 kHz mono nếu bài toán cần âm thanh nổi hoặc thông tin tần số cao. Transcribe yêu cầu format cụ thể theo chế độ API.,Amazon S3; Amazon Transcribe,Domain 1,1.1,Loại dữ liệu,Skill Builder,"https://skillbuilder.aws/learn/EZ5E7MDBFM/aws-ml-engineer-associate--collect-ingest-and-store-data/SYGN3UF5BT
https://docs.aws.amazon.com/transcribe/latest/dg/how-input.html",14/09/2026
Video data,"• Frame rate
• Temporal information
• Audio–video alignment",Dữ liệu video,"A sequence of visual frames, often synchronized with audio and timestamps.","Chuỗi khung hình theo thời gian, thường đồng bộ với âm thanh và timestamp.","Quản lý codec/container, độ phân giải, frame rate và metadata thời gian. Có thể trích frame để dùng model ảnh, nhưng tần suất lấy frame phải phù hợp sự kiện cần quan sát; lưu liên kết giữa frame, đoạn video và timestamp gốc.",Lấy một số frame mỗi giây để nhận diện bối cảnh; bài toán hành động nhanh có thể cần nhiều frame hơn và model khai thác quan hệ thời gian.,Dùng cho video analytics và multimodal ML; cân nhắc chi phí storage/compute lớn hơn ảnh đơn.,Frame sampling thưa có thể bỏ lỡ sự kiện ngắn. Không chọn 1 fps hoặc 30 fps như quy tắc chung; đồng bộ audio/video phải được giữ.,Amazon S3; SageMaker,Domain 1,1.1,Loại dữ liệu,Skill Builder,"https://skillbuilder.aws/learn/EZ5E7MDBFM/aws-ml-engineer-associate--collect-ingest-and-store-data/SYGN3UF5BT
https://docs.aws.amazon.com/sagemaker/latest/dg/sms-video.html",14/09/2026
UTF-8,"• Consistent text encoding
• Multilingual text
• Bytes ≠ characters",Bảng mã Unicode dạng byte,A variable-length Unicode encoding that represents characters using one to four bytes.,"Cách mã hóa Unicode có độ dài biến đổi, dùng từ một đến bốn byte cho mỗi ký tự mã hóa.","Dùng encoding thống nhất giúp đọc dữ liệu nhiều ngôn ngữ, tránh lỗi ký tự khi chuyển giữa file, API và công cụ xử lý. Phát hiện encoding nguồn trước khi chuyển đổi; có thể cần xử lý BOM và Unicode normalization theo ứng dụng.",Tên tiếng Việt giữ đúng dấu khi CSV/JSON được ghi và đọc bằng UTF-8 ở cả hai đầu pipeline.,Dùng trong chuẩn hóa text và manifest; tránh silent corruption trước tokenization hoặc join theo chuỗi.,"Một ký tự không luôn là một byte và một ký tự hiển thị có thể gồm nhiều code point. Không sửa lỗi decode bằng cách bỏ mọi byte không hợp lệ mà không kiểm tra dữ liệu mất.

Đổi nhãn encoding hoặc đuôi file không sửa được ký tự đã giải mã sai. Trong corpus GenAI, phải kiểm tra garbled/invalid characters và đọc lại nội dung sau chuẩn hóa.",Amazon S3; AWS Glue,Domain 1,1.1,Định dạng dữ liệu,Skill Builder,"https://skillbuilder.aws/learn/EZ5E7MDBFM/aws-ml-engineer-associate--collect-ingest-and-store-data/SYGN3UF5BT
https://www.unicode.org/faq/utf_bom.html
https://skillbuilder.aws/learn/W9E1MCC15B/aws-ml-engineer-associate--validate-data-and-prepare-for-modeling/815QR5D1ZA",14/09/2026
Data integrity,"• Accuracy + completeness + consistency
• Reliability + security
• No unintended corruption
• Validate before training",Tính toàn vẹn dữ liệu,"Data integrity covers the accuracy, completeness, consistency, reliability, and protection of intended data throughout its lifecycle.","Tính toàn vẹn bao gồm độ chính xác, đầy đủ, nhất quán, đáng tin và sự bảo vệ dữ liệu dự kiến trong suốt vòng đời.","Kiểm tra checksum, record counts và các tổng đối soát để phát hiện mất, hỏng hoặc thay đổi ngoài ý muốn. Công cụ truyền dữ liệu có thể hỗ trợ validation, nhưng pipeline cũng cần kiểm tra ở mức bản ghi/nghiệp vụ sau biến đổi.

Trong module Validate Data, khái niệm rộng hơn kiểm tra truyền file: xác nhận dữ liệu sau clean/transform đáp ứng mục tiêu và chưa bị can thiệp. Với fine-tuning còn kiểm tra pair format, factual accuracy, content safety và poisoning/provenance.","Sau copy nhiều file, xác nhận các file đã chuyển đầy đủ; sau ETL đối chiếu số record và tổng tiền theo partition.","Dùng trong extraction, migration và ingestion để phát hiện lỗi trước khi dữ liệu ảnh hưởng training.","Checksum trùng khớp chứng minh nội dung truyền được bảo toàn, không chứng minh dữ liệu gốc đúng thực tế hoặc không bias.",AWS DataSync; Amazon S3,Domain 1,1.3,Chất lượng dữ liệu,Skill Builder,"https://docs.aws.amazon.com/datasync/latest/userguide/how-datasync-transfer-works.html
https://skillbuilder.aws/learn/W9E1MCC15B/aws-ml-engineer-associate--validate-data-and-prepare-for-modeling/815QR5D1ZA",14/09/2026
Data transformation,"• Raw → model-ready
• Clean → encode → engineer",Biến đổi dữ liệu,Data transformation converts collected data into a consistent representation usable by a model.,"Quá trình chuyển dữ liệu đã thu thập thành biểu diễn sạch, nhất quán và phù hợp đầu vào mô hình.","Bắt đầu bằng kiểm tra định dạng, đơn vị, giá trị thiếu, trùng và ngoại lệ; sau đó mã hóa category và tạo đặc trưng. Với GenAI, chuẩn bị văn bản, chunk, embedding hoặc tập ví dụ theo schema mô hình. Những phép biến đổi học thống kê cần fit trên train sau khi chia tập.",Timestamp thô → giờ/ngày trong tuần; màu sắc → cột chỉ báo; tài liệu dài → các đoạn có metadata.,"Giúp mô hình nhận tín hiệu hữu ích hơn và giảm công sức sửa lỗi, xử lý lặp lại ở các bước sau.","Clean → encode → engineer là luồng khái niệm, không có nghĩa fit scaler/imputer trên toàn bộ dataset trước split. Transform data không đồng nghĩa train model.",AWS Glue; DataBrew; Data Wrangler; SageMaker Processing,Domain 1,1.2,Transform Data • Tổng quan,Skill Builder,https://skillbuilder.aws/learn/3AHUUNMH2X/aws-ml-engineer-associate--data-transformation-and-feature-engineering/H2K74ZEHBM,14/09/2026
Feature engineering,"• Informative features
• Domain knowledge
• Create / select / transform",Kỹ thuật tạo và biến đổi đặc trưng,Feature engineering creates or transforms useful model inputs using knowledge of the data and task.,"Tạo, biến đổi hoặc chọn đặc trưng để làm rõ quan hệ liên quan tới mục tiêu dự đoán.",Chọn kỹ thuật theo ý nghĩa nghiệp vụ và loại dữ liệu: scaling/binning/log cho số; token counts/N-gram cho văn bản; tách thời gian thành tín hiệu chu kỳ. Đánh giá trên dữ liệu giữ riêng để biết feature mới có ích thật hay chỉ phù hợp tập train.,"Từ ngày mua đầu và ngày mua lại, tạo số ngày giữa hai lần mua; từ review, tạo tần suất cụm từ phản ánh trải nghiệm.",Dùng khi dữ liệu thô chưa biểu đạt trực tiếp những yếu tố mô hình cần học; có thể tăng hiệu quả mà không cần đổi thuật toán.,Không tạo feature từ thông tin chỉ biết sau thời điểm dự đoán. Không có một danh sách feature tốt cho mọi bài toán; thêm nhiều cột không tự bảo đảm tốt hơn.,Data Wrangler; Glue; Spark; Feature Store,Domain 1,1.2,Transform Data • Tổng quan,Skill Builder,https://skillbuilder.aws/learn/3AHUUNMH2X/aws-ml-engineer-associate--data-transformation-and-feature-engineering/H2K74ZEHBM,14/09/2026
Nominal categorical data,"• No inherent order
• Distinct categories",Dữ liệu phân loại không thứ tự,Nominal categories identify groups without a meaningful ranking.,"Các hạng mục chỉ biểu thị nhóm và không có quan hệ lớn hơn, nhỏ hơn tự nhiên.","Ví dụ quốc gia, màu sắc, loại sản phẩm. Nếu mô hình hiểu đầu vào như số liên tục, mã 0/1/2 có thể tạo thứ tự và khoảng cách giả. One-hot encoding biểu diễn từng category bằng cột nhị phân khi phù hợp quy mô.","Màu teal, blue, green không có nghĩa green lớn gấp đôi blue dù được gán mã 2 và 1.",Nhận diện trước khi chọn cách encoding; đặc biệt quan trọng với mô hình tuyến tính hoặc nhạy khoảng cách.,"Không suy ra ordinal chỉ vì các nhãn được lưu bằng số. Cần kiểm tra hỗ trợ category của triển khai thuật toán, không chỉ tên họ mô hình.",Data Wrangler; DataBrew,Domain 1,1.2,Transform Data • Encoding,Skill Builder,https://skillbuilder.aws/learn/3AHUUNMH2X/aws-ml-engineer-associate--data-transformation-and-feature-engineering/H2K74ZEHBM,14/09/2026
Ordinal categorical data,"• Meaningful order
• Ordered categories",Dữ liệu phân loại có thứ tự,Ordinal categories have a meaningful ranking but not necessarily equal spacing.,Các hạng mục có thứ bậc nhưng khoảng cách giữa các mức không nhất thiết bằng nhau.,"Xác định thứ tự bằng nghiệp vụ rồi ánh xạ mức theo thứ tự đó. Nếu dùng mã số trực tiếp, cần cân nhắc mô hình có đang giả định chênh lệch giữa 0→1 giống 1→2 hay không. Giữ mapping ổn định cho dữ liệu mới.",Kích cỡ compact → mid-size → full-size; mức độ low → medium → high.,Phù hợp khi thứ hạng chứa thông tin dự đoán và cách xử lý của mô hình tương thích.,Thứ tự alphabet không phải thứ tự nghiệp vụ. Ordinal là loại dữ liệu; ordinal encoding là phép biến đổi. Không đồng nhất mọi label encoding với ordinal có ý nghĩa.,Data Wrangler; DataBrew,Domain 1,1.2,Transform Data • Encoding,Skill Builder,https://skillbuilder.aws/learn/3AHUUNMH2X/aws-ml-engineer-associate--data-transformation-and-feature-engineering/H2K74ZEHBM,14/09/2026
Binary categorical data,"• Exactly two categories
• Yes / No
• 0 / 1 mapping",Dữ liệu phân loại nhị phân,A binary categorical variable has exactly two possible categories.,Biến phân loại có hai giá trị có thể nhận.,Có thể ánh xạ Yes→1 và No→0 bằng quy tắc cố định. Cần phân biệt giá trị thiếu với No: dữ liệu chưa biết không nên tự coi là một trong hai mức nếu chưa có quyết định xử lý.,flu_shot = Yes/No; outbreak_zone = Yes/No trong ví dụ khóa học.,Dùng để nhận diện cách mã hóa gọn và rõ cho cờ hoặc trạng thái hai mức.,Binary categorical data không phải kỹ thuật binary encoding cho biến có nhiều category. Cột số liên tục tình cờ chỉ có hai giá trị trong mẫu chưa chắc là biến nhị phân về nghiệp vụ.,DataBrew; Data Wrangler,Domain 1,1.2,Transform Data • Encoding,Skill Builder,https://skillbuilder.aws/learn/3AHUUNMH2X/aws-ml-engineer-associate--data-transformation-and-feature-engineering/H2K74ZEHBM,14/09/2026
Categorical cardinality,"• Number of distinct categories
• One-hot width
• Memory tradeoff",Số lượng hạng mục khác nhau,Categorical cardinality is the number of distinct values in a categorical feature.,Số category riêng biệt của một cột phân loại.,"Đếm category trên train và quan sát tỷ lệ nhóm hiếm. One-hot tạo nhiều cột khi cardinality cao, làm tăng bộ nhớ và chi phí. Lựa chọn encoding phải cân bằng việc giữ ý nghĩa category, hỗ trợ của model và tài nguyên.",Cột màu có 5 giá trị dễ one-hot hơn cột product_id có hàng trăm nghìn giá trị khác nhau.,"Dùng trước khi quyết định one-hot, gộp nhóm hiếm hoặc cách biểu diễn khác phù hợp model.",Nhiều category không tự biến nominal thành ordinal. Không chọn label encoding chỉ vì muốn ít cột mà bỏ qua cách mô hình diễn giải các mã số.,Data Wrangler; DataBrew,Domain 1,1.2,Transform Data • Encoding,Skill Builder,https://skillbuilder.aws/learn/3AHUUNMH2X/aws-ml-engineer-associate--data-transformation-and-feature-engineering/H2K74ZEHBM,14/09/2026
Feature scaling,"• Comparable scales
• Algorithm-dependent
• Preserve feature count",Đưa đặc trưng về thang đo tương đương,Feature scaling changes numeric magnitudes so features are comparable for a learning algorithm.,Biến đổi độ lớn giá trị số để các feature có thang đo phù hợp khi mô hình học.,Hai cách trong bài là min-max normalization và standardization. Scaling giúp tránh một cột có đơn vị lớn chi phối khoảng cách hoặc tối ưu. Chọn theo thuật toán và phân phối; decision trees thường ít cần scaling hơn các phương pháp nhạy khoảng cách.,Số phòng ngủ 1–5 và giá nhà 100.000–1.000.000 được đưa về thang đo tương đương trước khi dùng mô hình phù hợp.,Hữu ích cho dữ liệu nhiều đơn vị đo; hỗ trợ quá trình tối ưu ở các thuật toán nhạy thang đo.,"Scaling không giảm số chiều, không loại feature và không tự sửa outlier. Xem riêng Min-max scaling, Standardization và Vector normalization để tránh nhập nhằng từ normalization.",Data Wrangler; DataBrew; Processing,Domain 1,1.2,Transform Data • Numeric,Skill Builder,https://skillbuilder.aws/learn/3AHUUNMH2X/aws-ml-engineer-associate--data-transformation-and-feature-engineering/H2K74ZEHBM,14/09/2026
Quantile binning,"• Approximately equal counts
• Unequal widths
• Train-derived edges",Chia khoảng theo phân vị,Quantile binning places roughly similar numbers of observations in each bin.,Chia biến số thành các khoảng có số quan sát xấp xỉ bằng nhau.,"Tính các ngưỡng phân vị từ train, dùng chúng để gán mỗi giá trị vào một bin. Khi phân phối lệch, độ rộng bin có thể khác nhau rất nhiều; cách này giữ số lượng mẫu giữa nhóm tương đối cân bằng.",Chia chi tiêu thành 4 nhóm theo quartiles của train; mỗi nhóm có khoảng 25% mẫu nếu không có nhiều giá trị trùng tại biên.,Dùng khi khoảng giá trị quan trọng hơn chênh lệch chính xác hoặc muốn mỗi bin có đủ dữ liệu.,Equal-frequency khác equal-width. Nhiều giá trị giống nhau có thể làm số mẫu/bin không đều; phải quản lý ngưỡng trùng và các giá trị ngoài phạm vi train.,DataBrew; Data Wrangler; Pandas,Domain 1,1.2,Transform Data • Numeric,Skill Builder,https://skillbuilder.aws/learn/3AHUUNMH2X/aws-ml-engineer-associate--data-transformation-and-feature-engineering/H2K74ZEHBM,14/09/2026
Feature combining,"• Aggregate / combine
• Derived feature
• Business meaning",Kết hợp đặc trưng,Feature combining derives a new feature from multiple existing inputs.,Tạo feature mới từ nhiều cột hoặc nhiều giá trị có liên quan.,"Có thể cộng, lấy tỷ lệ, ghép chuỗi hoặc tổng hợp theo thực thể/thời gian. Trong ví dụ của bài, thay diện tích từng phòng bằng tổng diện tích làm biểu diễn gọn hơn. Nếu vẫn giữ các cột gốc, tổng số chiều thực tế có thể tăng.",Diện tích phòng khách + phòng ngủ + phòng bếp → total_area; tổng số lần mua trong 30 ngày → purchases_30d.,"Dùng khi tín hiệu nghiệp vụ nằm ở quan hệ kết hợp, tổng lượng hoặc tỷ lệ thay vì từng cột riêng.","Không phải mọi phép combining đều giảm chiều: điều đó phụ thuộc có bỏ cột gốc hay không. Cẩn thận chia cho 0, dữ liệu thiếu và dùng giá trị tương lai trong aggregate.",Glue; Spark; Data Wrangler; Feature Store,Domain 1,1.2,Transform Data • Features,Skill Builder,https://skillbuilder.aws/learn/3AHUUNMH2X/aws-ml-engineer-associate--data-transformation-and-feature-engineering/H2K74ZEHBM,14/09/2026
Principal component analysis (PCA),"• Maximum variance
• Uncorrelated components
• Dimensionality reduction",Phân tích thành phần chính,PCA projects numeric data onto orthogonal directions ranked by explained variance.,"Phép chiếu tuyến tính tạo các thành phần mới, giữ nhiều phương sai với ít chiều hơn.","Các principal components là tổ hợp tuyến tính của feature đầu vào. Component đầu giữ phương sai lớn nhất, các component tiếp theo giữ biến thiên còn lại theo các hướng trực giao. Khi đơn vị đo khác nhau, cân nhắc scaling trước khi fit PCA trên train.",Tập hơn 30 thống kê đánh bóng → một số component; chọn số component dựa trên thông tin giữ lại và chất lượng downstream.,Dùng để giảm chiều và chi phí tính toán khi chấp nhận các trục mới khó diễn giải hơn cột gốc.,"PCA là feature extraction, không đơn thuần chọn vài cột gốc. Phương sai lớn không bảo đảm dự đoán nhãn tốt; không dùng giá mục tiêu để tạo PCA cho bài toán dự đoán chính giá đó.",SageMaker PCA; Processing; scikit-learn,Domain 1,1.2,Transform Data • Features,Skill Builder,https://skillbuilder.aws/learn/3AHUUNMH2X/aws-ml-engineer-associate--data-transformation-and-feature-engineering/H2K74ZEHBM,14/09/2026
Bag-of-words (BoW),"• Word counts
• Ignore order
• Sparse representation",Biểu diễn túi từ,Bag-of-words represents a document using counts of vocabulary items without preserving word order.,"Biểu diễn văn bản bằng số lần xuất hiện từ trong một vocabulary, bỏ thứ tự toàn câu.","Tokenize văn bản, xây vocabulary từ train rồi đếm số lần mỗi từ xuất hiện trong từng tài liệu. Kết quả thường là ma trận thưa. Các từ đồng nghĩa vẫn là các cột khác nhau trừ khi pipeline có thêm bước xử lý.","“great teachers and great facilities” có great=2, teachers=1, facilities=1; các từ còn lại có count theo quy tắc tokenizer.",Phù hợp baseline phân loại văn bản khi sự hiện diện/tần suất từ có ích và muốn biểu diễn dễ kiểm tra.,"Không giữ trình tự và không tự hiểu nghĩa. “not good” có thể bị hiểu kém nếu chỉ nhìn từ riêng; N-gram giữ cụm ngắn, embeddings biểu diễn quan hệ ngữ nghĩa.",Processing; Spark; scikit-learn,Domain 1,1.2,Transform Data • Text,Skill Builder,https://skillbuilder.aws/learn/3AHUUNMH2X/aws-ml-engineer-associate--data-transformation-and-feature-engineering/H2K74ZEHBM,14/09/2026
N-gram,"• Consecutive n tokens
• Local word order
• Phrase counts",Cụm n token liên tiếp,An n-gram is a sequence of n consecutive tokens used as a text feature.,"Nhóm n token đứng liên tiếp, giúp biểu diễn cụm từ và trật tự cục bộ.","Trượt cửa sổ kích thước n trên token sequence rồi đếm các nhóm. n=1 là unigram, n=2 bigram, n=3 trigram. Có thể kết hợp nhiều độ dài; vocabulary sẽ lớn hơn nên cần kiểm soát nhóm hiếm và bộ nhớ.","“great teachers and great facilities” → bigrams “great teachers”, “teachers and”, “and great”, “great facilities”.","Dùng khi cụm “friendly staff”, “long delays”, “not good” chứa tín hiệu mà count từng từ bỏ sót.","Giữ thứ tự trong phạm vi n token, không lưu toàn bộ cấu trúc câu hoặc tự hiểu đồng nghĩa. Tăng n quá lớn tạo nhiều feature hiếm và khó tổng quát.",Processing; Spark; scikit-learn,Domain 1,1.2,Transform Data • Text,Skill Builder,https://skillbuilder.aws/learn/3AHUUNMH2X/aws-ml-engineer-associate--data-transformation-and-feature-engineering/H2K74ZEHBM,14/09/2026
Temporal feature engineering,"• Time of day
• Day of week
• Seasonality",Tạo đặc trưng thời gian,Temporal feature engineering extracts useful calendar or history-based signals from time data.,"Chuyển timestamp hoặc chuỗi thời gian thành tín hiệu xu hướng, chu kỳ và lịch.","Parse thời gian nhất quán, quy định timezone, rồi tách giờ/ngày trong tuần/tháng/mùa hoặc tính khoảng cách giữa các mốc đã biết. Với lịch sử, aggregate phải dừng tại thời điểm dự đoán. Có thể cần biểu diễn chu kỳ thay vì mã số tuyến tính.","Ngày đăng bán → month, day_of_week, is_summer; hai mốc mua hàng → days_between_purchases.","Hữu ích cho nhu cầu theo mùa, hành vi theo giờ và các mô hình có phụ thuộc thời gian.",Không coi ngày 31 và ngày 1 luôn xa nhau về chu kỳ. Feature tính từ tương lai gây leakage dù phép trừ hoặc tổng hợp là hợp lệ về toán học.,Data Wrangler; Glue; Spark; Feature Store,Domain 1,1.2,Transform Data • Features,Skill Builder,https://skillbuilder.aws/learn/3AHUUNMH2X/aws-ml-engineer-associate--data-transformation-and-feature-engineering/H2K74ZEHBM,14/09/2026
Sparse vs dense text representation,"• Counts vs learned meaning
• Vocabulary axes vs embedding axes",Biểu diễn văn bản thưa và đặc,Sparse count vectors track token occurrences; dense embeddings encode learned relationships.,Vector count có nhiều số 0 theo vocabulary; embedding dùng các chiều học được để biểu diễn nội dung.,BoW/N-gram tạo trục gắn với từ/cụm từ nên dễ diễn giải nhưng phụ thuộc từ vựng. Embedding thường có số chiều cố định theo model và có thể đặt các diễn đạt đồng nghĩa gần nhau. Cách nào tốt hơn phụ thuộc mục tiêu và dữ liệu.,"“cancel subscription” và “end membership” ít chia sẻ từ nên BoW có thể xem là khác, còn embedding phù hợp có thể biểu diễn chúng gần nhau.","Chọn biểu diễn cho classification, retrieval hoặc clustering; cân bằng ngữ nghĩa, chi phí, khả năng giải thích và dữ liệu.",Dense không đồng nghĩa chắc chắn chính xác hơn. Vector sparse không phải dữ liệu thiếu; số 0 thường nghĩa token không xuất hiện.,Titan Embeddings; Processing; Spark,Domain 1,1.2,Transform Data • Text,Skill Builder,https://skillbuilder.aws/learn/3AHUUNMH2X/aws-ml-engineer-associate--data-transformation-and-feature-engineering/H2K74ZEHBM,14/09/2026
Text normalization for foundation models,"• Remove boilerplate
• Fix encoding
• Preserve meaning",Chuẩn hóa văn bản cho foundation model,Text normalization removes accidental noise while preserving the linguistic structure needed by a model.,Làm văn bản nhất quán mà giữ thông tin ngôn ngữ có ý nghĩa.,"Loại menu/header lặp, sửa encoding lỗi và khoảng trắng không cần thiết. Giữ dấu câu, thứ tự, phủ định và chữ hoa khi chúng có ý nghĩa. Kiểm tra output bằng mẫu thật trước khi áp dụng rộng.","Loại thanh điều hướng từ bài hỗ trợ nhưng giữ tiêu đề phần, dấu chấm và câu “do not delete”.","Dùng trước tokenization, chunking, embedding hoặc tạo dataset tùy chỉnh để giảm nhiễu.","Không mặc định xóa stop words hay lowercase mọi thứ như một số pipeline BoW. “Normalization” ở đây là xử lý văn bản, khác min-max scaling hoặc unit-vector normalization.",Glue; Processing; Bedrock Knowledge Bases,Domain 1,1.2,Transform Data • GenAI,Skill Builder,https://skillbuilder.aws/learn/3AHUUNMH2X/aws-ml-engineer-associate--data-transformation-and-feature-engineering/H2K74ZEHBM,14/09/2026
Context window,"• Token budget
• Input + output allocation
• Model-specific limit",Cửa sổ ngữ cảnh,A context window limits the tokens a model can consider in a request.,Giới hạn lượng token mô hình có thể xử lý trong ngữ cảnh một yêu cầu.,"Đếm bằng tokenizer tương thích model; dự trù cả instructions, lịch sử, dữ liệu truy xuất và phần output theo giới hạn của model/API. Văn bản dài cần rút phần không liên quan hoặc chia theo nhiệm vụ và ngữ nghĩa.","Transcript bị từ chối vì vượt token budget: kiểm tra tổng prompt và chia đoạn, thay vì chỉ giảm số MB của file.","Dùng khi chuẩn bị dữ liệu dài cho LLM, chọn chunk size và kiểm soát độ dài ví dụ.","Token không luôn bằng một từ, một ký tự hoặc một câu. Các model có tokenizer và giới hạn khác nhau; không lấy số token của model A áp nguyên cho model B.",Amazon Bedrock; embedding models,Domain 1,1.2,Transform Data • GenAI,Skill Builder,https://skillbuilder.aws/learn/3AHUUNMH2X/aws-ml-engineer-associate--data-transformation-and-feature-engineering/H2K74ZEHBM,14/09/2026
Domain-specific text augmentation,"• Paraphrase
• Synonym replacement
• Preserve label / meaning",Tăng cường văn bản theo chuyên ngành,Domain-specific augmentation creates varied examples while preserving task-relevant meaning.,Tạo thêm cách diễn đạt thực tế cho một miền chuyên môn mà giữ ý nghĩa và nhãn đúng.,"Có thể thay từ đồng nghĩa, paraphrase hoặc back-translation; bổ sung cách gọi, viết tắt và thuật ngữ thường gặp. Kiểm tra thủ công các ví dụ dễ đổi nghĩa, nhất là số liệu và phủ định. Tạo bản biến thể từ train để tránh trùng nội dung giữa các tập.","Từ câu hỏi dùng tên đầy đủ của một linh kiện, tạo thêm câu có viết tắt mà người dùng thật thường dùng.",Dùng khi dữ liệu chuyên ngành thiếu đa dạng cách diễn đạt và cần tăng độ bao phủ tình huống thực tế.,Augmentation không chỉ là tăng số dòng. Thay từ trong y khoa/kỹ thuật có thể đổi nghĩa; các bản paraphrase của cùng mẫu không nên rơi vào cả train và validation.,Amazon Bedrock; Amazon Translate; Processing,Domain 1,1.2,Transform Data • GenAI,Skill Builder,https://skillbuilder.aws/learn/3AHUUNMH2X/aws-ml-engineer-associate--data-transformation-and-feature-engineering/H2K74ZEHBM,14/09/2026
Back-translation,"• Translate out and back
• Alternative wording
• Semantic check",Dịch vòng để tạo biến thể,Back-translation rewrites text by translating it into another language and back.,Tạo cách diễn đạt mới bằng cách dịch sang ngôn ngữ trung gian rồi dịch trở lại.,"Chọn cặp ngôn ngữ phù hợp, dịch câu gốc qua ngôn ngữ trung gian và dịch về; so sánh với bản gốc để giữ nhãn, thực thể, số lượng, phủ định và ý nghĩa. Đây là một cách text augmentation.","Một câu hỏi hỗ trợ được diễn đạt lại qua bước Anh→ngôn ngữ trung gian→Anh, sau đó kiểm tra thuật ngữ sản phẩm.","Dùng để tăng biến thể ngôn ngữ khi dữ liệu train hạn chế và câu mới vẫn phản ánh workload.

Trong bài cân bằng text, back-translation tạo biến thể của mẫu minority; cần kiểm tra không làm đổi sentiment/label hoặc sai thuật ngữ miền. Chỉ thêm các biến thể vào train, không dùng như holdout độc lập.","Không bảo đảm giữ nghĩa, nhất là câu chuyên môn hoặc mơ hồ. Không dùng như bước bắt buộc cho mọi tài liệu RAG; biến thể không được làm sai nội dung nguồn.",Amazon Translate; Processing,Domain 1,1.2,Transform Data • GenAI,Skill Builder,"https://skillbuilder.aws/learn/3AHUUNMH2X/aws-ml-engineer-associate--data-transformation-and-feature-engineering/H2K74ZEHBM
https://skillbuilder.aws/learn/W9E1MCC15B/aws-ml-engineer-associate--validate-data-and-prepare-for-modeling/815QR5D1ZA",14/09/2026
Chunk overlap,"• Shared boundary text
• Context continuity
• Extra tokens",Phần nội dung chồng lấn giữa các đoạn,Chunk overlap repeats some boundary content across adjacent chunks.,Lặp lại một phần nội dung ở ranh giới hai chunk để giữ ngữ cảnh.,"Khi cắt văn bản thành đoạn, một câu hoặc định nghĩa có thể nằm ở ranh giới. Overlap giữ một phần đoạn trước trong đoạn sau; đổi lại tăng số token embedding, storage và khả năng trả kết quả trùng. Chọn theo nội dung và đo retrieval quality.",Chunk 500 token với overlap 50 token là cấu hình thử nghiệm; không phải chuẩn tối ưu áp dụng chung.,"Dùng khi đoạn cắt có thể làm mất liên kết giữa câu, điều kiện và phần giải thích.",Overlap không sửa mọi lỗi parsing hoặc chia bảng. Tỷ lệ quá lớn tốn chi phí; phân biệt phần trăm overlap và số token tuyệt đối theo công cụ.,Bedrock Knowledge Bases,Domain 1,1.2,Transform Data • RAG,Skill Builder,https://skillbuilder.aws/learn/3AHUUNMH2X/aws-ml-engineer-associate--data-transformation-and-feature-engineering/H2K74ZEHBM,14/09/2026
No chunking,"• One document = one chunk
• Short self-contained content",Không chia nhỏ tài liệu,No chunking treats each source document as a single retrieval unit.,Mỗi tài liệu đầu vào được xem là một chunk.,Phù hợp nếu mỗi file đã là một mục ngắn hoàn chỉnh hoặc đã được chia trước. Vẫn tạo embedding và index cho từng tài liệu; cần kiểm tra giới hạn input của embedding model và độ dài context khi retrieval.,Mỗi câu FAQ cùng câu trả lời nằm trong một file riêng; dùng nguyên file làm đơn vị truy xuất.,Dùng khi chia nhỏ tiếp sẽ tách câu hỏi khỏi câu trả lời hoặc làm mất ý nghĩa của một đơn vị ngắn.,"Không chunking không có nghĩa không embedding. Không chọn cho mọi manual dài; với Bedrock KB, no chunking có giới hạn về page-number citation/filter được nêu trong tài liệu.",Bedrock Knowledge Bases,Domain 1,1.2,Transform Data • RAG,Skill Builder,"https://skillbuilder.aws/learn/3AHUUNMH2X/aws-ml-engineer-associate--data-transformation-and-feature-engineering/H2K74ZEHBM
https://docs.aws.amazon.com/bedrock/latest/userguide/kb-chunking.html",14/09/2026
Retrieval metadata filtering,"• Source / date / category
• Filter scope
• Traceable citations",Lọc truy xuất bằng metadata,Metadata filtering restricts retrieval to documents that satisfy structured attributes.,Dùng thuộc tính gắn với tài liệu/chunk để giới hạn phạm vi kết quả.,"Trích source_id, title, product, version, date hoặc category ngay khi ingest và giữ chúng cùng chunk. Similarity tìm nội dung gần nghĩa, còn filter loại các phiên bản hoặc nhóm tài liệu không phù hợp. Metadata còn hỗ trợ truy nguồn câu trả lời.","Câu hỏi sản phẩm A chỉ tìm trong product=A và phiên bản tài liệu hiện hành, tránh kết quả gần nghĩa từ sản phẩm B.","Dùng khi corpus có nhiều sản phẩm, phiên bản hoặc loại tài liệu và cần câu trả lời có nguồn rõ.",Metadata sai hoặc thiếu có thể loại mất câu trả lời đúng. Bộ lọc tìm kiếm không thay thế kiểm soát truy cập; không coi tag do người dùng tự nhập là quyền đáng tin.,Bedrock Knowledge Bases; OpenSearch,Domain 1,1.2,Transform Data • RAG,Skill Builder,https://skillbuilder.aws/learn/3AHUUNMH2X/aws-ml-engineer-associate--data-transformation-and-feature-engineering/H2K74ZEHBM,14/09/2026
Prompt-response pairs,"• Input + desired output
• Consistent examples
• Task-specific labels",Cặp đầu vào và câu trả lời mục tiêu,Prompt-response pairs demonstrate the output expected for a given input.,Mỗi ví dụ gồm yêu cầu đầu vào và phản hồi chuẩn mà mô hình cần học.,"Biên soạn prompt phản ánh tình huống thật, response chính xác và nhất quán về định dạng/giọng văn. Kiểm tra nhãn, trùng lặp, nội dung nhạy cảm và các ví dụ mâu thuẫn; chuyển sang schema được model hỗ trợ.","Prompt là câu hỏi hỗ trợ; response là câu trả lời đã được duyệt, có format thống nhất.","Đầu vào điển hình của supervised fine-tuning; ở D1 tập trung chất lượng, cấu trúc và chia dataset.","Không phải corpus text thô cho continued pre-training. Một schema JSONL không dùng chung cho mọi model; số ví dụ tối thiểu/tối đa phải kiểm tra theo model.

Bổ sung validation: các phần bắt buộc hiện diện và không rỗng, style nhất quán, không lặp có chủ ý ngoài mục tiêu; đúng schema chưa chứng minh response đúng facts hoặc an toàn.",Amazon Bedrock; S3; Processing,Domain 1,1.2,Transform Data • Customization data,Skill Builder,"https://skillbuilder.aws/learn/3AHUUNMH2X/aws-ml-engineer-associate--data-transformation-and-feature-engineering/H2K74ZEHBM
https://docs.aws.amazon.com/bedrock/latest/userguide/model-customization-prepare.html
https://skillbuilder.aws/learn/W9E1MCC15B/aws-ml-engineer-associate--validate-data-and-prepare-for-modeling/815QR5D1ZA",14/09/2026
Fine-tuning dataset preparation,"• Labeled examples
• JSONL
• Quality over quantity
• Validation split",Chuẩn bị dữ liệu để tinh chỉnh mô hình,Fine-tuning data preparation curates task examples in the model's required format.,"Tạo tập ví dụ có nhãn đúng, đại diện và đúng định dạng cho bước fine-tuning.","Xác định hành vi mục tiêu, chọn các ví dụ đại diện, chuẩn hóa response, loại trùng/lỗi và xử lý PII. Tách validation độc lập, xuất JSONL một record mỗi dòng theo model, rồi kiểm tra schema, token length và quyền đọc S3.

Sau chuẩn bị định dạng P31, dùng P39 kiểm tra nhiều lớp: format → facts → safety → poisoning/provenance. Các lớp có thể chạy độc lập nhưng phải tổng hợp kết quả trước bàn giao training; sửa dữ liệu cần kiểm tra lại.",Tập câu hỏi hỗ trợ và đáp án được duyệt → train.jsonl và validation.jsonl; dữ liệu cùng hội thoại được giữ cùng một nhóm khi chia.,Dùng khi cần chuẩn bị đầu vào cho mô hình học cách trả lời/định dạng theo một tác vụ cụ thể.,"Chỉ chuẩn bị dataset ở D1; chọn chiến lược huấn luyện, siêu tham số và đánh giá model thuộc D2. Không xem “vài trăm/vài nghìn” là yêu cầu số lượng chung cho mọi model.",Amazon Bedrock; S3; Glue; Processing,Domain 1,1.2,Transform Data • Customization data,Skill Builder,"https://skillbuilder.aws/learn/3AHUUNMH2X/aws-ml-engineer-associate--data-transformation-and-feature-engineering/H2K74ZEHBM
https://docs.aws.amazon.com/bedrock/latest/userguide/model-customization-prepare.html
https://skillbuilder.aws/learn/W9E1MCC15B/aws-ml-engineer-associate--validate-data-and-prepare-for-modeling/815QR5D1ZA",14/09/2026
Continued pre-training corpus,"• Unlabeled domain text
• Broad corpus
• Deduplicate / govern",Kho văn bản cho tiếp tục tiền huấn luyện,A continued pre-training corpus contains clean unlabeled text from the target domain.,"Tập văn bản chuyên ngành không gắn cặp đáp án, dùng làm đầu vào cho continued pre-training.","Thu thập tài liệu có quyền sử dụng, giữ nguồn gốc, loại trùng và nội dung chất lượng thấp, xử lý dữ liệu nhạy cảm rồi định dạng theo yêu cầu model. Cần đủ độ bao phủ từ vựng và phong cách miền, không chỉ lặp nhiều bản của cùng tài liệu.","Manual kỹ thuật, tài liệu nội bộ và bài chuyên ngành được làm sạch thành corpus thống nhất.",Ở D1 dùng để nhận diện đúng loại dataset và cách chuẩn bị; mục tiêu downstream là thích nghi với ngôn ngữ/tri thức miền.,Unlabeled text khác prompt-response pairs. Không phải mọi model hỗ trợ continued pre-training; quá trình huấn luyện không tự bảo đảm giữ mọi năng lực ban đầu.,Amazon Bedrock; S3; Glue; Processing,Domain 1,1.2,Transform Data • Customization data,Skill Builder,https://skillbuilder.aws/learn/3AHUUNMH2X/aws-ml-engineer-associate--data-transformation-and-feature-engineering/H2K74ZEHBM,14/09/2026
Distillation input prompts,"• Representative workload
• Teacher-generated responses
• JSONL prompts",Prompt đầu vào cho chưng cất mô hình,Distillation prompts represent tasks used to obtain teacher responses for a student model.,"Tập prompt đại diện tác vụ thực tế, dùng để tạo dữ liệu học từ mô hình teacher.","Chọn câu hỏi theo phân bố workload thật, kiểm tra độ đa dạng và các trường hợp khó, loại PII và xuất schema JSONL được hỗ trợ. Teacher sinh response cho student học; có thể có golden examples hoặc dữ liệu log theo workflow được hỗ trợ.","Lấy các nhóm câu hỏi hỗ trợ thường gặp và tình huống hiếm quan trọng, chuẩn bị prompts có nguồn gốc rõ ràng.","Chuẩn bị dữ liệu phục vụ mục tiêu có model nhỏ hơn, nhanh hơn, rẻ hơn; phần chạy distillation được học ở D2.",Không phải chỉ nén file trọng số. Teacher cũng có thể sai; prompt không đại diện sẽ làm student kém trên tình huống chưa được bao phủ.,Amazon Bedrock Model Distillation; S3,Domain 1,1.2,Transform Data • Customization data,Skill Builder,"https://skillbuilder.aws/learn/3AHUUNMH2X/aws-ml-engineer-associate--data-transformation-and-feature-engineering/H2K74ZEHBM
https://docs.aws.amazon.com/bedrock/latest/userguide/model-distillation.html",14/09/2026
Redaction,"• Remove sensitive value
• Placeholder
• No original in output",Xóa hoặc thay nội dung nhạy cảm bằng ký hiệu,"Redaction removes sensitive spans from the released text, often replacing them with placeholders.","Loại giá trị nhạy cảm khỏi bản đầu ra, thường thay bằng nhãn hoặc chuỗi che.","Phát hiện vị trí và loại dữ liệu nhạy cảm, thay span bằng {NAME}, {EMAIL} hoặc ký hiệu; kiểm tra output không còn bản gốc. Giữ cấu trúc cần thiết cho ML nhưng quản lý riêng bản gốc, log và metadata nếu vẫn chứa dữ liệu nhạy cảm.",“Liên hệ An tại an@example.com” → “Liên hệ {NAME} tại {EMAIL}”.,Dùng khi cần giữ nội dung nghiệp vụ xung quanh nhưng không cho người đọc hay mô hình thấy định danh gốc.,Redaction một vài field không chứng minh toàn bộ dataset đã anonymized; định danh gián tiếp có thể còn. Bản đầu ra sạch không có nghĩa source/log đã được xử lý.,DataBrew; Comprehend; Bedrock Guardrails,Domain 1,1.3,Transform Data • Privacy,Skill Builder,https://skillbuilder.aws/learn/3AHUUNMH2X/aws-ml-engineer-associate--data-transformation-and-feature-engineering/H2K74ZEHBM,14/09/2026
Pseudonymization,"• Replace identifiers
• Separate mapping / key
• Re-identifiable",Giả danh hóa,Pseudonymization substitutes identifiers while retaining a separately protected way to reconnect records.,Thay định danh bằng mã giả nhưng vẫn có thể liên kết hoặc khôi phục bằng thông tin được giữ riêng.,"Tạo mapping/token phù hợp mục tiêu, giữ bảng ánh xạ hoặc khóa ở nơi được hạn chế quyền. Mã giả ổn định hỗ trợ liên kết nhiều record của một thực thể mà không dùng trực tiếp tên hay mã thật.",customer_id thật → customer_token; bảng mapping được quản lý riêng khỏi dataset phân tích.,Dùng khi cần phân tích theo thực thể hoặc liên kết record mà vẫn hạn chế việc lộ định danh trực tiếp.,Không phải anonymization không thể đảo ngược. Token hóa định danh bảo mật khác tokenization chia văn bản cho LLM; hash đơn giản của giá trị dễ đoán có thể bị dò ngược.,DataBrew; Processing; KMS,Domain 1,1.3,Transform Data • Privacy,Skill Builder,https://skillbuilder.aws/learn/3AHUUNMH2X/aws-ml-engineer-associate--data-transformation-and-feature-engineering/H2K74ZEHBM,14/09/2026
Protected health information (PHI),"• Identifiable health information
• Clinical data
• Additional identifiers",Thông tin sức khỏe có thể định danh,PHI refers to identifiable health information within the applicable privacy framework.,Thông tin sức khỏe gắn với hoặc có thể dùng để xác định một cá nhân trong phạm vi quy định áp dụng.,"Trong ôn thi, nhận diện hồ sơ y tế, kết quả xét nghiệm hoặc thanh toán chăm sóc sức khỏe gắn với người bệnh là dữ liệu nhạy cảm. Cần xác định cả tên/mã trực tiếp và các thuộc tính có thể liên kết lại trước khi phát hành dataset.","Ghi chú lâm sàng chứa tên, ngày khám, địa chỉ và mã bệnh nhân; chỉ xóa tên có thể chưa loại hết khả năng nhận diện.",Dùng để chọn công cụ phát hiện PHI và thiết kế kiểm tra chất lượng bản dữ liệu đã xử lý.,"Phân loại PHI theo luật có điều kiện về chủ thể và bối cảnh; không suy ra mọi từ chỉ bệnh đều là định danh. DetectPHI nhận diện các entity liên quan, không tự chứng nhận dataset tuân thủ.",Amazon Comprehend Medical; S3; KMS,Domain 1,1.3,Transform Data • Privacy,Skill Builder,"https://skillbuilder.aws/learn/3AHUUNMH2X/aws-ml-engineer-associate--data-transformation-and-feature-engineering/H2K74ZEHBM
https://docs.aws.amazon.com/comprehend-medical/latest/dev/textanalysis-phi.html",14/09/2026
Missing completely at random (MCAR),"• Missing independent of data
• Accidental missingness
• Check collection process",Thiếu hoàn toàn ngẫu nhiên,Missingness is unrelated to observed values or to the missing values themselves.,Khả năng thiếu không phụ thuộc các giá trị quan sát được lẫn chính giá trị đang thiếu.,"Đây là giả định về cơ chế tạo missingness, không phải tên một kỹ thuật điền dữ liệu. Nếu sự cố ngẫu nhiên làm mất bản ghi bất kể người dùng hay giá trị, dữ liệu còn lại có thể vẫn đại diện, nhưng số mẫu giảm.","Một lỗi truyền ngẫu nhiên làm thất lạc câu trả lời, với xác suất như nhau ở mọi nhóm và mọi mức câu trả lời. Chỉ gọi MCAR khi giả định độc lập này hợp lý.",Cân nhắc loại một lượng nhỏ dữ liệu thiếu khi mất mát thông tin chấp nhận được; vẫn so sánh phân phối trước/sau và kiểm tra nguồn.,Việc người dùng bỏ câu hỏi không tự chứng minh MCAR: họ có thể bỏ vì câu trả lời nhạy cảm. Không suy cơ chế chỉ từ tỷ lệ NULL.,Data Wrangler; pandas,Domain 1,1.3,Validate Data • Missingness,Skill Builder,https://skillbuilder.aws/learn/W9E1MCC15B/aws-ml-engineer-associate--validate-data-and-prepare-for-modeling/815QR5D1ZA,14/09/2026
Missing at random (MAR),"• Depends on observed data
• Conditional missingness
• Use observed predictors",Thiếu ngẫu nhiên có điều kiện,"After conditioning on observed variables, missingness does not depend on the missing value itself.","Sau khi xét các biến đã quan sát, việc thiếu không còn phụ thuộc chính giá trị bị thiếu.",MAR cho phép missingness liên quan đến thông tin đã có. Xác định các biến quan sát giải thích cơ chế thiếu rồi chọn imputation thích hợp; thuật ngữ random không có nghĩa hoàn toàn độc lập mọi dữ liệu.,"Điểm kiểm tra thiếu liên quan tình trạng vắng mặt đã được ghi lại; chỉ xem là MAR nếu sau khi xét các biến quan sát, việc thiếu không còn phụ thuộc điểm chưa biết.",Phân tích missing-rate theo nhóm/thời gian/nguồn và dùng các biến quan sát phù hợp khi xây imputer; học imputer trong train.,"Ví dụ vắng mặt chỉ minh họa có điều kiện, không bảo đảm MAR. Nếu học sinh vắng vì mức điểm dự kiến chưa quan sát được, có thể vẫn MNAR.",Data Wrangler; Processing; pandas,Domain 1,1.3,Validate Data • Missingness,Skill Builder,https://skillbuilder.aws/learn/W9E1MCC15B/aws-ml-engineer-associate--validate-data-and-prepare-for-modeling/815QR5D1ZA,14/09/2026
Missing not at random (MNAR),"• Depends on missing value
• Informative missingness
• Investigate mechanism",Thiếu không ngẫu nhiên,Missingness still depends on an unobserved or missing value after accounting for observed data.,Khả năng thiếu vẫn phụ thuộc giá trị chưa quan sát hoặc chính giá trị bị thiếu sau khi xét thông tin đã có.,"Missingness có thể chứa tín hiệu nghiệp vụ. Cần tìm nguyên nhân thu thập, bổ sung nguồn nếu có thể và đánh giá các giả định thay vì điền một thống kê chung rồi cho rằng vấn đề đã hết.","Người có thu nhập rất cao có xu hướng không khai thu nhập, kể cả sau khi xét các thuộc tính đã ghi nhận. Median của người có khai có thể không đại diện nhóm bị thiếu.",Điều tra dữ liệu tài chính/khảo sát có thiếu mang tính hệ thống; cân nhắc missing indicator và đánh giá độ nhạy của kết quả theo cách xử lý.,Không thể biết chính xác giá trị thật chỉ vì nhận ra MNAR. Điền mean/median hoặc bỏ dòng có thể giữ lại hay làm tăng bias.,Processing; Data Wrangler,Domain 1,1.3,Validate Data • Missingness,Skill Builder,https://skillbuilder.aws/learn/W9E1MCC15B/aws-ml-engineer-associate--validate-data-and-prepare-for-modeling/815QR5D1ZA,14/09/2026
Mean,"• Arithmetic average
• Sensitive to extremes
• Sum / count",Trung bình cộng,The arithmetic mean is the sum of numeric observations divided by their count.,Trung bình cộng bằng tổng các quan sát số chia cho số quan sát.,"Mỗi giá trị đều ảnh hưởng trực tiếp nên một điểm rất lớn/nhỏ có thể kéo mean lệch xa phần lớn dữ liệu. Có ích để mô tả mức trung bình, đặc biệt khi phân phối tương đối đối xứng.","[10, 11, 12, 13, 104] có mean = 150/5 = 30, trong khi phần lớn giá trị quanh 10–13. Đây là ví dụ tự tính để so sánh với median.",Có thể dùng mean imputation cho numeric nếu phù hợp phân phối; mean dùng để điền phải tính từ train.,Không dùng mean cho mã danh mục vì phép cộng mã thường không có ý nghĩa. Mean không phải lựa chọn robust khi có đuôi dài/outlier.,pandas; Data Wrangler; DataBrew,Domain 1,1.2,Validate Data • Outliers,Skill Builder,https://skillbuilder.aws/learn/W9E1MCC15B/aws-ml-engineer-associate--validate-data-and-prepare-for-modeling/815QR5D1ZA,14/09/2026
Median,"• Middle sorted value
• Robust central tendency
• Skew / outliers",Trung vị,"The median is the middle value of ordered observations, or the mean of the two middle values for an even count.","Trung vị là giá trị ở giữa dãy đã sắp xếp; nếu có số phần tử chẵn, lấy trung bình hai giá trị giữa.","Median phụ thuộc thứ tự hơn là độ lớn tuyệt đối của từng cực trị nên ít bị kéo bởi một outlier. Thường hữu ích với thu nhập, thời lượng và dữ liệu lệch.","[10, 11, 12, 13, 104] có median = 12; đổi 104 thành 1.004 vẫn có median 12. [10, 12, 14, 100] có median = 13.",Mô tả giá trị điển hình và điền numeric bị thiếu khi cần ít nhạy với extreme values; fit median trên train.,Median không tự loại outlier và không giải quyết việc trộn nhiều quần thể khác nhau. Phải xét nhóm dữ liệu và mục tiêu thay vì luôn chọn median.,pandas; Data Wrangler; DataBrew,Domain 1,1.2,Validate Data • Outliers,Skill Builder,https://skillbuilder.aws/learn/W9E1MCC15B/aws-ml-engineer-associate--validate-data-and-prepare-for-modeling/815QR5D1ZA,14/09/2026
Mode,"• Most frequent value
• Categorical imputation
• Majority dominance",Giá trị xuất hiện nhiều nhất,The mode is a value occurring with the greatest frequency in a dataset.,Mode là giá trị có tần suất xuất hiện cao nhất trong tập dữ liệu.,Dùng được cho categorical vì không cần thứ tự hay phép cộng. Có thể có nhiều mode khi tần suất cao nhất bằng nhau; quy tắc xử lý hòa cần nhất quán.,"[red, red, blue, green] có mode red. Missing category có thể được điền red nếu phù hợp, hoặc dùng Unknown để giữ tín hiệu thiếu.",Một chiến lược phổ biến để impute categorical; chỉ lấy mode từ training data.,Điền tất cả missing bằng lớp phổ biến làm nhóm đó càng áp đảo; cân nhắc cơ chế thiếu và không điền target label tùy tiện.,pandas; Data Wrangler,Domain 1,1.2,Validate Data • Missingness,Skill Builder,https://skillbuilder.aws/learn/W9E1MCC15B/aws-ml-engineer-associate--validate-data-and-prepare-for-modeling/815QR5D1ZA,14/09/2026
Natural outlier,"• Valid extreme
• Preserve useful signal
• Context before removal","Ngoại lai tự nhiên, có thật",A natural outlier is an unusual observation that accurately reflects a real event or entity.,Quan sát cực trị nhưng phản ánh đúng một sự kiện hoặc thực thể có thật.,"Kiểm tra tính hợp lý bằng nguồn và nghiệp vụ. Có thể giữ, biến đổi log hoặc dùng phương pháp robust để giảm ảnh hưởng; lựa chọn phụ thuộc tín hiệu model cần học.",Mức lương 3.000.000 USD/năm hiếm nhưng có thể đúng. Xóa vì lớn hơn mọi người khác có thể làm mất nhóm thu nhập cao cần dự đoán.,"Khi extreme value được xác nhận hợp lệ hoặc là chính hiện tượng quan tâm, như giao dịch hiếm hoặc thiết bị sắp hỏng.",Không đồng nhất rare với wrong. Biến đổi/capping cũng làm thay đổi tín hiệu và phải được đánh giá trên dữ liệu giữ riêng.,Data Wrangler; Processing,Domain 1,1.2,Validate Data • Outliers,Skill Builder,https://skillbuilder.aws/learn/W9E1MCC15B/aws-ml-engineer-associate--validate-data-and-prepare-for-modeling/815QR5D1ZA,14/09/2026
Artificial outlier,"• Collection or entry error
• Verify / correct
• Invalid extreme",Ngoại lai do lỗi,"An artificial outlier is an extreme observation introduced by an error in collection, measurement, or entry.","Giá trị cực trị sinh ra do lỗi thu thập, đo lường hoặc nhập liệu.","Đối chiếu nguồn, đơn vị và vị trí cột trước. Nếu biết giá trị đúng thì sửa; nếu không thì đánh dấu missing hoặc loại phần không dùng được theo quy tắc được ghi lại.",Tuổi 154 trong khảo sát thông thường là dấu hiệu cần kiểm tra. Giá trị có kiểu số hợp lệ nhưng vẫn có thể sai nghiệp vụ; bài minh họa loại dữ liệu lỗi.,Làm sạch trước profiling/balance để các lỗi không làm sai phân phối và thống kê imputation.,Không áp một ngưỡng tuổi cứng cho mọi bài toán. Một ô sai không mặc định buộc xóa cả dòng có nhiều thông tin hữu ích.,Data Wrangler; DataBrew,Domain 1,1.2,Validate Data • Outliers,Skill Builder,https://skillbuilder.aws/learn/W9E1MCC15B/aws-ml-engineer-associate--validate-data-and-prepare-for-modeling/815QR5D1ZA,14/09/2026
Data validity / conformance,"• Expected type and range
• Format rules
• Valid ≠ accurate",Tính hợp lệ theo quy tắc,"Validity describes whether data conforms to specified types, formats, ranges, and allowed values.","Dữ liệu hợp lệ khi tuân thủ kiểu, định dạng, miền giá trị và ràng buộc đã đặt ra.","Biến yêu cầu thành rule: ngày parse được, state thuộc tập cho phép, amount nằm trong miền phù hợp. Validation có thể chạy trước/sau transform vì ép kiểu và join có thể tạo lỗi mới.",State='Masters/PhD' sai miền danh mục dù là chuỗi hợp lệ. Age=154 có thể qua kiểm tra numeric nhưng cần kiểm tra plausibility nghiệp vụ.,Lọc lỗi cấu trúc và giá trị trước bàn giao training dataset; kiểm tra cả schema lẫn nội dung.,Đúng schema không chứng minh đúng thực tế: ngày sinh sai nhưng vẫn đúng định dạng vẫn có thể pass. Không nhập giá trị đoán để làm rule pass.,AWS Glue Data Quality; DataBrew,Domain 1,1.3,Validate Data • Quality,Skill Builder,https://skillbuilder.aws/learn/W9E1MCC15B/aws-ml-engineer-associate--validate-data-and-prepare-for-modeling/815QR5D1ZA,14/09/2026
Uniqueness,"• No unintended repetition
• Defined key
• Duplicate checks",Tính duy nhất,Uniqueness means that records or key values do not repeat where the data contract requires one occurrence.,Bản ghi hoặc khóa không lặp ở nơi quy tắc dữ liệu yêu cầu chỉ xuất hiện một lần.,"Xác định đơn vị cần duy nhất: response_id, event_id hoặc khóa ghép. Khóa đúng phụ thuộc grain của dataset; kiểm tra uniqueness khác với kiểm tra completeness.",Một survey response bị nhập hai lần từ web và mailer chỉ nên được tính một lần; cùng customer có nhiều giao dịch thật vẫn hợp lệ.,"DQ rule để phát hiện trùng gây lệch tần suất, tăng storage và tạo leakage giữa train/test.",Distinct count và số hàng unique không phải lúc nào cùng đại lượng. Customer_id không cần unique trong bảng sự kiện; đừng xóa lịch sử hợp lệ.,AWS Glue Data Quality; Glue; pandas,Domain 1,1.3,Validate Data • Quality,Skill Builder,https://skillbuilder.aws/learn/W9E1MCC15B/aws-ml-engineer-associate--validate-data-and-prepare-for-modeling/815QR5D1ZA,14/09/2026
Data reliability,"• Trustworthy data process
• Repeatable checks
• Consistent collection",Độ tin cậy của dữ liệu,"Data reliability concerns whether data and the process producing it can be trusted to give consistent, dependable information.","Mức đáng tin của dữ liệu và quy trình tạo ra nó trong việc cung cấp thông tin ổn định, có thể kiểm chứng.","Theo dõi nguồn, cách đo, phiên bản, lỗi thu thập và kết quả validation qua nhiều lần chạy. Sự nhất quán của quy trình giúp giải thích và tái lập các bước chuẩn bị dữ liệu.","Cùng định nghĩa doanh thu, cùng phiên bản nguồn và transformation cho phép đối soát kết quả ETL giữa các lần chạy.","Đánh giá mức tin cậy trước training; kết hợp accuracy, completeness và consistency thay vì chỉ kiểm tra file đọc được.",Reliable data không bảo đảm model cho chất lượng giống nhau ở mọi môi trường hoặc khi phân phối thay đổi. Đừng nhầm reliability với accuracy của một dự đoán.,Glue Data Quality; CloudWatch; Data Catalog,Domain 1,1.3,Validate Data • Integrity,Skill Builder,https://skillbuilder.aws/learn/W9E1MCC15B/aws-ml-engineer-associate--validate-data-and-prepare-for-modeling/815QR5D1ZA,14/09/2026
Data security for validation,"• Access control
• Encryption
• Protect against tampering",Bảo vệ dữ liệu trong quá trình kiểm định,"Data security protects data from unauthorized access, modification, disclosure, or corruption.","Bảo vệ dữ liệu khỏi đọc, sửa, tiết lộ hoặc phá hỏng trái phép trong suốt vòng đời.","Giới hạn quyền đến raw/cleaned datasets, mã hóa khi lưu/truyền, xử lý PII và bảo vệ log/output. Kiểm định phải xét cả dữ liệu đúng và quyền xử lý dữ liệu đó.",Annotator chỉ nhận phần dữ liệu cần gán nhãn; bản xuất huấn luyện không chứa định danh không cần thiết; ghi nguồn và phiên bản cho audit.,"Có dữ liệu nhạy cảm, nhiều team cùng xử lý hoặc corpus có nguy cơ bị sửa/đầu độc.",Mã hóa không sửa nội dung sai và masking không tự làm dữ liệu hoàn toàn ẩn danh. Shared responsibility yêu cầu bạn cấu hình quyền và kiểm tra đầu ra.,IAM; KMS; S3; Comprehend,Domain 1,1.3,Validate Data • Integrity,Skill Builder,https://skillbuilder.aws/learn/W9E1MCC15B/aws-ml-engineer-associate--validate-data-and-prepare-for-modeling/815QR5D1ZA,14/09/2026
Data Quality Definition Language (DQDL),"• Ruleset
• Case-sensitive rules
• Pass / fail",Ngôn ngữ định nghĩa chất lượng dữ liệu,DQDL is the rule language used by AWS Glue Data Quality to express checks on datasets.,DQDL diễn đạt những điều kiện chất lượng có thể thực thi bằng AWS Glue Data Quality.,"Một ruleset chứa các rule có tên và tham số đúng cú pháp; kết quả dùng để báo cáo và điều khiển pipeline. Chọn rule phù hợp cột, nghiệp vụ và mức chấp nhận.","Rules = [IsComplete ""record_id"", IsUnique ""record_id""] yêu cầu khóa có mặt và không trùng. Đây là hai yêu cầu độc lập.","Biến kiểm tra thủ công thành kiểm tra tự động, lặp lại và quản lý phiên bản trước bước xuất dữ liệu train.",DQDL phân biệt chữ hoa/chữ thường. Rule pass không chứng minh dataset không bias; rule fail chỉ chặn job nếu hành vi chặn được cấu hình.,AWS Glue Data Quality,Domain 1,1.3,Validate Data • Quality,Skill Builder,"https://skillbuilder.aws/learn/W9E1MCC15B/aws-ml-engineer-associate--validate-data-and-prepare-for-modeling/815QR5D1ZA
https://docs.aws.amazon.com/glue/latest/dg/dqdl.html",14/09/2026
Data labeling / annotation,"• Add target or metadata
• Supervised examples
• Clear instructions",Gán nhãn và chú thích dữ liệu,Annotation adds labels or metadata to raw data; supervised datasets need labels aligned with the intended prediction task.,Bổ sung nhãn hoặc metadata cho dữ liệu thô; nhãn supervised phải phù hợp mục tiêu cần dự đoán.,"Chọn đơn vị gán nhãn, taxonomy, hướng dẫn và ví dụ biên; tổ chức workforce, QA và lưu liên kết chính xác giữa input với annotation. Nhãn tốt là điều kiện học hữu ích.",Image classification gán lớp cho cả ảnh; detection cần hộp; segmentation cần mask. Với text có thể gán sentiment hoặc đánh dấu entity spans.,Khi có raw inputs nhưng chưa có target/annotation đáng tin cho supervised learning.,Nhãn do người tạo không tự là sự thật tuyệt đối. Label noise và bias trong lịch sử có thể được model học lại.,Managed labeling workflow; S3; SageMaker Ground Truth,Domain 1,1.2,Validate Data • Labeling,Skill Builder,https://skillbuilder.aws/learn/W9E1MCC15B/aws-ml-engineer-associate--validate-data-and-prepare-for-modeling/815QR5D1ZA,14/09/2026
Image classification annotation,"• One image → class
• Image-level label
• Category taxonomy",Nhãn phân loại toàn ảnh,Image classification annotation assigns one or more class labels to an entire image.,Gán một hoặc nhiều lớp cho toàn bộ ảnh theo yêu cầu bài toán.,Xây tập danh mục rõ ràng và chọn single-label hay multi-label đúng nhiệm vụ. Annotator nhìn ảnh và gán lớp; không cần tọa độ nếu chỉ hỏi loại ảnh.,Ảnh catalog sản phẩm được gán Shoes hoặc Bags; ảnh có nhiều loại đối tượng có thể cần multi-label nếu mục tiêu yêu cầu.,Chuẩn bị training data cho phân loại ảnh hoặc lọc ảnh theo nội dung tổng thể.,"Có tên đối tượng không có nghĩa đã biết vị trí. Nếu cần định vị từng vật thể, nhãn image-level không đủ; chọn bounding boxes hoặc masks.",Managed labeling; Ground Truth,Domain 1,1.2,Validate Data • Labeling,Skill Builder,https://skillbuilder.aws/learn/W9E1MCC15B/aws-ml-engineer-associate--validate-data-and-prepare-for-modeling/815QR5D1ZA,14/09/2026
Bounding box annotation,"• Object location
• Rectangular box
• Class + coordinates",Chú thích hộp bao vật thể,Bounding box annotation identifies an object's class and rectangular location within an image.,Gán loại đối tượng cùng hình chữ nhật mô tả vị trí đối tượng trong ảnh.,"Mỗi đối tượng được đánh dấu hộp theo quy ước bao phủ/occlusion; lưu class, coordinates và image dimensions. Đổi kích thước/crop ảnh phải cập nhật hộp tương ứng.","Ảnh đường phố có 3 ô tô → 3 bounding boxes với nhãn car, phục vụ object detection.",Khi model cần biết vật gì ở đâu nhưng không cần đường biên chính xác từng pixel.,Bounding box không phải segmentation mask. Sai hệ tọa độ hoặc bỏ sót đối tượng làm nhãn hỏng dù JSON vẫn parse được.,Managed labeling; Ground Truth,Domain 1,1.2,Validate Data • Labeling,Skill Builder,https://skillbuilder.aws/learn/W9E1MCC15B/aws-ml-engineer-associate--validate-data-and-prepare-for-modeling/815QR5D1ZA,14/09/2026
Semantic segmentation annotation,"• Pixel-level labels
• Segmentation mask
• Dense annotation",Gán nhãn ngữ nghĩa từng pixel,Semantic segmentation annotation assigns a semantic class to each pixel in an image.,"Mỗi pixel được gán một lớp ngữ nghĩa, thường biểu diễn bằng mask.",Annotator tô vùng theo taxonomy như road/person/car; mask phải khớp kích thước và biến đổi của ảnh gốc. Đây là chuẩn bị nhãn ở Domain 1.,"Để hiểu từng vùng đường đi, gán pixel thuộc đường, vỉa hè và người; hộp chữ nhật không biểu diễn đủ đường biên.","Cần dữ liệu train cho dự đoán lớp từng pixel, như ảnh y khoa hoặc phân tích cảnh.","Semantic segmentation phân lớp pixel, không mặc định phân biệt từng instance cùng lớp. Chọn/huấn luyện thuật toán là phạm vi D2; ở đây giữ phần annotation.",Managed labeling; Ground Truth,Domain 1,1.2,Validate Data • Labeling,Skill Builder,https://skillbuilder.aws/learn/W9E1MCC15B/aws-ml-engineer-associate--validate-data-and-prepare-for-modeling/815QR5D1ZA,14/09/2026
Named entity recognition annotation,"• Entity spans
• Person / organization / location
• Offset alignment",Chú thích thực thể có tên,NER annotation marks spans of text and assigns entity types to those spans.,Đánh dấu đoạn ký tự/token trong văn bản và gán loại thực thể cho từng đoạn.,"Quy định entity types, cách xử lý tên lồng nhau và ranh giới span. Giữ encoding và offsets nhất quán; sửa văn bản sau khi gán nhãn phải cập nhật vị trí.","Trong “Lan works at ExampleCo in Hanoi”, gán Lan→PERSON, ExampleCo→ORG, Hanoi→LOCATION.",Chuẩn bị supervised text data cho trích xuất thực thể; QA cả loại thực thể lẫn ranh giới.,NER tổng quát không đồng nghĩa PII detection; không phải mọi entity đều nhạy cảm và không phải mọi PII đều là tên riêng.,Managed labeling; Amazon Comprehend,Domain 1,1.2,Validate Data • Labeling,Skill Builder,https://skillbuilder.aws/learn/W9E1MCC15B/aws-ml-engineer-associate--validate-data-and-prepare-for-modeling/815QR5D1ZA,14/09/2026
Public crowdsourced workforce,"• Large on-demand pool
• Non-sensitive tasks
• Cost / scale",Lực lượng gán nhãn cộng đồng,A public workforce distributes annotation tasks to an on-demand crowd outside your organization.,Giao tác vụ gán nhãn cho cộng đồng người làm theo nhu cầu ngoài tổ chức.,"Phù hợp công việc phổ thông, dữ liệu công khai và khối lượng lớn. Cần hướng dẫn rõ, QA, nhiều người đánh giá khi thích hợp và cân đối chi phí mỗi item.","Phân loại ảnh catalog công khai không có dữ liệu nhạy cảm, không cần chuyên môn sâu → phương án public workforce trong bài.","Nhận diện câu hỏi nhấn mạnh scalable, cost-effective, non-sensitive labeling; so với đội nội bộ hoặc vendor chuyên môn.","Không chọn chỉ vì giá rẻ khi dữ liệu bí mật. Theo docs ngày 14/09/2026, MTurk dự kiến đóng vĩnh viễn 30/09/2026; nguyên tắc workforce trong bài vẫn cần nhớ, khả năng triển khai phải kiểm tra riêng.",Managed labeling; Ground Truth workforce,Domain 1,1.2,Validate Data • Labeling,Skill Builder,"https://skillbuilder.aws/learn/W9E1MCC15B/aws-ml-engineer-associate--validate-data-and-prepare-for-modeling/815QR5D1ZA
https://docs.aws.amazon.com/sagemaker/latest/dg/sms-workforce-management.html",14/09/2026
Private workforce,"• Own employees / contractors
• Controlled access
• Domain expertise",Lực lượng gán nhãn riêng,A private workforce consists of selected employees or contractors assigned to restricted annotation work.,Nhóm nhân viên hoặc nhà thầu được lựa chọn để làm tác vụ chú thích có kiểm soát truy cập.,Bạn quản lý người dùng/team và cấp quyền theo nhu cầu; phù hợp dữ liệu bí mật hoặc yêu cầu kiến thức miền. Vẫn cần guideline và kiểm định nhãn.,Chuyên gia của tổ chức chú thích hồ sơ nội bộ chỉ trong phạm vi được cấp quyền; ẩn trường định danh không cần thiết.,"Câu hỏi nhấn mạnh confidentiality, access control hoặc chuyên môn có sẵn trong tổ chức.","Private không tự bảo đảm tuân thủ hay nhãn chính xác; nhà thầu vẫn là người được chia sẻ dữ liệu, cần phạm vi truy cập phù hợp.",Ground Truth private workforce; Cognito / OIDC,Domain 1,1.2,Validate Data • Labeling,Skill Builder,"https://skillbuilder.aws/learn/W9E1MCC15B/aws-ml-engineer-associate--validate-data-and-prepare-for-modeling/815QR5D1ZA
https://docs.aws.amazon.com/sagemaker/latest/dg/sms-workforce-management.html",14/09/2026
Vendor workforce,"• Specialized labelers
• Managed external team
• Scale + expertise",Lực lượng gán nhãn từ nhà cung cấp,A vendor workforce is a third-party labeling organization that supplies and manages trained annotators.,Công ty bên thứ ba cung cấp và quản lý đội ngũ gán nhãn đã được đào tạo.,"Bạn định nghĩa nhiệm vụ, chuẩn chất lượng, dữ liệu được phép truy cập và đánh giá kết quả; vendor tổ chức nhân lực theo hợp đồng và phạm vi dự án.",Dự án chú thích công nghiệp lớn cần chuyên môn nhưng tổ chức không muốn tự tuyển và quản lý toàn bộ annotators.,"Cần người gán nhãn được đào tạo ở quy mô lớn; đánh đổi chi phí, chuyên môn và công vận hành.","Vendor không mặc định rẻ nhất hay được phép xem mọi dữ liệu. Phải đánh giá năng lực miền, bảo mật và quy trình QA.",Managed labeling; Ground Truth workforce,Domain 1,1.2,Validate Data • Labeling,Skill Builder,"https://skillbuilder.aws/learn/W9E1MCC15B/aws-ml-engineer-associate--validate-data-and-prepare-for-modeling/815QR5D1ZA
https://docs.aws.amazon.com/sagemaker/latest/dg/sms-workforce-management.html",14/09/2026
Annotation consolidation,"• Multiple annotators
• Consensus label
• Quality–cost trade-off",Hợp nhất kết quả gán nhãn,Consolidation combines several annotations for the same item into a final label or annotation.,Tổng hợp nhiều câu trả lời cho một item thành nhãn hoặc annotation cuối cùng.,Nhiều người độc lập gán nhãn giúp phát hiện bất đồng; có thể dùng majority vote hoặc phương pháp có trọng số/phù hợp loại task. Case mơ hồ cần adjudication theo guideline.,"Ba annotators chọn cat, cat, dog → đa số là cat; với hộp hoặc mask cần cách hợp nhất hình học phù hợp, không chỉ đếm tên nhãn.",Tăng độ tin cậy của dataset và tìm guideline chưa rõ; thêm annotators thường tăng chi phí nên chọn mức phù hợp.,Cả nhóm có thể cùng mắc một lỗi hệ thống; consensus không chứng minh nhãn đúng. Không dùng majority vote máy móc cho mọi dạng annotation.,Managed labeling; Ground Truth,Domain 1,1.2,Validate Data • Labeling,Skill Builder,https://skillbuilder.aws/learn/W9E1MCC15B/aws-ml-engineer-associate--validate-data-and-prepare-for-modeling/815QR5D1ZA,14/09/2026
Active learning for labeling,"• Uncertain items → humans
• Confident items → auto-label
• Iterative improvement",Học chủ động để hỗ trợ gán nhãn,Active learning selects informative or uncertain examples for human annotation and uses the resulting labels to improve the labeling model.,"Chọn mẫu khó hoặc chưa chắc chắn để con người gán nhãn, rồi dùng nhãn mới cải thiện model hỗ trợ gán nhãn.",Bắt đầu với mẫu đã gán bởi người; train/validate auto-labeler; tự gán các item đạt ngưỡng tin cậy; gửi item chưa chắc cho người và lặp lại. Mục tiêu trong D1 là tạo labeled dataset hiệu quả.,Nhiều ảnh rõ ràng được auto-label; ảnh che khuất hoặc ánh sáng khó gửi annotators để bổ sung nhãn có ích.,"Khối lượng dữ liệu lớn và chi phí gán tay cao; chỉ sử dụng khi task/tool hỗ trợ, kèm kiểm tra chất lượng.","Ground Truth auto-labeling hỗ trợ một số built-in tasks, không mặc định mọi task hoặc streaming job. Có thêm chi phí training/inference; service không nhận khách hàng mới theo docs hiện hành.",Ground Truth automated data labeling,Domain 1,1.2,Validate Data • Labeling,Skill Builder,"https://skillbuilder.aws/learn/W9E1MCC15B/aws-ml-engineer-associate--validate-data-and-prepare-for-modeling/815QR5D1ZA
https://docs.aws.amazon.com/sagemaker/latest/dg/sms-automated-labeling.html",14/09/2026
Facet / facet group,"• Attribute for comparison
• Define groups a and d
• Separate from target label",Thuộc tính và nhóm dùng so sánh bias,A facet is an attribute whose values define the groups compared in a bias analysis.,"Thuộc tính được chọn để chia các nhóm so sánh bias, như nhóm tuổi hoặc ngôn ngữ.","Chỉ rõ facet column/values, nhóm a/d và cách xử lý missing. Label column là outcome cần dự đoán; facet và target có vai trò khác nhau trong CI/DPL.","LoanDecision là label; AgeGroup là facet. Numeric dùng nhóm tuổi, text dùng ngôn ngữ/chủ đề, image dùng điều kiện ánh sáng hoặc metadata phù hợp.","Thiết lập phân tích pre-training bias và đọc đúng hướng dấu, mẫu số, số mẫu từng nhóm.",Không tự suy thuộc tính nhạy cảm của cá nhân chỉ từ ảnh/text. Cần metadata đáng tin; facet có thể không nằm trong features dùng train.,SageMaker Clarify; Processing,Domain 1,1.3,Validate Data • Bias,Skill Builder,https://skillbuilder.aws/learn/W9E1MCC15B/aws-ml-engineer-associate--validate-data-and-prepare-for-modeling/815QR5D1ZA,14/09/2026
Label bias,"• Biased historical outcomes
• Human judgment
• Labels are not neutral",Sai lệch trong nhãn,Label bias occurs when recorded outcomes or human annotations systematically reflect biased decisions rather than the intended ground truth.,Nhãn lịch sử hoặc nhãn do người tạo phản ánh thiên lệch có hệ thống thay vì mục tiêu thực sự cần học.,"Kiểm tra tiêu chí gán nhãn, cách quyết định lịch sử, mức đồng thuận và chênh lệch theo nhóm. Model có thể học thiên lệch như thể đó là quy luật đúng.",Nhãn approve/deny từ các quyết định cũ có thể mang thiên lệch lịch sử; chỉ làm đủ số mẫu nhóm nhỏ không sửa chất lượng các quyết định đó.,Khi label distributions khác nhau hoặc người gán nhãn có hướng dẫn mơ hồ/không nhất quán.,"Không đổi nhãn tùy tiện để ép tỷ lệ bằng nhau. Cần điều tra, tiêu chuẩn đáng tin và quy trình chỉnh sửa có căn cứ.",Clarify; Managed labeling,Domain 1,1.3,Validate Data • Bias,Skill Builder,https://skillbuilder.aws/learn/W9E1MCC15B/aws-ml-engineer-associate--validate-data-and-prepare-for-modeling/815QR5D1ZA,14/09/2026
Proxy feature,"• Indirect sensitive signal
• Correlated attribute
• Recheck after removal",Đặc trưng đại diện gián tiếp cho thuộc tính nhạy cảm,"A proxy feature carries information correlated with another attribute, potentially reproducing disparities even when that attribute is excluded.",Đặc trưng chứa tín hiệu liên quan thuộc tính khác và có thể duy trì chênh lệch dù thuộc tính nhạy cảm đã bị bỏ.,"Xét feature có vai trò nghiệp vụ gì, liên hệ với nhóm nhạy cảm và ảnh hưởng dự đoán. Cân nhắc bỏ/thay thế rồi đánh giá lại; các feature còn lại cũng có thể tiếp tục mã hóa thông tin đó.","Zip code có thể liên quan yếu tố kinh tế/xã hội. Bài walkthrough thay bằng distance to branch; lựa chọn thay thế này vẫn phải kiểm tra bias, không mặc định an toàn.",Kiểm tra data trước train khi đã bỏ facet mà vẫn còn chênh lệch; ghi rõ lý do giữ/thay feature.,Correlation không tự chứng minh nguyên nhân phân biệt. Xóa một cột không bảo đảm fairness; feature thay thế có thể vẫn là proxy.,Clarify; Data Wrangler; Processing,Domain 1,1.3,Validate Data • Bias,Skill Builder,https://skillbuilder.aws/learn/W9E1MCC15B/aws-ml-engineer-associate--validate-data-and-prepare-for-modeling/815QR5D1ZA,14/09/2026
Dataset shuffling,"• Randomize record order
• Remove ordering artifacts
• Respect temporal groups",Xáo trộn thứ tự bản ghi,Shuffling randomizes the order of observations to reduce artifacts caused by a pre-existing ordering.,Ngẫu nhiên hóa thứ tự quan sát để giảm ảnh hưởng của cách dữ liệu được sắp sẵn.,"Với dữ liệu i.i.d., shuffle có thể ngăn việc all-approved đứng đầu và all-denied ở cuối làm split theo vị trí bị lệch. Dùng random seed khi cần tái lập.","Dataset xếp theo label, chia 80% dòng đầu làm train sẽ gây lệch. Shuffle/stratified split phù hợp giúp phân bố hợp lý hơn.",Dữ liệu độc lập cần chia hoặc batch train mà không chịu ảnh hưởng của thứ tự nhập.,Shuffle không tạo thêm mẫu minority. Không shuffle tùy tiện chuỗi thời gian hay các record cùng bệnh nhân/customer nếu làm rò thông tin tương lai hoặc trùng entity giữa tập.,DataBrew; Processing; Data Wrangler,Domain 1,1.3,Validate Data • Preparation,Skill Builder,https://skillbuilder.aws/learn/W9E1MCC15B/aws-ml-engineer-associate--validate-data-and-prepare-for-modeling/815QR5D1ZA,14/09/2026
Multimodal bias assessment,"• Numeric + text + image
• Facet per modality
• Validate joint coverage",Đánh giá bias trên dữ liệu đa phương thức,Multimodal bias assessment examines relevant group distributions and outcomes across each data modality and their combined coverage.,"Đánh giá phân phối nhóm và nhãn phù hợp cho từng loại dữ liệu, rồi xét độ bao phủ khi kết hợp chúng.","Numeric: kiểm tra nhóm tuổi/lớp; text: ngôn ngữ, chủ đề, nhóm được đại diện; image: metadata về điều kiện ảnh/nhóm phù hợp. Cùng công thức CI/DPL nhưng facet cần có ý nghĩa cho mỗi modality.",Hồ sơ số đủ các nhóm tuổi chưa chứng minh clinical notes và ảnh y khoa cũng đủ nhóm đó; dữ liệu ảnh bị thiếu ở một nhóm có thể làm dataset kết hợp lệch.,"Hệ thống dùng đồng thời numeric records, free text, images; profiling trước cân bằng và augmentation.",Chuyển text/image thành số không xóa nguồn bias. DPL cần outcome/positive label có nghĩa; không tính máy móc nếu task không có nhãn thích hợp.,Clarify; Processing; Data Wrangler,Domain 1,1.3,Validate Data • Bias,Skill Builder,https://skillbuilder.aws/learn/W9E1MCC15B/aws-ml-engineer-associate--validate-data-and-prepare-for-modeling/815QR5D1ZA,14/09/2026
Synthetic data generation,"• Artificial new samples
• GAN / diffusion
• Validate realism and privacy",Sinh dữ liệu tổng hợp,Synthetic data generation creates artificial examples intended to represent selected properties of real data.,Tạo các ví dụ nhân tạo nhằm mô phỏng những đặc điểm được chọn của dữ liệu thật.,"Có thể dùng GAN hoặc diffusion tạo thêm dữ liệu cho nhóm hiếm. Cần kiểm tra tính hợp lý, nhãn, độ đa dạng, rò dữ liệu và phân phối; dữ liệu sinh ra không tự được coi là đúng.","Sinh thêm ảnh thuộc lớp hiếm rồi nhờ chuyên gia/QA xác nhận chi tiết và nhãn, trước khi thêm vào training subset.",Khi thiếu mẫu và không dễ thu thập thêm; so sánh với augmentation từ mẫu sẵn có hoặc resampling.,Synthetic không tự bảo đảm privacy; có thể lặp dữ liệu gốc hoặc khuếch đại bias. Không đưa bản sinh từ train sang test để đánh giá như dữ liệu độc lập.,SageMaker Processing; Công cụ sinh dữ liệu phù hợp,Domain 1,1.3,Validate Data • Imbalance,Skill Builder,https://skillbuilder.aws/learn/W9E1MCC15B/aws-ml-engineer-associate--validate-data-and-prepare-for-modeling/815QR5D1ZA,14/09/2026
Data poisoning,"• Malicious training examples
• Behavior manipulation
• Trusted provenance",Đầu độc dữ liệu,Data poisoning deliberately contaminates training data to alter a model's learned behavior.,Cố ý đưa dữ liệu độc hại vào tập train để làm thay đổi hành vi model học được.,"Kiểm tra nguồn và quyền sửa dữ liệu, scan mẫu đáng ngờ, đối chiếu câu trả lời/nhãn với nguồn tin cậy và review outlier. Kết hợp nhiều lớp vì dữ liệu độc có thể đúng format.","Một loạt prompt-response pairs cố tình ghép câu hỏi với hướng dẫn sai tinh vi, nhằm khiến model lặp lại lỗi đó sau fine-tuning.","Corpus từ nhiều nguồn, upload ngoài tổ chức hoặc dữ liệu lịch sử có nguy cơ bị can thiệp; kiểm định trước training.",Không phải mọi lỗi dữ liệu đều có chủ ý. Regex tìm một vài chuỗi chỉ là bước gắn cờ và có thể bỏ sót; nguồn có tên đáng tin cũng cần xác minh phiên bản/quyền sửa.,S3; IAM; Processing; Data Catalog,Domain 1,1.3,Validate Data • AI Integrity,Skill Builder,https://skillbuilder.aws/learn/W9E1MCC15B/aws-ml-engineer-associate--validate-data-and-prepare-for-modeling/815QR5D1ZA,14/09/2026
Prompt injection in training examples,"• Embedded malicious instructions
• Review context
• Dataset screening",Chỉ dẫn tấn công nhúng trong ví dụ huấn luyện,Malicious instructions embedded in training examples can contaminate the behavior learned during fine-tuning.,Chỉ dẫn độc hại nằm trong ví dụ train có thể làm sai hành vi model sau fine-tuning.,"Screen prompt lẫn response, đánh dấu nội dung tìm cách vượt policy hoặc đổi nhiệm vụ trái mục tiêu, rồi review ngữ cảnh và nguồn. Lưu nguyên nhân loại/chỉnh sửa để truy vết.",Ví dụ support bỗng yêu cầu bỏ qua hướng dẫn bảo vệ tài khoản → đưa vào nhóm kiểm tra. Chuỗi tương tự trong tài liệu an ninh hợp lệ không tự là tấn công.,Chuẩn bị fine-tuning dataset có dữ liệu do bên ngoài tạo; một phần của bảo vệ trước data poisoning.,Không đánh đồng screening dữ liệu train với việc đã bảo vệ mọi cuộc tấn công lúc inference. Không chỉ lọc đúng một cụm từ rồi cho rằng dataset sạch.,Processing; Bedrock Guardrails theo cấu hình,Domain 1,1.3,Validate Data • AI Integrity,Skill Builder,https://skillbuilder.aws/learn/W9E1MCC15B/aws-ml-engineer-associate--validate-data-and-prepare-for-modeling/815QR5D1ZA,14/09/2026
Factual accuracy validation,"• Current source of truth
• Correct outdated answers
• Format ≠ truth",Kiểm tra tính chính xác thực tế,"Factual validation checks whether training responses agree with a current, trusted reference source.",Đối chiếu nội dung câu trả lời dùng train với nguồn sự thật hiện hành và đáng tin.,"Xác định knowledge base/policy version, đối chiếu phát biểu trong từng ví dụ, sửa hoặc loại ví dụ lỗi và lưu provenance. Corpus lịch sử có thể đúng lúc tạo nhưng sai ở thời điểm sử dụng.",Transcript support cũ nêu phí/policy đã đổi; JSONL vẫn hợp lệ nhưng phải cập nhật hoặc loại trước fine-tuning.,"SFT data, tài liệu retrieval và câu trả lời mẫu có nội dung thay đổi theo thời gian.",Một câu trả lời grounded trong nguồn cũ vẫn có thể sai hiện tại. Format validator hoặc content-safety filter không xác minh toàn bộ sự thật.,Knowledge base; Processing; Bedrock contextual grounding khi phù hợp,Domain 1,1.3,Validate Data • AI Integrity,Skill Builder,https://skillbuilder.aws/learn/W9E1MCC15B/aws-ml-engineer-associate--validate-data-and-prepare-for-modeling/815QR5D1ZA,14/09/2026
Content safety screening of datasets,"• Harmful / toxic content
• PII screening
• Configured policies",Sàng lọc an toàn nội dung dataset,Content safety screening identifies training examples that violate defined safety or sensitive-information requirements.,Phát hiện ví dụ train vi phạm yêu cầu đã đặt ra về nội dung có hại hoặc thông tin nhạy cảm.,"Quy định nội dung nào được giữ/chỉnh/loại; chạy các bộ phát hiện phù hợp, review kết quả và xuất dataset đã xử lý. Comprehend hỗ trợ PII; Guardrails hỗ trợ filters theo chính sách cấu hình.",Support pairs có số tài khoản cá nhân được che/loại; nội dung gây hại bị gắn cờ và xử lý trước khi dùng huấn luyện.,Trước SFT hoặc xây corpus retrieval; giảm việc model học/lấy lại mẫu không phù hợp.,Bật guardrail cho endpoint không tự làm sạch file S3 dùng train. Bộ lọc có false positives/negatives; tiêu chí và kiểm tra đầu ra vẫn do bạn thiết kế.,Amazon Comprehend; Bedrock Guardrails; Processing,Domain 1,1.3,Validate Data • AI Integrity,Skill Builder,https://skillbuilder.aws/learn/W9E1MCC15B/aws-ml-engineer-associate--validate-data-and-prepare-for-modeling/815QR5D1ZA,14/09/2026
Contextual grounding check,"• Grounding + relevance
• Source / query / response
• Reference-bound check",Kiểm tra câu trả lời có căn cứ và liên quan,A contextual grounding check evaluates whether a response is supported by a supplied source and relevant to a supplied query.,Đánh giá câu trả lời có được nguồn cung cấp hỗ trợ và có trả lời đúng câu hỏi hay không.,"Ba thành phần là grounding source, query và response; hai chiều grounding và relevance tách biệt. Có thể hỗ trợ tuyển chọn ví dụ QA có nguồn tham chiếu phù hợp.","Nguồn nói phí tài khoản là 10 USD, hỏi phí tài khoản: đáp 10 USD là grounded/relevant; đáp đúng về một loại phí khác có thể grounded nhưng irrelevant.","Bổ trợ kiểm định ví dụ summarization/paraphrasing/QA được hỗ trợ, không thay thế việc kiểm tra chất lượng và tính cập nhật của nguồn.",Docs hiện hành không hỗ trợ conversational QA/chatbot cho contextual grounding checks. Đây không phải kiểm chứng sự thật độc lập ngoài nguồn; ngưỡng và khả năng hỗ trợ phải đối chiếu.,Amazon Bedrock Guardrails,Domain 1,1.3,Validate Data • AI Integrity,Skill Builder,"https://skillbuilder.aws/learn/W9E1MCC15B/aws-ml-engineer-associate--validate-data-and-prepare-for-modeling/815QR5D1ZA
https://docs.aws.amazon.com/bedrock/latest/userguide/guardrails-contextual-grounding-check.html",14/09/2026