MLA-C01 • DOMAIN 4,THUẬT NGỮ CHI TIẾT,Monitor Model Inference • Optimize Costs and Performance • Secure ML and AI Workloads,,,,,,,,,,,,,
145 mục • 16 cột,Định nghĩa EN/VI + chi tiết,Task 4.1 + 4.2 + 4.3,,,,,,,,,,,,,
Keyword cần nhớ: cột B,Lợi ích / Ví dụ / Điều kiện,3 module • Có phần mở rộng GenAI,,,,,,,,,,,,,
Đối chiếu: 16/09/2026,Nguồn: O • Có ghi phạm vi,Đối chiếu MLA-C01 và AWS docs; có ghi giới hạn và trạng thái dịch vụ.,,,,,,,,,,,,,
Key / Thuật ngữ,Keyword cần nhớ,Nghĩa tiếng Việt,Definition (EN),Định nghĩa (VI),Cơ chế / Giải thích chi tiết,Ví dụ / Công thức,Vai trò / Khi áp dụng,Điểm dễ nhầm / Điều kiện,Dịch vụ liên quan,Domain,Task,Nhóm chủ đề,Phạm vi nguồn,Nguồn tham khảo,Ngày đối chiếu
Production inference monitoring,business KPI • model quality • hosting health,Giám sát suy luận trong môi trường thực tế,"Production inference monitoring continuously measures the business outcomes, predictive quality, and operational health of a deployed ML or AI application. It compares observations with expected behavior and connects deviations to an accountable response, so silent degradation can be detected even when requests still succeed.","Giám sát suy luận production liên tục đo kết quả kinh doanh, chất lượng dự đoán và tình trạng vận hành của ứng dụng ML hoặc AI đã triển khai. Quá trình so sánh quan sát với hành vi kỳ vọng và gắn sai lệch với người chịu trách nhiệm xử lý, nhờ đó phát hiện suy giảm âm thầm dù request vẫn thành công.","Ba góc nhìn bổ sung nhau: KPI có đạt mục tiêu; prediction/response có đúng và hữu ích; compute/network/storage có đáp ứng tải. Mỗi tín hiệu cần baseline, cadence, threshold và playbook.",Recommendation vẫn trả HTTP 200 nhưng conversion và mức hài lòng giảm.,"Thiết kế monitoring trước khi đưa model vào production, rồi điều chỉnh khi dữ liệu và mục tiêu thay đổi.",CPU thấp hoặc endpoint InService không chứng minh model tốt; không có một metric duy nhất bao phủ cả ba lớp.,CloudWatch; SageMaker AI; Amazon Bedrock,Domain 4,4.1,Nền tảng monitoring,Skill Builder,https://skillbuilder.aws/learn/AU24AGRSFQ/aws-ml-engineer-associate--monitor-model-inference/VHYSRYCCF9,16/09/2026
Business KPI and success criteria,business objective • CTR • conversion • retention,Chỉ số thành công gắn với mục tiêu nghiệp vụ,"A key performance indicator is a measurable signal tied to a business objective, used to judge whether an ML application delivers the intended outcome. Monitoring KPIs alongside technical metrics reveals whether model changes improve user value, revenue, or operational effectiveness in the actual application.","KPI là tín hiệu đo lường được gắn với mục tiêu kinh doanh, dùng để đánh giá ứng dụng ML có tạo ra kết quả mong muốn hay không. Theo dõi KPI cùng metric kỹ thuật giúp xác định thay đổi model có cải thiện giá trị cho người dùng, doanh thu hoặc hiệu quả vận hành thực tế.","Xác định mục tiêu, đơn vị, mẫu số, khoảng thời gian và phân khúc. Review KPI khi sản phẩm/chính sách thay đổi; phân biệt tín hiệu tương quan với tác động đã kiểm chứng bằng thí nghiệm.",CTR = clicks/impressions; conversion rate = conversions/eligible visits. Các mẫu số phải nhất quán giữa hai variant.,Chọn tiêu chí A/B test và ưu tiên mức độ nghiêm trọng của sự cố.,"Accuracy tăng không bảo đảm revenue tăng; KPI giảm còn có thể do giao diện, traffic mix hoặc thị trường.",CloudWatch custom metrics; production variants,Domain 4,4.1,Nền tảng monitoring,Skill Builder,https://skillbuilder.aws/learn/AU24AGRSFQ/aws-ml-engineer-associate--monitor-model-inference/VHYSRYCCF9,16/09/2026
ML Lens — continuous feedback loop,measure • alert • improve • demand-based scaling,Vòng phản hồi cải tiến liên tục theo ML Lens,"A monitoring feedback loop translates observed model and system behavior into controlled improvements. The Machine Learning Lens connects continuous measurement and alerts with retraining or operational changes, while resource tagging, utilization-based sizing, and demand-driven scaling keep the workload aligned with performance and cost goals.","Vòng phản hồi monitoring chuyển hành vi quan sát được của model và hệ thống thành cải tiến có kiểm soát. ML Lens liên kết đo lường liên tục và cảnh báo với retraining hoặc thay đổi vận hành; tagging, sizing theo utilization và scaling theo nhu cầu giúp cân bằng mục tiêu hiệu năng và chi phí.","Trong module này trọng tâm là monitor → alarm → investigation/action → verify. Tagging, rightsizing và cost được nhắc để liên hệ Task 4.2, không thay thế quy trình kiểm định chất lượng.",CloudWatch báo drift → EventBridge khởi động workflow có kiểm tra dữ liệu và đánh giá candidate.,Thiết kế hệ thống tự cải tiến có truy vết và giới hạn rủi ro.,Tự động hóa trigger không có nghĩa mọi candidate đều được triển khai; cần đánh giá và approval theo chính sách.,CloudWatch; EventBridge; SageMaker Pipelines,Domain 4,4.1,Nền tảng monitoring,Skill Builder,https://skillbuilder.aws/learn/AU24AGRSFQ/aws-ml-engineer-associate--monitor-model-inference/VHYSRYCCF9,16/09/2026
Drift — signal versus performance degradation,baseline change • silent failure • risk tolerance,Sự thay đổi theo thời gian và nguy cơ suy giảm,"Drift describes changes in production data, predictive performance, fairness, or feature influence relative to an established reference. Such changes can make a previously effective model less reliable, but a distribution or attribution shift alone is a warning signal rather than proof that prediction accuracy has already decreased.","Drift mô tả thay đổi của dữ liệu production, hiệu quả dự đoán, tính công bằng hoặc mức ảnh hưởng của feature so với mốc tham chiếu. Những thay đổi có thể khiến model từng hoạt động tốt trở nên kém tin cậy, nhưng thay đổi phân phối hay attribution chỉ là tín hiệu cảnh báo, chưa chứng minh accuracy đã giảm.","Bài học dùng drift theo nghĩa suy giảm khả năng dự đoán và chia bốn nhóm monitoring. Khi phân tích kỹ thuật, phải nêu rõ quan sát thuộc nhóm nào và có ground truth hay chưa.",Phân phối tuổi khách hàng đổi nhưng accuracy hiện tại vẫn ổn; vẫn cần kiểm tra segment và theo dõi.,Phát hiện sớm silent failure và đặt mức chịu đựng theo hậu quả nghiệp vụ.,Không dùng cùng threshold cho phim gợi ý và chẩn đoán y tế; không gọi mọi anomaly là concept drift.,CloudWatch; Model Monitor; Clarify,Domain 4,4.1,Các loại drift,Skill Builder,https://skillbuilder.aws/learn/AU24AGRSFQ/aws-ml-engineer-associate--monitor-model-inference/VHYSRYCCF9,16/09/2026
Data quality drift,input distribution • schema • missing values,Trôi chất lượng hoặc phân phối dữ liệu đầu vào,"Data quality drift occurs when production inputs differ from the reference data in their statistical distribution or expected quality properties. Monitoring checks schemas, data types, missingness, ranges, and feature statistics so upstream errors and population changes can be detected before their effect on model quality is fully observed.","Data quality drift xảy ra khi input production khác dữ liệu tham chiếu về phân phối thống kê hoặc thuộc tính chất lượng kỳ vọng. Monitoring kiểm tra schema, kiểu dữ liệu, mức thiếu, khoảng giá trị và thống kê feature để phát hiện lỗi upstream hoặc thay đổi quần thể trước khi quan sát đầy đủ tác động lên model.",Validate dữ liệu → tính mean/std/missing/outlier/distribution → so baseline → kiểm định drift. Có thể làm khi chưa có nhãn; cần phân biệt dữ liệu hỏng với thay đổi hợp lệ.,Form upstream bỏ trường tuổi; hoặc sản phẩm mới tạo từ vựng chưa xuất hiện trong training.,Cảnh báo sớm trước suy giảm accuracy; kiểm soát contract tại từng pipeline stage.,Phân phối đổi không tự chứng minh bias hay concept drift. Đừng retrain trên dữ liệu hỏng trước khi sửa nguồn.,Model Monitor; CloudWatch; S3,Domain 4,4.1,Các loại drift,Skill Builder,https://skillbuilder.aws/learn/AU24AGRSFQ/aws-ml-engineer-associate--monitor-model-inference/VHYSRYCCF9,16/09/2026
Model quality drift,prediction versus ground truth • accuracy degradation,Suy giảm chất lượng dự đoán,"Model quality drift is a change in how well a deployed model's predictions match observed ground truth. It is detected by joining production predictions with true outcomes and tracking task-appropriate evaluation metrics against a validated reference, including performance within important subpopulations.","Model quality drift là thay đổi mức độ dự đoán của model triển khai khớp với kết quả thực tế. Phát hiện bằng cách ghép prediction production với nhãn thật, rồi theo dõi metric phù hợp bài toán so với mốc đã kiểm định, bao gồm hiệu quả ở các nhóm dữ liệu quan trọng.","Classification: accuracy, precision, recall, F1, AUC-ROC; regression: metric sai số phù hợp. Cần model version, inference ID, thời gian, label coverage để so sánh đúng.",Model routing ticket accuracy từ 94% xuống 84% sau khi nhận đủ nhãn xử lý.,Đánh giá model có còn đáp ứng chất lượng yêu cầu và có cần retrain hay rollback.,Không suy ra accuracy từ confidence hoặc CPU; label thiếu/trễ có thể làm metric thiên lệch.,Model Monitor; CloudWatch custom metrics; S3,Domain 4,4.1,Các loại drift,Skill Builder,https://skillbuilder.aws/learn/AU24AGRSFQ/aws-ml-engineer-associate--monitor-model-inference/VHYSRYCCF9,16/09/2026
Bias drift,group disparity • fairness baseline • protected facets,Thay đổi mức độ thiên lệch giữa các nhóm,"Bias drift is a change over time in disparities affecting a model's outcomes or errors across relevant groups. It can arise when production populations or decision patterns change, and is assessed through selected fairness metrics compared with a baseline or acceptable policy thresholds rather than through aggregate accuracy alone.","Bias drift là thay đổi theo thời gian của chênh lệch kết quả hoặc sai số model giữa các nhóm liên quan. Nó có thể xuất hiện khi quần thể production hoặc hành vi quyết định thay đổi, và được đánh giá bằng fairness metric đã chọn so với baseline hoặc ngưỡng chính sách, thay vì chỉ nhìn accuracy tổng.","Chọn nhóm/facet, metric phù hợp, baseline, cỡ mẫu mỗi nhóm; phân tích nguyên nhân rồi giảm bias. Nhóm mới chưa được đại diện là tín hiệu cần điều tra coverage và fairness.",Walkthrough: độ chính xác routing enterprise 95% nhưng free tier 80%; theo dõi khác biệt và điều tra tác động.,Phát hiện chất lượng phân bổ không đều trong use case nhạy cảm và review định kỳ.,Nhóm C mới xuất hiện chứng minh population shift/rủi ro bias; cần metric theo nhóm để kết luận disparity tăng. Không coi cân bằng số lượng là bảo đảm công bằng.,SageMaker Clarify; CloudWatch,Domain 4,4.1,Các loại drift,Skill Builder,https://skillbuilder.aws/learn/AU24AGRSFQ/aws-ml-engineer-associate--monitor-model-inference/VHYSRYCCF9,16/09/2026
Feature attribution drift,feature contribution • SHAP • ranking change,Trôi mức đóng góp của đặc trưng,Feature attribution drift occurs when the contributions of input features to predictions change relative to a reference explanation baseline. Monitoring the magnitude or ranking of those contributions can reveal changed model behavior before aggregate accuracy declines and can motivate investigation of input shifts or changing input-target relationships.,Feature attribution drift xảy ra khi mức đóng góp của các feature đầu vào vào prediction thay đổi so với baseline giải thích. Theo dõi độ lớn hoặc thứ hạng đóng góp có thể phát hiện hành vi model thay đổi trước khi accuracy tổng giảm và thúc đẩy điều tra input shift hoặc quan hệ input–target thay đổi.,Tính SHAP trên mẫu đại diện → tổng hợp cùng cách với baseline → so giá trị/thứ hạng → điều tra feature đổi nhiều. Giữ explainer configuration và reference data có version.,Ticket length vượt keyword presence để thành feature ảnh hưởng mạnh nhất.,Early warning và giải thích vì sao hành vi model khác giai đoạn development.,Attribution đổi không chứng minh weights đã đổi hoặc concept drift chắc chắn; input distribution cũng có thể làm attribution đổi.,SageMaker Clarify; CloudWatch,Domain 4,4.1,Các loại drift,Skill Builder,https://skillbuilder.aws/learn/AU24AGRSFQ/aws-ml-engineer-associate--monitor-model-inference/VHYSRYCCF9,16/09/2026
Concept drift,P(y|x) change • input-target relationship,Trôi quan hệ giữa đầu vào và mục tiêu,"Concept drift is a change in the relationship between input features and the outcome being predicted. A model may therefore become inaccurate even if familiar inputs continue to arrive, because the mapping learned from historical examples no longer describes the current environment.","Concept drift là thay đổi quan hệ giữa feature đầu vào và kết quả cần dự đoán. Vì thế model có thể kém chính xác dù input vẫn trông quen thuộc, bởi ánh xạ học từ ví dụ lịch sử không còn mô tả môi trường hiện tại.","Phân biệt P(x) đổi với P(y|x) đổi. Kết hợp labeled evaluation, domain knowledge và attribution analysis; cập nhật dữ liệu hoặc modeling approach khi nguyên nhân được xác nhận.",Cùng lịch sử mua hàng nhưng hành vi churn thay đổi sau chính sách giá mới.,Chẩn đoán suy giảm dù schema và range dữ liệu vẫn đúng.,"Không phải loại monitor thứ năm trong danh sách bốn loại của module; attribution drift là dấu hiệu gợi ý, không là phép chứng minh.",Clarify; CloudWatch; retraining workflow,Domain 4,4.1,Các loại drift,Skill Builder,https://skillbuilder.aws/learn/AU24AGRSFQ/aws-ml-engineer-associate--monitor-model-inference/VHYSRYCCF9,16/09/2026
Monitoring baseline and constraints,reference statistics • expected bounds • versioned baseline,Mốc tham chiếu và các ràng buộc,"A monitoring baseline records the expected statistical or quality behavior of a validated model and its reference data. Constraints translate those expectations into checks or thresholds used on later observations, allowing scheduled monitoring to distinguish acceptable variation from deviations that require investigation.","Monitoring baseline ghi lại hành vi thống kê hoặc chất lượng kỳ vọng của model đã kiểm định và dữ liệu tham chiếu. Constraints chuyển kỳ vọng thành quy tắc hoặc ngưỡng kiểm tra dữ liệu về sau, giúp monitoring phân biệt biến động chấp nhận được với sai lệch cần điều tra.",Data baseline lấy thống kê training/reference data; model-quality baseline cần prediction và nhãn của evaluation data; bias/SHAP có baseline riêng. Gắn baseline với model/data version.,Giới hạn missing age ≤1%; chất lượng recall không dưới mục tiêu đã phê duyệt.,Tạo chuẩn để so sánh lặp lại trên các cửa sổ production.,Không tự nâng ngưỡng để che lỗi. Baseline quá cũ hoặc không đại diện tạo false alarm; đổi baseline phải có lý do.,S3; Model Monitor; Clarify; CloudWatch,Domain 4,4.1,Vòng monitoring,Skill Builder,https://skillbuilder.aws/learn/AU24AGRSFQ/aws-ml-engineer-associate--monitor-model-inference/VHYSRYCCF9,16/09/2026
Data capture,production inputs • outputs • inference ID,Ghi nhận dữ liệu suy luận,"Data capture records the inputs a model receives and the predictions it returns in production, together with metadata needed for later analysis. Stored capture data supports distribution checks, delayed-label evaluation, and investigation of which model version produced an outcome.","Data capture ghi lại input mà model nhận và prediction trả về trong production, cùng metadata cần cho phân tích về sau. Dữ liệu capture được lưu để kiểm tra phân phối, đánh giá với nhãn đến muộn và điều tra phiên bản model đã tạo kết quả.","Lưu input/output, ID duy nhất, timestamp và version/variant. Chọn sampling, retention, quyền truy cập phù hợp; kiểm tra capture có thực sự tạo dữ liệu trước khi tin dashboard.",Ticket ID 123 → predicted team A → sau 2 ngày nhãn thật team B.,Là đầu vào của scheduled comparison và replay phục vụ điều tra.,"Capture là thu thập, không tự tính accuracy. Mẫu capture lệch làm kết quả monitoring lệch.",SageMaker Data Capture; S3,Domain 4,4.1,Vòng monitoring,Skill Builder,https://skillbuilder.aws/learn/AU24AGRSFQ/aws-ml-engineer-associate--monitor-model-inference/VHYSRYCCF9,16/09/2026
Ground truth and delayed labels,true outcome • delayed feedback • join by ID,Nhãn thực tế và nhãn đến trễ,"Ground truth is the observed label or outcome used to evaluate a prediction. When outcomes become known after inference, a delayed-label pipeline must retain predictions and match later labels to the correct records before computing model quality; the evaluation window must reflect label availability.","Ground truth là nhãn hoặc kết quả quan sát thực tế dùng để đánh giá prediction. Khi kết quả chỉ biết sau inference, pipeline nhãn trễ phải giữ prediction và ghép nhãn về sau đúng bản ghi trước khi tính chất lượng model; cửa sổ đánh giá phải phản ánh thời điểm nhãn có đủ.","Join theo unique inference ID; kiểm tra duplicate, unmatched records, label coverage và delay. Không gán nhãn chưa về thành negative; lưu prediction gốc để tránh đánh giá nhầm model mới.",Nhãn ticket chỉ có khi nhân viên xử lý xong; tính accuracy hằng ngày trên cohort đủ nhãn.,"Đo chất lượng thực tế cho fraud, churn, ticket routing và tác vụ có phản hồi muộn.",Ground truth không đồng nghĩa bắt buộc dùng dịch vụ SageMaker Ground Truth; đây là khái niệm nhãn đúng.,S3; scheduled evaluation; CloudWatch,Domain 4,4.1,Vòng monitoring,Skill Builder,https://skillbuilder.aws/learn/AU24AGRSFQ/aws-ml-engineer-associate--monitor-model-inference/VHYSRYCCF9,16/09/2026
Monitoring schedule and observation window,cadence • recent data • label lag,Lịch chạy và cửa sổ quan sát,"A monitoring schedule determines when analysis runs, while an observation window determines which captured records the analysis examines. Both must reflect traffic volume, drift risk, and label delay so that each comparison uses sufficient and appropriate evidence without wasting computation or mixing incompatible time periods.","Lịch monitoring xác định khi nào chạy phân tích, còn cửa sổ quan sát xác định các bản ghi capture được phân tích. Cả hai phải phản ánh lượng traffic, rủi ro drift và độ trễ nhãn để mỗi phép so dùng đủ bằng chứng phù hợp, không lãng phí compute hoặc trộn các thời kỳ không tương thích.","Cadence không nhất thiết giống nhau cho mọi monitor. Chọn hourly cho input, daily cho accuracy đủ nhãn, monthly cho bias nếu phù hợp rủi ro; các mốc trong walkthrough là ví dụ.","Data drift hourly, labeled accuracy daily, bias monthly trong ví dụ support platform.","Thiết kế trade-off phát hiện sớm, độ ổn định và chi phí.",Job chạy thành công nhưng không có đủ bản ghi không đồng nghĩa model đạt; cần cảnh báo freshness/coverage.,EventBridge; Model Monitor; CloudWatch,Domain 4,4.1,Vòng monitoring,Skill Builder,https://skillbuilder.aws/learn/AU24AGRSFQ/aws-ml-engineer-associate--monitor-model-inference/VHYSRYCCF9,16/09/2026
Data validation and quality statistics,schema • type • range • completeness • outlier,Kiểm tra tính hợp lệ và thống kê chất lượng,"Data validation checks whether records satisfy the expected schema, types, and business constraints before they reach the model. Quality statistics summarize missingness, ranges, variability, and unusual observations across a batch, enabling systematic comparison with the reference rather than relying on isolated examples.","Data validation kiểm tra bản ghi có đúng schema, kiểu dữ liệu và ràng buộc nghiệp vụ trước khi vào model hay không. Thống kê chất lượng tổng hợp mức thiếu, khoảng giá trị, độ biến động và điểm bất thường của một batch, giúp so sánh có hệ thống với dữ liệu tham chiếu.","Validate ở từng stage, theo dõi record count, missing rate, mean, standard deviation, outlier count và distribution. Lưu trường/constraint bị vi phạm để truy upstream.",Age là string thay vì numeric; record count giảm 90% sau lần deploy form.,Chặn lỗi data processing và phân biệt lỗi pipeline với thay đổi dân số hợp lệ.,Outlier có thể là trường hợp thật có giá trị; không xóa tự động mọi điểm hiếm.,Data pipeline; CloudWatch custom metrics,Domain 4,4.1,Dữ liệu và chất lượng,Skill Builder,https://skillbuilder.aws/learn/AU24AGRSFQ/aws-ml-engineer-associate--monitor-model-inference/VHYSRYCCF9,16/09/2026
Kolmogorov–Smirnov test (KS),distribution comparison • empirical CDF,Kiểm định so sánh phân phối KS,"The two-sample Kolmogorov–Smirnov test compares empirical cumulative distributions of a numeric feature in two samples. It provides evidence that the samples may come from different distributions and can support data drift detection when interpreted with sample size, effect size, and domain relevance.","Kiểm định Kolmogorov–Smirnov hai mẫu so sánh hàm phân phối tích lũy thực nghiệm của một feature số giữa hai mẫu. Nó cung cấp bằng chứng rằng hai mẫu có thể đến từ phân phối khác nhau, hỗ trợ phát hiện data drift khi xét cùng cỡ mẫu, mức thay đổi và ý nghĩa nghiệp vụ.","Tính khoảng cách lớn nhất giữa hai empirical CDF; kiểm định từng feature phù hợp. Bài học nêu KS như một kỹ thuật có thể dùng, không yêu cầu mọi monitor phải dùng KS.",D = sup_x |F_reference(x) − F_current(x)|.,So training/reference với production cho feature liên tục.,p-value nhỏ không tự chỉ ra tác động kinh doanh hoặc accuracy giảm; dữ liệu rời rạc/categorical cần cách kiểm tra phù hợp.,Custom drift analysis; CloudWatch,Domain 4,4.1,Dữ liệu và chất lượng,Skill Builder,https://skillbuilder.aws/learn/AU24AGRSFQ/aws-ml-engineer-associate--monitor-model-inference/VHYSRYCCF9,16/09/2026
Classification quality metrics,accuracy • precision • recall • F1 • ROC-AUC,Metric chất lượng phân loại,"Classification quality metrics quantify different aspects of agreement between predicted and true classes. Accuracy measures overall correctness, precision measures the reliability of positive predictions, recall measures coverage of actual positives, and F1 balances precision and recall; ROC-AUC compares ranking behavior across decision thresholds.",Metric phân loại đo các khía cạnh khác nhau của sự khớp giữa nhãn dự đoán và nhãn thật. Accuracy đo tỷ lệ đúng tổng; precision đo độ đáng tin của prediction dương; recall đo khả năng tìm đủ ca dương thật; F1 cân bằng precision và recall; ROC-AUC đánh giá khả năng xếp hạng qua nhiều threshold.,"Đọc TP/FP/FN/TN; chọn metric theo chi phí sai lầm, mất cân bằng lớp và mục tiêu. Duy trì cùng quy ước positive class, threshold và aggregation khi so theo thời gian.",Precision=TP/(TP+FP); Recall=TP/(TP+FN); F1=2PR/(P+R); Accuracy=(TP+TN)/N.,Spam/fraud/routing: theo dõi metric tổng và theo segment; FPR/FNR giúp thấy loại lỗi tăng.,Accuracy cao trên lớp majority không bảo đảm phát hiện fraud tốt; AUC không thay thế chất lượng ở threshold vận hành.,CloudWatch custom metrics; Model Monitor,Domain 4,4.1,Dữ liệu và chất lượng,Skill Builder,https://skillbuilder.aws/learn/AU24AGRSFQ/aws-ml-engineer-associate--monitor-model-inference/VHYSRYCCF9,16/09/2026
Confidence threshold and review queue,low confidence • flag for review • calibration,Ngưỡng độ tin cậy và hàng đợi review,"A confidence threshold identifies predictions whose model-reported certainty does not meet an application's acceptance rule. These records can be flagged for human review or a fallback path, but confidence is an internal model signal and must be checked against observed outcomes rather than treated as guaranteed correctness.","Confidence threshold xác định prediction có mức chắc chắn do model báo không đạt quy tắc chấp nhận của ứng dụng. Có thể chuyển chúng sang review hoặc fallback; tuy nhiên confidence là tín hiệu nội tại của model, cần đối chiếu kết quả thật và không được coi là bảo đảm dự đoán đúng.","Thiết lập ngưỡng theo validation và rủi ro; theo dõi tỷ lệ flagged, kết quả review và calibration. Một số bài toán cũng cần kiểm tra confidence cao bất thường.","Ticket max class probability <0.6 được review; 0.6 là ví dụ, không phải ngưỡng AWS.",Giảm tự động xử lý trường hợp không chắc chắn và lấy feedback chất lượng.,Model overconfident vẫn sai; threshold không thay thế labeled metrics hoặc drift detection.,Application review workflow; CloudWatch,Domain 4,4.1,Dữ liệu và chất lượng,Skill Builder,https://skillbuilder.aws/learn/AU24AGRSFQ/aws-ml-engineer-associate--monitor-model-inference/VHYSRYCCF9,16/09/2026
Data slicing and subgroup monitoring,aggregate hides failure • segment metrics,Giám sát theo lát cắt dữ liệu,"Data slicing evaluates quality within meaningful subsets such as product categories, regions, or customer tiers. It reveals localized degradation or disparities that aggregate metrics can conceal, allowing investigators to distinguish a model-wide problem from a specific population, integration, or business change.","Data slicing đánh giá chất lượng trong các tập con có ý nghĩa như loại sản phẩm, khu vực hoặc hạng khách hàng. Nó phát hiện suy giảm cục bộ hoặc chênh lệch bị metric tổng che khuất, giúp phân biệt vấn đề toàn model với vấn đề của một quần thể, tích hợp hay thay đổi nghiệp vụ.","Theo dõi metric cùng sample count mỗi slice; chọn slice từ risk/use case, so baseline tương ứng. Tránh kết luận từ nhóm quá ít nhãn.",Accuracy chung 92% nhưng nhóm sản phẩm mới chỉ 65%.,Root cause accuracy drop; fairness review; kiểm tra edge cases.,"Khác biệt metric giữa nhóm chưa tự chứng minh phân biệt đối xử; cần ngữ cảnh, coverage và uncertainty.",CloudWatch; Clarify; evaluation jobs,Domain 4,4.1,Dữ liệu và chất lượng,Skill Builder,https://skillbuilder.aws/learn/AU24AGRSFQ/aws-ml-engineer-associate--monitor-model-inference/VHYSRYCCF9,16/09/2026
Fairness metrics — disparate impact and equal opportunity,selection-rate ratio • TPR gap,Metric chênh lệch kết quả và cơ hội,"Fairness metrics measure a chosen form of disparity between groups. Disparate impact commonly compares positive-selection rates as a ratio, while equal opportunity compares true-positive rates for people with a positive true outcome; these answer different fairness questions and require explicit group and label definitions.","Fairness metric đo một dạng chênh lệch đã chọn giữa các nhóm. Disparate impact thường so tỷ lệ được chọn dương bằng tỷ số; equal opportunity so true-positive rate trong những người có kết quả thật dương. Hai metric trả lời câu hỏi công bằng khác nhau và cần định nghĩa nhóm, nhãn rõ ràng.",So baseline và threshold do chính sách/use case chọn; tính theo cùng cửa sổ. Equal opportunity cần nhãn thật; lựa chọn metric phải phù hợp tác động và dữ liệu.,DI = selection rate nhóm A / nhóm B; EOD = TPR_A − TPR_B với chiều so được ghi rõ.,Theo dõi bias drift và kiểm tra sau mitigation.,Không có một fairness metric hay cutoff pháp lý áp dụng chung cho mọi hệ thống. Tỷ lệ số lượng nhóm không phải metric chất lượng dự đoán.,SageMaker Clarify; custom bias analysis,Domain 4,4.1,Dữ liệu và chất lượng,Skill Builder,https://skillbuilder.aws/learn/AU24AGRSFQ/aws-ml-engineer-associate--monitor-model-inference/VHYSRYCCF9,16/09/2026
SHAP feature attribution,Shapley values • local explanation • global aggregate,Giải thích đóng góp feature bằng SHAP,"SHAP assigns feature contributions to a prediction relative to a reference expectation, using principles from Shapley values. Local explanations can be aggregated to characterize overall feature influence, and comparing those aggregates across reference and production data supports attribution-drift monitoring.","SHAP gán mức đóng góp của feature vào prediction so với kỳ vọng tham chiếu, dựa trên nguyên tắc Shapley values. Giải thích cho từng prediction có thể tổng hợp để mô tả ảnh hưởng feature toàn cục; so các thống kê đó giữa reference và production hỗ trợ giám sát attribution drift.","Giữ background/reference, model version, preprocessing và cách aggregate nhất quán; so magnitude/ranking. Signed contribution khác mean absolute importance.","Feature account age trước ảnh hưởng mạnh, sau monthly price trở thành quan trọng nhất.",Phát hiện logic sử dụng feature thay đổi trong quan sát production.,Attribution không chứng minh quan hệ nhân quả; feature tương quan và reference choice ảnh hưởng cách diễn giải.,SageMaker Clarify,Domain 4,4.1,Dữ liệu và chất lượng,Skill Builder,https://skillbuilder.aws/learn/AU24AGRSFQ/aws-ml-engineer-associate--monitor-model-inference/VHYSRYCCF9,16/09/2026
CloudWatch custom model metrics,publish computed quality • namespace • dimensions,Metric chất lượng model do ứng dụng xuất bản,"A custom model metric is an application-computed quality or behavior measurement published to CloudWatch for time-series tracking, dashboards, and alarms. It lets model accuracy, drift scores, or escalation rates be monitored alongside operational metrics, provided the application first computes the signal from appropriate evidence.","Custom model metric là số đo chất lượng hoặc hành vi do ứng dụng tính rồi xuất bản lên CloudWatch để theo dõi chuỗi thời gian, dashboard và alarm. Nó cho phép giám sát accuracy, drift score hoặc escalation rate cạnh metric vận hành, với điều kiện ứng dụng đã tính tín hiệu từ bằng chứng phù hợp.","Chọn namespace/name/dimensions, đơn vị, timestamp và statistic đúng; lưu model version/segment ở cardinality có kiểm soát; test alarm và đường thông báo.",Daily labeled accuracy = 0.87 → custom metric → alarm threshold 0.90.,Model quality và hành vi nghiệp vụ không có sẵn trong metric hạ tầng.,CloudWatch không tự tìm ground truth để tính accuracy. 0.9 và 90 phải nhất quán đơn vị.,Amazon CloudWatch,Domain 4,4.1,Alarm và anomaly,Skill Builder,https://skillbuilder.aws/learn/AU24AGRSFQ/aws-ml-engineer-associate--monitor-model-inference/VHYSRYCCF9,16/09/2026
CloudWatch alarm — period and M-out-of-N,Period • EvaluationPeriods • DatapointsToAlarm,Cửa sổ đánh giá và số điểm vi phạm,"A metric alarm compares measurements with a threshold across an evaluation window. Period specifies the duration of one datapoint, EvaluationPeriods specifies how many periods are considered, and DatapointsToAlarm specifies how many must breach; this configuration reduces noise while controlling detection delay.",Metric alarm so số đo với threshold trong một cửa sổ đánh giá. Period là thời lượng mỗi điểm dữ liệu; EvaluationPeriods là số kỳ xét; DatapointsToAlarm là số kỳ phải vi phạm. Cấu hình này giảm nhiễu đồng thời quyết định độ trễ phát hiện.,"AWS thường gọi M-out-of-N: M=DatapointsToAlarm, N=EvaluationPeriods. Bài học mô tả 2/3: bất kỳ 2 trong 3 kỳ vi phạm; không cần liên tiếp khi cấu hình như vậy.","Period=600 giây, EvaluationPeriods=3, DatapointsToAlarm=2 → 2 điểm vượt ngưỡng trong 3 kỳ.",Tránh paging vì một batch nhiễu; tăng độ nhạy cho rủi ro cao.,Đừng nhầm Period với EvaluationPeriods. Hành vi khi thiếu điểm còn phụ thuộc missing-data treatment; không khẳng định luôn phải chờ đủ toàn cửa sổ.,CloudWatch alarms,Domain 4,4.1,Alarm và anomaly,Skill Builder,https://skillbuilder.aws/learn/AU24AGRSFQ/aws-ml-engineer-associate--monitor-model-inference/VHYSRYCCF9,16/09/2026
Alarm states and missing telemetry,OK • ALARM • INSUFFICIENT_DATA,Trạng thái cảnh báo và dữ liệu giám sát thiếu,"An alarm state summarizes whether evaluated evidence is acceptable, breaching, or insufficient. Missing telemetry is a separate observability condition: it may mean no traffic, delayed publication, or a failed monitoring path, so its treatment must be chosen explicitly instead of being interpreted as healthy model behavior.","Trạng thái alarm cho biết bằng chứng đã đánh giá là bình thường, vi phạm hay chưa đủ. Telemetry thiếu là một tình trạng riêng: có thể do không có traffic, metric xuất bản muộn hoặc monitoring bị lỗi, nên phải chọn cách xử lý rõ ràng thay vì mặc định model khỏe.","Các lựa chọn missing data gồm breaching, notBreaching, ignore, missing theo cấu hình CloudWatch. Theo dõi heartbeat/job success/label coverage để phân biệt không hoạt động với mất dữ liệu.","Không có accuracy hôm nay vì ground truth pipeline hỏng, không phải accuracy=100%.","Thiết kế alert đáng tin cho dữ liệu thưa, nhãn trễ, pipeline định kỳ.",M-out-of-N phải đọc cùng missing-data policy; alarm không tính được không phải đã pass.,CloudWatch alarms,Domain 4,4.1,Alarm và anomaly,Bổ sung Domain 4,"https://skillbuilder.aws/learn/AU24AGRSFQ/aws-ml-engineer-associate--monitor-model-inference/VHYSRYCCF9
https://docs.aws.amazon.com/AmazonCloudWatch/latest/monitoring/CloudWatch_Alarms.html",16/09/2026
Anomaly detection band,learned normal • daily seasonality • dynamic threshold,Dải giá trị bình thường học từ lịch sử,"An anomaly detection band is an expected range learned from a metric's historical behavior, including trends and recurring patterns. An alarm compares current observations with that changing range, making it useful when a single fixed threshold cannot distinguish a normal daily cycle from an unusual event.","Anomaly detection band là khoảng giá trị kỳ vọng được học từ lịch sử metric, gồm xu hướng và chu kỳ lặp. Alarm so quan sát hiện tại với khoảng thay đổi này, hữu ích khi một threshold cố định không phân biệt được chu kỳ ngày bình thường với sự kiện bất thường.","Chọn metric/statistic, độ nhạy band và cảnh báo above/below/both. Điều tra tín hiệu ngoài band; có thể loại các giai đoạn bất thường khỏi training detector khi thích hợp.",Invocations giảm mạnh giữa giờ cao điểm dù vẫn cao hơn mức đêm bình thường.,Traffic có seasonality; phát hiện giảm record count hoặc throughput bất thường.,"Band học hành vi thống kê, không hiểu business intent hay tự chẩn đoán root cause. Không thay mọi quality gate bằng band động.",CloudWatch anomaly detection,Domain 4,4.1,Alarm và anomaly,Skill Builder,https://skillbuilder.aws/learn/AU24AGRSFQ/aws-ml-engineer-associate--monitor-model-inference/VHYSRYCCF9,16/09/2026
Data-processing anomaly versus inference error,upstream records • malformed input • serving failure,Bất thường xử lý dữ liệu và lỗi đường inference,"A data-processing anomaly affects the records delivered to a model, such as missing batches, schema changes, or malformed values. An inference workflow error affects the request-serving path, such as failed calls or excessive latency; distinguishing the two helps route the investigation to the right system owner.","Bất thường xử lý dữ liệu ảnh hưởng bản ghi đưa vào model, như thiếu batch, đổi schema hoặc giá trị sai. Lỗi workflow inference ảnh hưởng đường phục vụ request, như call thất bại hoặc latency quá cao; phân biệt hai loại giúp chuyển điều tra đến đúng chủ hệ thống.","Monitor contract/volume tại pipeline stages; monitor invocation/error/latency tại serving path. Client error thường gợi ý payload/integration; server error gợi ý serving/dependency, vẫn cần xem chi tiết lỗi.",Upstream form ngừng gửi field tạo malformed requests sau release.,"Phát hiện và phân loại trước khi chọn sửa data, rollback app hay xử lý capacity.","Không retrain để chữa thiếu cột hoặc API lỗi. HTTP status chỉ là tín hiệu định hướng, không chứng minh duy nhất nguyên nhân.",CloudWatch; data pipeline; inference endpoint,Domain 4,4.1,Phát hiện và ứng phó,Skill Builder,https://skillbuilder.aws/learn/AU24AGRSFQ/aws-ml-engineer-associate--monitor-model-inference/VHYSRYCCF9,16/09/2026
Prediction-output anomaly,class proportions • prediction mean • silent shift,Bất thường trong phân phối prediction,"A prediction-output anomaly is an unexpected change in the distribution or pattern of model outputs, even when input validation and serving infrastructure appear healthy. Tracking class proportions or regression-output statistics provides an early warning that prompts further analysis of data, preprocessing, or model behavior.","Bất thường output là thay đổi ngoài kỳ vọng trong phân phối hoặc mẫu prediction, dù validation input và hạ tầng phục vụ có vẻ bình thường. Theo dõi tỷ lệ lớp hoặc thống kê output regression tạo cảnh báo sớm để điều tra dữ liệu, preprocessing hoặc hành vi model.","Xuất class share, mean/variance/quantiles thành custom metrics; so lịch sử/baseline, model version, seasonality và segment; kiểm tra true outcomes khi có.",Fraud-positive share tăng 2%→40% nhưng latency và error rate không đổi.,Phát hiện silent failure khi ground truth chưa đến.,Prediction shift không tự chứng minh model sai; nhu cầu hoặc tỷ lệ fraud thật có thể đã thay đổi.,CloudWatch custom metrics,Domain 4,4.1,Phát hiện và ứng phó,Skill Builder,https://skillbuilder.aws/learn/AU24AGRSFQ/aws-ml-engineer-associate--monitor-model-inference/VHYSRYCCF9,16/09/2026
Retraining triggers,event-driven • on-demand • scheduled,Ba cách khởi động tái huấn luyện,"Retraining can be triggered by a monitored event, a human decision, or a recurring schedule. Event-driven retraining reacts to observed degradation, on-demand retraining responds to business or data changes outside existing metrics, and scheduled retraining anticipates known patterns of model aging or seasonality.","Retraining có thể khởi động bởi sự kiện monitoring, quyết định của con người hoặc lịch định kỳ. Event-driven phản ứng suy giảm quan sát được; on-demand đáp ứng thay đổi kinh doanh/dữ liệu ngoài metric hiện có; scheduled chủ động theo mức độ model lỗi thời hoặc tính mùa vụ.",EventBridge rule nhận alarm state change; người vận hành khởi động khi policy/product đổi; Scheduler chạy weekly/monthly theo nhu cầu. Các trigger cùng dẫn đến pipeline có validation.,Data drift giữa hai lần train → event; product line mới → on demand; holiday demand → schedule.,Chọn cadence/trigger phù hợp tốc độ thay đổi và chi phí retraining.,"Alarm không có nghĩa bắt buộc retrain; có thể phải sửa data, integration hoặc KPI trước.",EventBridge; SageMaker Pipelines,Domain 4,4.1,Phát hiện và ứng phó,Skill Builder,https://skillbuilder.aws/learn/AU24AGRSFQ/aws-ml-engineer-associate--monitor-model-inference/VHYSRYCCF9,16/09/2026
Response playbook and human intervention,signal → owner → action → verification,Kịch bản ứng phó và điểm cần con người,"A response playbook maps a monitoring signal to its responsible owner, investigation steps, permitted corrective actions, and recovery checks. It separates well-understood cases suitable for automation from ambiguous data, business, or compliance issues requiring human judgment, making alerts actionable rather than merely informational.","Response playbook ánh xạ tín hiệu monitoring đến chủ trách nhiệm, bước điều tra, hành động sửa được phép và kiểm tra phục hồi. Nó tách trường hợp hiểu rõ có thể tự động hóa khỏi vấn đề dữ liệu, kinh doanh hoặc tuân thủ cần con người, giúp alert dẫn đến xử lý thực tế.",Drift→data scientist; missing input→pipeline/SRE owner; KPI→business analyst; tool API→integration owner. Lưu incident evidence và kiểm tra metric hồi phục sau hành động.,Hallucination spike → kiểm tra tài liệu truy xuất/KB freshness; release regression → rollback có kiểm chứng.,"Giảm thời gian xử lý, tránh mỗi alarm đều bắt đầu điều tra từ đầu.",Không cho generic automation quyết định vấn đề pháp lý hoặc đổi mục tiêu business. Thông báo gửi thành công chưa phải sự cố đã giải quyết.,SNS; EventBridge; CloudWatch,Domain 4,4.1,Phát hiện và ứng phó,Skill Builder,https://skillbuilder.aws/learn/AU24AGRSFQ/aws-ml-engineer-associate--monitor-model-inference/VHYSRYCCF9,16/09/2026
"Model registry, model card, and lineage — distinct roles",versions • documentation • provenance,Ba vai trò quản trị model khác nhau,"A model registry catalogs model versions and approval status; a model card documents intended use, training, evaluation, and limitations; lineage records the artifacts and events that produced and deployed the model. Together they provide the identity, context, and provenance required for incident investigation.","Model registry quản lý phiên bản model và trạng thái phê duyệt; model card ghi mục đích sử dụng, training, evaluation và giới hạn; lineage ghi artifact và sự kiện tạo/triển khai model. Kết hợp cả ba cung cấp danh tính, ngữ cảnh và nguồn gốc phục vụ điều tra.",Dùng registry tìm version bị ảnh hưởng; card hiểu intended use; lineage truy dữ liệu/image/job và endpoint liên quan khi các quan hệ đã được ghi.,Dataset sai → lineage tìm model tạo từ dataset → registry xác định version → kiểm tra endpoint đang dùng.,"Root-cause analysis, xác định phạm vi ảnh hưởng và chọn bản rollback.",Registry không phải endpoint; model card không tự phát hiện drift; lineage không giải thích đóng góp từng feature.,SageMaker Model Registry; Model Cards; ML Lineage Tracking,Domain 4,4.1,Quản trị và điều tra,Skill Builder,https://skillbuilder.aws/learn/AU24AGRSFQ/aws-ml-engineer-associate--monitor-model-inference/VHYSRYCCF9,16/09/2026
A/B testing on live production traffic,concurrent variants • controlled exposure • business impact,So sánh model trên traffic thực tế,"A/B testing compares two or more model variants concurrently using controlled shares of live traffic. It measures their relative technical quality and business impact under real operating conditions, helping reveal edge cases missed offline while limiting the candidate's initial exposure and supporting evidence-based model selection.","A/B testing so sánh đồng thời hai hoặc nhiều variant bằng các phần traffic thực tế được kiểm soát. Nó đo chất lượng kỹ thuật và tác động kinh doanh tương đối trong vận hành thật, phát hiện edge case bỏ sót offline, giới hạn mức phơi bày ban đầu của candidate và hỗ trợ chọn model theo bằng chứng.","Đặt success/guardrail metrics trước; chia traffic; lưu variant ID; so latency/errors ngay, quality khi có nhãn và KPI đủ thời gian. Tăng traffic hoặc rollback theo tiêu chí.","90% current, 10% candidate fraud model; theo dõi recall, false-positive cost và latency.","Live interactions, changing populations, revenue/engagement, high deployment risk.",Traffic nhỏ vẫn ảnh hưởng người dùng; cần mẫu đủ và nhóm so sánh hợp lý. A/B khác offline test và shadow test không trả candidate response.,SageMaker production variants; CloudWatch,Domain 4,4.1,A/B testing,Skill Builder,https://skillbuilder.aws/learn/AU24AGRSFQ/aws-ml-engineer-associate--monitor-model-inference/VHYSRYCCF9,16/09/2026
Production variant and traffic routing,same endpoint • weight • TargetVariant,Variant model và điều phối traffic,"A SageMaker production variant identifies a model together with the serving resources allocated to it behind an endpoint. Multiple variants can host different algorithms, hyperparameters, training versions, or resources; requests can be distributed by relative weights or explicitly directed to a named variant.","Production variant của SageMaker xác định model cùng tài nguyên phục vụ cấp cho nó phía sau endpoint. Nhiều variant có thể dùng thuật toán, hyperparameter, phiên bản training hoặc tài nguyên khác nhau; request được chia theo weight tương đối hoặc chỉ định đến một variant.",Probability theo weight_i/sum(weights). TargetVariant trong InvokeEndpoint chọn variant cụ thể và ghi đè phân phối ngẫu nhiên cho request đó. Lưu variant thực tế đã xử lý.,"Weights 9 và 1 xấp xỉ 90%/10% trên nhiều request, không đảm bảo mỗi nhóm 10 request chia đúng 9/1.","Thử candidate, chọn model/hosting và định tuyến cohort.",Multi-variant endpoint khác multi-model endpoint. Weight 0 không tự xóa tài nguyên/cost; custom targeting cần thiết kế tránh selection bias.,SageMaker endpoints,Domain 4,4.1,A/B testing,Skill Builder,"https://skillbuilder.aws/learn/AU24AGRSFQ/aws-ml-engineer-associate--monitor-model-inference/VHYSRYCCF9
https://docs.aws.amazon.com/sagemaker/latest/dg/model-ab-testing.html",16/09/2026
Per-variant evaluation and promotion,variant identity • ground truth • guardrail metrics,Đánh giá riêng từng variant và chuyển traffic,"Per-variant evaluation attributes operational, predictive, and business outcomes to the model variant that actually served each request. Promotion increases a candidate's production responsibility only after it meets predefined quality and operational criteria, preventing a favorable aggregate from hiding a weak candidate or a failing subgroup.","Đánh giá per-variant gắn kết quả vận hành, dự đoán và kinh doanh với variant thực sự xử lý từng request. Promotion tăng trách nhiệm production cho candidate chỉ sau khi đạt tiêu chí chất lượng và vận hành đã định, tránh metric tổng che giấu candidate yếu hoặc nhóm dữ liệu bị ảnh hưởng.",Compare invocation/latency/error theo variant; ghép outcome theo ID; xét sample size/cohort/cost. Điều chỉnh traffic weights sau quyết định có bằng chứng; tiếp tục monitor.,Candidate nhanh hơn nhưng recall fraud thấp hơn → không promote chỉ dựa latency.,Đưa kết quả A/B thành quyết định triển khai có kiểm soát.,Metric CloudWatch mặc định về latency không tự cung cấp accuracy; cần compute labeled metrics. Tránh so hai tuần có traffic khác nhau rồi gọi đó concurrent A/B.,SageMaker production variants; CloudWatch,Domain 4,4.1,A/B testing,Skill Builder,https://skillbuilder.aws/learn/AU24AGRSFQ/aws-ml-engineer-associate--monitor-model-inference/VHYSRYCCF9,16/09/2026
Agent observability hierarchy,session → trace → span,Phân cấp quan sát agent,"Agent observability links a user's ongoing interaction to individual requests and the work performed inside each request. Sessions organize interactions over time, traces represent request execution, and spans describe timed operations such as model calls, retrieval, or tool invocation, making workflow bottlenecks and failures attributable.","Agent observability liên kết tương tác kéo dài của người dùng với từng request và công việc bên trong request. Session nhóm tương tác theo thời gian; trace biểu diễn thực thi request; span mô tả thao tác có thời gian như gọi model, retrieval hoặc tool, giúp xác định nơi nghẽn/lỗi trong workflow.","Đọc parent-child timing, status và metadata, đối chiếu release/model/tool version. Built-in runtime metrics không bảo đảm mọi custom tool đã có span nếu chưa instrument.","Một session 6 turns có nhiều traces; một trace gồm retrieval span, model span và API span.",Truy step làm agent chậm hoặc lỗi; audit execution path.,Trace vận hành không phải quyền truy cập suy nghĩ nội bộ model và không tự chứng minh câu trả lời đúng.,Bedrock AgentCore Observability; CloudWatch,Domain 4,4.1,Agent monitoring,Skill Builder,https://skillbuilder.aws/learn/AU24AGRSFQ/aws-ml-engineer-associate--monitor-model-inference/VHYSRYCCF9,16/09/2026
Tool-use distribution and escalation rate,tool mix • human handoff • behavioral change,Phân bố dùng tool và tỷ lệ chuyển con người,Tool-use metrics describe how an agent distributes work across its available tools and fallback paths. Escalation rate measures the share of interactions handed to a human; a change can expose declining task completion even when API calls succeed and conventional error counters remain unchanged.,Metric tool-use mô tả agent phân bố công việc giữa các tool và đường fallback. Escalation rate đo tỷ lệ tương tác chuyển cho con người; thay đổi có thể bộc lộ khả năng hoàn thành tác vụ giảm dù API thành công và bộ đếm lỗi thông thường không tăng.,"Chọn mẫu số session/eligible request nhất quán, phân nhóm intent/tool/version. Xem policy thay đổi, độ khó yêu cầu và integration health trước khi kết luận regression.",Escalate-to-human từ 5% lên 25% sau cập nhật instruction.,Phát hiện behavioral drift qua nhiều session.,Escalation cao có thể là thiết kế an toàn hợp lý; không tối ưu giảm số đó bằng cách chặn chuyển người thật cần thiết.,AgentCore; CloudWatch custom metrics,Domain 4,4.1,Agent monitoring,Skill Builder,https://skillbuilder.aws/learn/AU24AGRSFQ/aws-ml-engineer-associate--monitor-model-inference/VHYSRYCCF9,16/09/2026
Agent loop detection,repeated question • repeated retrieval • no progress,Phát hiện vòng lặp không tiến triển,"Agent loop detection identifies repeated actions that fail to advance the user's task, such as asking the same clarification or retrieving the same document repeatedly. These loops can consume tokens and increase latency without triggering an API error, so they require behavioral checks in addition to operational monitoring.","Agent loop detection phát hiện hành động lặp lại không giúp tiến tới mục tiêu, như hỏi lại cùng câu hoặc truy xuất mãi cùng tài liệu. Vòng lặp tiêu token và tăng latency mà có thể không gây API error, nên cần kiểm tra hành vi bên cạnh giám sát vận hành.",Theo dõi lặp tool+arguments/document IDs/questions trong session; đặt giới hạn phù hợp tác vụ và chuyển fallback/review khi loop được xác nhận.,Hỏi lại cùng clarifying question hai lần trong ví dụ bài học; ngưỡng thực tế phải theo workflow.,Giảm chi phí vô ích và trải nghiệm hội thoại bế tắc.,Retry có chủ đích hoặc xác nhận quan trọng không luôn là loop xấu; cần nhận biết tiến độ và ngữ cảnh.,AgentCore spans; application custom metrics,Domain 4,4.1,Agent monitoring,Skill Builder,https://skillbuilder.aws/learn/AU24AGRSFQ/aws-ml-engineer-associate--monitor-model-inference/VHYSRYCCF9,16/09/2026
Conversation length and task completion,turns per session • rising effort • outcome,Độ dài hội thoại và mức hoàn thành,"Conversation length measures the number of exchanges required in an agent session. A rising number of turns can be an early sign that users struggle to achieve their goals, but it should be interpreted together with task complexity, completion rate, and satisfaction rather than minimized as an isolated objective.","Conversation length đo số lượt trao đổi trong một session agent. Số lượt tăng có thể là dấu hiệu sớm người dùng khó đạt mục tiêu, nhưng phải xét cùng độ phức tạp tác vụ, tỷ lệ hoàn thành và hài lòng thay vì giảm số lượt như mục tiêu độc lập.","Định nghĩa turn/session timeout; theo dõi mean và distribution theo intent/version; tìm loop, clarification và tool latency.",Average turns tăng 4→9 sau release; kiểm tra task mix có đổi không.,Early warning trước khi feedback satisfaction giảm rõ.,Hội thoại dài có thể phù hợp tác vụ phức tạp; chỉ nhìn average dễ bỏ các session cực dài.,AgentCore; CloudWatch custom metrics,Domain 4,4.1,Agent monitoring,Skill Builder,https://skillbuilder.aws/learn/AU24AGRSFQ/aws-ml-engineer-associate--monitor-model-inference/VHYSRYCCF9,16/09/2026
Integration error attribution,tool API error • dependency owner • root cause,Quy lỗi về đúng tích hợp phụ thuộc,Integration error attribution separates failures in an agent's external tools and services from failures in model behavior or application orchestration. Correlating tool-specific error rates with trace spans helps the team identify the failing dependency and choose a targeted fix instead of changing the model unnecessarily.,Integration error attribution tách lỗi của tool/dịch vụ ngoài khỏi lỗi hành vi model hoặc orchestration ứng dụng. Liên kết tỷ lệ lỗi theo tool với trace span giúp xác định dependency đang hỏng và chọn cách sửa đúng thay vì thay model không cần thiết.,"Theo dõi tool name, error class/status, timeout, latency và release/config. Kiểm tra authentication, contract, quota hoặc upstream availability theo dấu vết.",ServiceNow API errors tăng trong khi các tool khác và model call bình thường.,Định tuyến incident cho integration owner; rollback config hoặc sửa client khi đúng nguyên nhân.,Fine-tuning không sửa được credentials hết hạn. Error không log vẫn có thể có sai hành vi; cần cả behavioral metrics.,AgentCore Observability; CloudWatch Logs,Domain 4,4.1,Agent monitoring,Skill Builder,https://skillbuilder.aws/learn/AU24AGRSFQ/aws-ml-engineer-associate--monitor-model-inference/VHYSRYCCF9,16/09/2026
FM operational versus quality layers,availability/latency ≠ helpfulness/grounding,Hai lớp giám sát foundation model,"FM monitoring separates operational health from output quality. Operational metrics describe request volume, errors, latency, and token consumption; quality evaluation assesses whether responses are useful, coherent, grounded, and safe. Both layers are required because harmful or inaccurate content can be returned quickly by a healthy service.","Giám sát FM tách sức khỏe vận hành khỏi chất lượng output. Metric vận hành mô tả volume, lỗi, latency và token; đánh giá chất lượng kiểm tra response có hữu ích, mạch lạc, dựa trên nguồn và an toàn. Cần cả hai vì nội dung sai hoặc có hại vẫn có thể trả nhanh từ dịch vụ khỏe.",Theo dõi runtime metrics liên tục; chạy evaluation representative prompts định kỳ; kết hợp feedback và kiểm tra grounding theo response khi phù hợp.,Latency ổn nhưng helpfulness giảm do KB section lỗi thời.,Thiết kế dashboard FM đủ lớp thay vì chỉ vận hành endpoint.,"Token count, HTTP 200 và GPU utilization không đo factual correctness. Không có một accuracy duy nhất thích hợp mọi tác vụ sinh.",Bedrock runtime; Bedrock evaluations; CloudWatch,Domain 4,4.1,FM monitoring,Skill Builder,https://skillbuilder.aws/learn/AU24AGRSFQ/aws-ml-engineer-associate--monitor-model-inference/VHYSRYCCF9,16/09/2026
InvocationLatency and TimeToFirstToken,last token • first token • streaming,Độ trễ toàn response và token đầu tiên,"InvocationLatency measures the time until the last output token, while TimeToFirstToken measures the time until the first output token. Their difference isolates the remaining generation interval for streaming requests, helping distinguish waiting before generation from time spent producing a longer or slower response.","InvocationLatency đo thời gian đến token output cuối, còn TimeToFirstToken đo đến token đầu. Hiệu hai giá trị tách khoảng sinh tiếp theo của request streaming, giúp phân biệt chờ trước khi sinh với thời gian tạo response dài hơn hoặc chậm hơn.","Trong bài: metric bedrock-runtime, đơn vị milliseconds; TTFT được xuất cho ConverseStream và InvokeModelWithResponseStream. So cùng model, time window và loại operation.",InvocationLatency=3000 ms; TTFT=500 ms → khoảng còn lại 2500 ms.,Phân tích trải nghiệm streaming và latency degradation.,Không dùng TTFT không có dữ liệu để suy OTPS non-streaming. Metric tên giống ở dịch vụ khác có thể mang nghĩa khác.,Amazon Bedrock runtime; CloudWatch,Domain 4,4.1,FM monitoring,Skill Builder,"https://skillbuilder.aws/learn/AU24AGRSFQ/aws-ml-engineer-associate--monitor-model-inference/VHYSRYCCF9
https://docs.aws.amazon.com/bedrock/latest/userguide/monitoring-runtime-metrics.html",16/09/2026
Output tokens per second (OTPS),decode throughput • tokens / generation time,Tốc độ sinh token đầu ra,"Output tokens per second estimates generation throughput after the first-token waiting period, separating output length from token-generation speed. A stable OTPS with higher total latency suggests longer work per request, while lower OTPS suggests slower generation and motivates investigation of model-side capacity or performance.","OTPS ước tính throughput sinh output sau thời gian chờ token đầu, giúp tách độ dài output khỏi tốc độ sinh token. OTPS ổn định trong khi tổng latency tăng gợi ý request phải sinh nhiều hơn; OTPS giảm gợi ý sinh chậm và cần điều tra capacity/hiệu năng phía model.","Công thức bài: OutputTokenCount/(InvocationLatency−TimeToFirstToken)×1000. Dùng cùng phạm vi dữ liệu, đảm bảo mẫu số dương. Với metric tổng hợp, đây là chỉ báo; không coi tỷ số percentile là percentile throughput chính xác.",200 token/(3000−500)ms×1000=80 token/s.,"Chẩn đoán latency: xem TTFT, độ dài prompt/output, rồi OTPS trước khi tăng capacity.",Áp dụng streaming có TTFT. OTPS giảm gợi ý chứ không chỉ đích danh nguyên nhân; response dài hơn không tự nghĩa quality kém.,Bedrock runtime; CloudWatch metric math,Domain 4,4.1,FM monitoring,Skill Builder,"https://skillbuilder.aws/learn/AU24AGRSFQ/aws-ml-engineer-associate--monitor-model-inference/VHYSRYCCF9
https://docs.aws.amazon.com/bedrock/latest/userguide/monitoring-runtime-otps.html",16/09/2026
"Token usage, errors, and throttling",input/output tokens • request errors • quota,"Lượng token, lỗi request và throttling","Token metrics describe the size of model inputs and outputs, while invocation errors and throttles describe different failure modes of the serving path. Monitoring them together helps distinguish demand growth, verbose prompts or responses, broken clients, and capacity pressure without confusing those operational signals with response quality.","Metric token mô tả kích thước input/output model; invocation errors và throttles mô tả các kiểu thất bại khác nhau của đường phục vụ. Theo dõi cùng nhau giúp phân biệt tăng nhu cầu, prompt/response dài, client lỗi và áp lực capacity, mà không nhầm tín hiệu vận hành với chất lượng response.","Theo dõi InputTokenCount, OutputTokenCount, client/server errors, throttles theo model và cửa sổ. Diễn giải chi phí theo pricing mode thật; token chỉ là thành phần, không phải mọi workload đều tính giá một kiểu.","Prompt change làm output token tăng gấp đôi, latency tăng dù throughput ổn.","Phân tích vận hành FM, chẩn đoán verbosity/quota và liên hệ cost Task 4.2.",Error count và throttle count cần xem riêng; không cho rằng tăng quota sửa hallucination.,Bedrock runtime; CloudWatch,Domain 4,4.1,FM monitoring,Skill Builder,https://skillbuilder.aws/learn/AU24AGRSFQ/aws-ml-engineer-associate--monitor-model-inference/VHYSRYCCF9,16/09/2026
Model invocation logging,request/response content • metadata • opt-in,Ghi nội dung request và response,"Model invocation logging captures supported model requests, responses, and associated metadata so investigators can inspect the content behind aggregate metrics. It complements runtime monitoring by exposing prompt and response changes that may explain quality or latency regressions, while requiring deliberate data access and retention controls.","Model invocation logging ghi request, response và metadata của các lời gọi được hỗ trợ để người điều tra xem nội dung phía sau metric tổng hợp. Nó bổ sung runtime monitoring bằng cách làm rõ thay đổi prompt/response có thể gây regression chất lượng hoặc latency, đồng thời cần kiểm soát truy cập và thời gian lưu.",Cấu hình delivery tới CloudWatch Logs hoặc S3 theo tính năng; đối chiếu request/model/time với alarm. Logging nội dung không đồng nghĩa tự chạy evaluator.,So prompt trước/sau release để thấy instruction yêu cầu câu trả lời dài hơn.,"Debug case cụ thể, tạo mẫu đánh giá có review và truy quality regression.",Không đồng nhất CloudTrail API audit với full model input/output logging. Log có thể chứa dữ liệu nhạy cảm.,Bedrock model invocation logging; CloudWatch Logs; S3,Domain 4,4.1,FM monitoring,Skill Builder,"https://skillbuilder.aws/learn/AU24AGRSFQ/aws-ml-engineer-associate--monitor-model-inference/VHYSRYCCF9
https://docs.aws.amazon.com/bedrock/latest/userguide/model-invocation-logging.html",16/09/2026
Representative prompt set and scheduled evaluations,coverage • fixed comparison • recurring quality score,Bộ prompt đại diện và đánh giá định kỳ,"A representative prompt set covers the tasks, user groups, edge cases, and risks an FM application actually encounters. Repeated evaluation on a controlled dataset and scoring configuration makes changes in response quality observable over time, while refreshed samples capture new production behavior.","Bộ prompt đại diện bao phủ tác vụ, nhóm người dùng, edge case và rủi ro ứng dụng FM thực sự gặp. Đánh giá lặp trên dataset và cấu hình chấm được kiểm soát giúp quan sát thay đổi chất lượng theo thời gian, còn mẫu cập nhật giúp phản ánh hành vi production mới.","Version dataset, model/prompt, evaluator/rubric và reports; giữ phần cố định để so regression, bổ sung phần traffic mới có nhãn scope. Xem từng case ngoài aggregate.","Chạy weekly prompt set hỗ trợ khách hàng, theo dõi helpfulness/coherence trend.",Biến evaluation thành monitoring thay vì chỉ test trước release.,Thay judge/dataset và model cùng lúc làm khó quy nguyên nhân score đổi. Mẫu dễ hoặc lệch không đại diện production.,Bedrock evaluations; S3; EventBridge,Domain 4,4.1,FM quality,Skill Builder,https://skillbuilder.aws/learn/AU24AGRSFQ/aws-ml-engineer-associate--monitor-model-inference/VHYSRYCCF9,16/09/2026
LLM-as-a-judge and programmatic scoring,second model • rubric • computed metrics,Chấm bằng model giám khảo và bằng chương trình,"Programmatic scoring computes predefined metrics using an explicit algorithm, whereas an LLM judge rates responses against a rubric using another language model. Both can support repeatable evaluation, but their scores reflect the chosen task, reference data, and scoring method and must be validated before driving automated decisions.","Chấm bằng chương trình tính metric theo thuật toán rõ ràng, còn LLM judge dùng một language model khác để đánh giá response theo rubric. Cả hai hỗ trợ đánh giá lặp lại, nhưng điểm phụ thuộc tác vụ, dữ liệu tham chiếu và cách chấm, nên cần kiểm định trước khi dùng quyết định tự động.","Built-in metrics phù hợp task; judge đánh giá helpfulness/coherence và cung cấp rationale tùy tính năng. So với human-rated examples, giữ judge version và kiểm tra trường hợp bất đồng.",Judge helpfulness giảm dù error rate ổn → review response và input samples.,Theo dõi quality khó quy về một nhãn exact-match.,Judge không phải ground truth tuyệt đối; có bias và biến động. Không dùng một aggregate score che lỗi an toàn nghiêm trọng.,Amazon Bedrock evaluations,Domain 4,4.1,FM quality,Skill Builder,https://skillbuilder.aws/learn/AU24AGRSFQ/aws-ml-engineer-associate--monitor-model-inference/VHYSRYCCF9,16/09/2026
RAG retrieval quality versus generation quality,relevant evidence • supported answer • separate stages,Chất lượng truy xuất và chất lượng câu trả lời RAG,"RAG quality has separate retrieval and generation components. Retrieval evaluation asks whether the system finds the right evidence for a query; generation evaluation asks whether the answer uses that evidence correctly and satisfies the task. Separating the two locates failures in the knowledge source, retrieval configuration, or response generation.","Chất lượng RAG có thành phần truy xuất và sinh trả lời riêng. Đánh giá retrieval hỏi hệ thống có tìm đúng bằng chứng cho query không; đánh giá generation hỏi câu trả lời có dùng bằng chứng đúng và đáp ứng tác vụ không. Tách hai lớp giúp tìm lỗi ở nguồn tri thức, retrieval hoặc generation.","Lưu query, retrieved chunks, generated answer và reference khi cần; kiểm tra relevance/coverage rồi grounding/usefulness. Theo dõi KB freshness và cấu hình chunking/retrieval.",Retriever đưa policy cũ; model trả lời trôi chảy nhưng nội dung hết hiệu lực.,Root cause RAG score giảm; chọn sửa ingestion/retrieval hoặc prompt/model.,Câu trả lời có citation không tự chứng minh citation hỗ trợ claim. Grounded trên tài liệu cũ vẫn có thể sai thực tế.,Bedrock RAG evaluations; Knowledge Bases,Domain 4,4.1,FM quality,Skill Builder,https://skillbuilder.aws/learn/AU24AGRSFQ/aws-ml-engineer-associate--monitor-model-inference/VHYSRYCCF9,16/09/2026
"Grounding, hallucination, and consistency threshold",claims supported by context • flag suspicious outputs,"Bám nguồn, ảo giác và ngưỡng nhất quán","Grounding checks assess whether a response's claims are supported by the supplied or retrieved context. Unsupported claims are hallucination candidates; automated consistency scores can prioritize suspicious outputs for human review, but evidence quality and evaluator limitations determine how much confidence the check deserves.","Grounding check đánh giá claim trong response có được ngữ cảnh cung cấp hoặc truy xuất hỗ trợ hay không. Claim không có căn cứ là ứng viên hallucination; consistency score tự động giúp ưu tiên output đáng nghi cho review, nhưng độ tin của kiểm tra phụ thuộc chất lượng nguồn và giới hạn evaluator.","Kiểm tra từng response hoặc mẫu theo rủi ro, gắn claim-evidence, đặt threshold và review queue. Sau alert, kiểm tra retrieval relevance, KB freshness rồi prompt/model.",Walkthrough consistency<0.8 → human review; 0.8 chỉ là ngưỡng minh họa của ứng dụng.,Phát hiện hallucination ở quy mô lớn và ưu tiên con người vào case đáng nghi.,"Grounding cao không bảo đảm nguồn đúng hoặc cập nhật; score thấp cần kiểm tra, không luôn chứng minh mọi câu đều sai.",Bedrock evaluations; Guardrails; application checks,Domain 4,4.1,FM quality,Skill Builder,https://skillbuilder.aws/learn/AU24AGRSFQ/aws-ml-engineer-associate--monitor-model-inference/VHYSRYCCF9,16/09/2026
Human helpfulness feedback,used • edited • ignored • outcome signal,Phản hồi tính hữu ích từ người dùng,"Human helpfulness feedback records how users actually use an AI suggestion, such as accepting it, editing it, or ignoring it. Aggregating these outcomes provides a direct application-quality signal that complements automated judges and reveals whether generated content reduces effort in the real workflow.","Human helpfulness feedback ghi cách người dùng thực sự sử dụng gợi ý AI, như dùng nguyên, chỉnh sửa hoặc bỏ qua. Tổng hợp các kết quả tạo tín hiệu chất lượng trực tiếp của ứng dụng, bổ sung automated judge và cho thấy nội dung sinh có giảm công việc thực tế không.","Định nghĩa used/edited/ignored và eligible suggestions; theo dõi theo task/team/version, kết hợp nhận xét. Review selection bias khi chỉ một nhóm chủ động phản hồi.",Walkthrough used rate<60% → điều tra; ngưỡng này là ví dụ.,"Đánh giá assistant hỗ trợ nhân viên, dùng feedback để ưu tiên cải tiến.",Bị edit không luôn nghĩa sai; bỏ qua có thể do workflow. Không biến feedback chưa xác minh thành nhãn train tự động.,Application telemetry; CloudWatch; Bedrock evaluations,Domain 4,4.1,FM quality,Skill Builder,https://skillbuilder.aws/learn/AU24AGRSFQ/aws-ml-engineer-associate--monitor-model-inference/VHYSRYCCF9,16/09/2026
Guardrail intervention rate,content safeguards • blocked/filtered • rising violations,Tỷ lệ can thiệp của guardrail,"Guardrail intervention rate tracks how often configured safety or content controls act on application inputs or outputs. A rising rate may indicate changing user requests, application exposure, or model behavior, and should trigger investigation of the affected policies and examples rather than an assumption that infrastructure has failed.","Guardrail intervention rate theo dõi tần suất các kiểm soát nội dung/an toàn đã cấu hình tác động lên input hoặc output. Tỷ lệ tăng có thể do yêu cầu người dùng, phạm vi ứng dụng hoặc hành vi model thay đổi, cần điều tra policy và ví dụ bị tác động thay vì mặc định hạ tầng hỏng.","Theo policy category, input/output, model/prompt version và traffic segment; kiểm tra false positives và các case lọt kiểm soát cùng với rate.",Violation rate tăng sau mở public chatbot; xem user input mix và guardrail config.,Giám sát ranh giới an toàn song song helpfulness/grounding.,Rate thấp không chứng minh tuyệt đối an toàn; giảm sensitivity để làm dashboard đẹp có thể che rủi ro.,Amazon Bedrock Guardrails; CloudWatch,Domain 4,4.1,FM quality,Skill Builder,https://skillbuilder.aws/learn/AU24AGRSFQ/aws-ml-engineer-associate--monitor-model-inference/VHYSRYCCF9,16/09/2026
Model Monitor — exam scope and current availability,exam concept • existing customers • current status,Phân biệt kiến thức đề thi và trạng thái dịch vụ,"Model Monitor remains a named example in the MLA-C01 monitoring task, but current AWS documentation states that it is no longer available to new customers and remains usable by existing customers. Study its monitoring concepts while checking present service availability before designing a new implementation.","Model Monitor vẫn là ví dụ được nêu trong task monitoring của MLA-C01, nhưng tài liệu AWS hiện thông báo dịch vụ không mở cho khách hàng mới và khách hàng hiện hữu vẫn sử dụng được. Học các khái niệm monitoring của nó, đồng thời kiểm tra trạng thái dịch vụ trước khi thiết kế triển khai mới.","Đối chiếu 16/09/2026: exam guide Task 4.1 nhắc Model Monitor/Clarify; course hiện hướng dẫn capture, scheduled analysis, CloudWatch. AWS giới thiệu phương án open-source monitoring + CloudWatch/QuickSight.",Khi đề hỏi monitor quality theo baseline vẫn nhận diện Model Monitor; khi triển khai tài khoản mới kiểm tra phương án hiện hành.,Tránh lẫn yêu cầu ôn thi với khả năng tạo tài nguyên thực tế.,"Không tự xóa kiến thức khỏi bộ ôn vì trạng thái đổi; đây là ghi chú hiện hành có ngày đối chiếu, không cam kết nội dung mọi phiên bản đề.",Model Monitor; CloudWatch,Domain 4,4.1,Ghi chú đối chiếu,Bổ sung Domain 4,"https://skillbuilder.aws/learn/AU24AGRSFQ/aws-ml-engineer-associate--monitor-model-inference/VHYSRYCCF9
https://docs.aws.amazon.com/sagemaker/latest/dg/model-monitor-availability-change.html
https://docs.aws.amazon.com/aws-certification/latest/machine-learning-engineer-associate-01/machine-learning-engineer-associate-01-domain4.html",16/09/2026
Infrastructure cost–performance trade-off,cost • performance • reliability,"Đánh đổi chi phí, hiệu năng và độ tin cậy","Infrastructure optimization selects resource configurations and operating policies that meet workload performance and reliability requirements at an acceptable total cost. The goal is to remove waste while preserving required latency, throughput, availability, and model quality.","Tối ưu hạ tầng là lựa chọn cấu hình tài nguyên và chính sách vận hành đáp ứng yêu cầu hiệu năng, độ tin cậy của workload với tổng chi phí phù hợp. Mục tiêu là loại bỏ lãng phí nhưng vẫn giữ latency, throughput, availability và chất lượng mô hình theo yêu cầu.","Đặt ràng buộc kinh doanh trước: p99 latency, lưu lượng giờ cao điểm, uptime, deadline training, chất lượng. Sau đó đo baseline, thử phương án, tính tổng chi phí và kiểm tra lại sau thay đổi.",Endpoint rẻ hơn 30% nhưng p99 vượt SLA 100 ms là phương án không đạt. Có thể dùng nhiều instance nhỏ hơn nếu tổng chi phí giảm và vẫn đủ capacity.,"Tối ưu sau deployment, trước cam kết mua tài nguyên và khi workload thay đổi.","Không tối ưu một mình giá/instance hoặc CPU utilization. Chi phí gồm compute, storage, network và các dịch vụ phụ trợ.",CloudWatch; Inference Recommender; Cost Explorer,Domain 4,4.2,Nền tảng tối ưu,Skill Builder,https://skillbuilder.aws/learn/SEJPMPB8Y7/aws-ml-engineer-associate--optimize-costs-and-performance/2ZZA686XXW,16/09/2026
Resource utilization and saturation,CPU • memory • GPU • network • storage,Mức sử dụng và bão hòa tài nguyên,"Resource utilization measures how much of an available resource a workload consumes during an observation period. Low utilization can reveal idle spending, while sustained high utilization or queue growth can indicate a bottleneck that limits throughput or increases latency.",Mức sử dụng tài nguyên đo phần năng lực sẵn có mà workload tiêu thụ trong một khoảng quan sát. Utilization thấp có thể cho thấy chi phí nhàn rỗi; utilization cao kéo dài hoặc hàng đợi tăng có thể cho thấy nút thắt làm giảm throughput hoặc tăng latency.,"Quan sát riêng CPU, bộ nhớ, GPU, disk I/O và network; kết hợp average với peak và percentile latency. CPU thấp không chứng minh cả máy dư thừa nếu memory hoặc GPU đã gần giới hạn.","CPU 35%, memory 28% trên máy 64 GiB gợi ý thử rightsizing; memory đang dùng xấp xỉ 17,92 GiB, cần thêm headroom.","Phát hiện overprovisioning, chọn family phù hợp và tìm tài nguyên gây nghẽn.","Không cố đạt 100% utilization mọi lúc; cần headroom cho spike, failover, model loading và batch lớn.",CloudWatch; Compute Optimizer,Domain 4,4.2,Infrastructure KPIs,Skill Builder,https://skillbuilder.aws/learn/SEJPMPB8Y7/aws-ml-engineer-associate--optimize-costs-and-performance/2ZZA686XXW,16/09/2026
Throughput versus latency,requests/second • completion time • p99,Thông lượng khác độ trễ,"Throughput is the amount of work completed per unit time, while latency is the time required to complete an individual operation. Infrastructure must support the required arrival rate without allowing queueing and tail latency to exceed the application's service objectives.","Throughput là lượng công việc hoàn thành trên một đơn vị thời gian, còn latency là thời gian hoàn tất một thao tác. Hạ tầng phải đáp ứng tốc độ request đến mà không làm hàng đợi và độ trễ đuôi vượt mục tiêu dịch vụ của ứng dụng.",Batch workload thường quan tâm records/giờ và deadline; online inference quan tâm requests/giây cùng p95/p99. Batching có thể tăng throughput nhưng tăng thời gian chờ từng request.,50 triệu predictions/ngày tương đương khoảng 579 predictions/giây trung bình; không thể dùng riêng mức trung bình để size cho giờ cao điểm.,"Load testing, capacity planning và so sánh cấu hình endpoint.","Throughput cao không đồng nghĩa mọi request nhanh. Đo cùng payload, concurrency, model và điều kiện tải để so sánh.",Inference Recommender; CloudWatch,Domain 4,4.2,Infrastructure KPIs,Skill Builder,https://skillbuilder.aws/learn/SEJPMPB8Y7/aws-ml-engineer-associate--optimize-costs-and-performance/2ZZA686XXW,16/09/2026
Availability and fault tolerance,uptime • failure recovery • redundancy,Tính sẵn sàng và khả năng chịu lỗi,"Availability describes whether a service is accessible and functioning when needed. Fault tolerance describes its ability to continue operating when components fail, using redundancy, isolation, and recovery mechanisms rather than relying on a single healthy resource.","Availability thể hiện dịch vụ có truy cập được và hoạt động khi cần hay không. Fault tolerance là khả năng tiếp tục vận hành khi thành phần hỏng, nhờ dự phòng, cô lập lỗi và cơ chế phục hồi thay vì phụ thuộc vào một tài nguyên luôn khỏe.","Theo dõi uptime, failed requests và system health; đánh giá cấu hình nhiều AZ, khả năng thay thế tài nguyên và capacity dự phòng. Chi phí dự phòng phải gắn với mục tiêu nghiệp vụ.",Cắt toàn bộ instance dự phòng giúp giảm bill nhưng có thể làm mất khả năng phục vụ khi một instance hoặc AZ gặp lỗi.,Quyết định minimum capacity và thiết kế hệ thống inference quan trọng.,Autoscaling không thay thế toàn bộ thiết kế fault tolerance; bổ sung capacity có độ trễ và còn phụ thuộc quota/nguồn cung.,SageMaker hosting; CloudWatch,Domain 4,4.2,Infrastructure KPIs,Skill Builder,https://skillbuilder.aws/learn/SEJPMPB8Y7/aws-ml-engineer-associate--optimize-costs-and-performance/2ZZA686XXW,16/09/2026
Scalability and capacity headroom,changing demand • scale out/in • safety margin,Khả năng mở rộng và phần năng lực dự phòng,"Scalability is the ability to adjust service capacity as workload demand changes. Capacity headroom is the unused operating margin reserved for bursts, scaling delays, and failures so that ordinary demand changes do not immediately cause service degradation.","Scalability là khả năng điều chỉnh năng lực phục vụ khi nhu cầu thay đổi. Capacity headroom là phần năng lực chưa dùng dành cho burst, độ trễ scale và sự cố, giúp biến động tải thông thường không lập tức làm suy giảm dịch vụ.","Scale out tăng số instance; scale in giảm số instance. Vertical scaling đổi kích thước/family. Theo dõi saturation, queue, latency và thời gian khởi tạo để đặt min/max và cooldown.",Peak có thể đến trước khi instance mới tải model xong; cần scale sớm hoặc giữ warm capacity phù hợp.,"Nhu cầu thay đổi theo ngày, chiến dịch hoặc tăng trưởng người dùng.",Giới hạn max capacity quá thấp hoặc quota chưa đủ khiến chính sách đúng vẫn không scale được.,Application Auto Scaling; Service Quotas,Domain 4,4.2,Capacity,Skill Builder,https://skillbuilder.aws/learn/SEJPMPB8Y7/aws-ml-engineer-associate--optimize-costs-and-performance/2ZZA686XXW,16/09/2026
Rightsizing and instance family selection,fit workload • CPU/memory/GPU • benchmark,Chọn đúng loại và kích thước instance,"Rightsizing matches instance family, size, and count to the workload's actual compute, memory, accelerator, and latency needs. It uses measurements and representative benchmarks to reduce overprovisioning without creating memory failures or violating service objectives.","Rightsizing là ghép family, kích thước và số instance với nhu cầu thực tế về compute, bộ nhớ, accelerator và latency. Việc này dựa trên số đo và benchmark đại diện để giảm cấp dư tài nguyên mà không gây thiếu bộ nhớ hoặc vi phạm mục tiêu dịch vụ.","General purpose cân bằng CPU/memory; compute optimized cho CPU-bound; memory optimized khi working set lớn; GPU cho phép tính song song; Inferentia cho inference tương thích. Test cả size và family, không chỉ giảm một nấc máy.",GPU idle nhưng CPU cao: thử CPU-oriented serving hoặc sửa preprocessing; chọn dựa trên profile toàn request.,CPU/memory thấp kéo dài; GPU không được dùng; chi phí/1.000 predictions cao.,"Family rẻ hơn không chắc tổng hệ thống rẻ hơn; tính số replica, memory fit, throughput và chi phí chuyển đổi.",Inference Recommender; Compute Optimizer; EC2,Domain 4,4.2,Rightsizing,Skill Builder,https://skillbuilder.aws/learn/SEJPMPB8Y7/aws-ml-engineer-associate--optimize-costs-and-performance/2ZZA686XXW,16/09/2026
Memory floor and per-instance model fit,working set • headroom • per replica,Dung lượng bộ nhớ tối thiểu để model chạy,"The memory floor is the minimum memory needed to hold the model and its runtime working set on each serving replica. A candidate instance must provide enough memory for loading, concurrent requests, and operating overhead before its price or CPU performance is considered.","Memory floor là lượng bộ nhớ tối thiểu để chứa model và working set lúc chạy trên từng replica phục vụ. Instance ứng viên phải đủ bộ nhớ cho tải model, request đồng thời và overhead vận hành trước khi xét giá hoặc hiệu năng CPU.","Đo actual resident/peak memory thay vì chỉ model artifact trên S3. Thêm runtime, tensors, batch buffers và concurrent requests. Nhiều replica không tự chia bộ nhớ một model nếu không thiết kế model parallelism.","Bài học: 28% × 64 GiB ≈ 17,92 GiB. c5.xlarge có 8 GiB nên không thể mặc nhiên thay thế; phải chọn size đủ RAM và benchmark lại.","Sàng lọc candidate trong rightsizing, MME và triển khai model lớn.","Video nhắc c5.xlarge nhưng cũng nêu working set khoảng 18 GiB: dữ kiện không nhất quán. Giữ nguyên nguyên tắc memory fit, không học thuộc cấu hình thay thế đó.",EC2; SageMaker endpoints,Domain 4,4.2,Rightsizing,Skill Builder,"https://skillbuilder.aws/learn/SEJPMPB8Y7/aws-ml-engineer-associate--optimize-costs-and-performance/2ZZA686XXW
https://aws.amazon.com/ec2/instance-types/c5/",16/09/2026
Inference recommendation job versus endpoint recommendation job,default benchmark • advanced traffic test,Hai mức benchmark của Inference Recommender,"An inference recommendation job benchmarks recommended endpoint configurations to identify suitable deployment options. An advanced endpoint recommendation job tests selected configurations against a specified traffic pattern and performance requirements, allowing a more workload-specific capacity decision.","Inference recommendation job benchmark các cấu hình endpoint được đề xuất để tìm lựa chọn triển khai phù hợp. Endpoint recommendation job nâng cao thử các cấu hình được chọn theo traffic pattern và yêu cầu hiệu năng cụ thể, giúp quyết định capacity sát workload hơn.","Chuẩn bị model/container và payload đại diện; chạy default để shortlist, rồi advanced nếu cần kiểm chứng traffic, latency hoặc throughput riêng. Đọc cost cùng resource utilization và performance.","Khóa học nêu khoảng 45 phút cho default và trung bình 2 giờ cho advanced; đây là thời gian tham khảo, không phải SLA.",Chọn instance/count dựa benchmark thay vì chỉ tên family hoặc giá niêm yết.,Benchmark vẫn tạo tài nguyên có phí. Tải thử không đại diện có thể cho khuyến nghị không phù hợp production.,SageMaker Inference Recommender,Domain 4,4.2,Rightsizing,Skill Builder,"https://skillbuilder.aws/learn/SEJPMPB8Y7/aws-ml-engineer-associate--optimize-costs-and-performance/2ZZA686XXW
https://docs.aws.amazon.com/sagemaker/latest/dg/inference-recommender.html",16/09/2026
Monitoring versus observability,collect signals • explain internal state,Giám sát khác khả năng quan sát hệ thống,"Monitoring collects and checks known health and performance signals. Observability uses correlated metrics, logs, and traces to explain internal system behavior and locate the cause of unexpected latency, errors, or resource consumption across connected components.","Monitoring thu thập và kiểm tra các tín hiệu sức khỏe, hiệu năng đã xác định. Observability dùng metric, log và trace có liên kết để giải thích hành vi nội bộ, tìm nguyên nhân latency, lỗi hoặc tiêu thụ tài nguyên bất thường qua nhiều thành phần.",Metric phát hiện triệu chứng; log cho biết chi tiết event; trace cho thấy đường đi và thời gian từng bước. Correlation/request ID nối các lớp bằng chứng.,Endpoint CPU bình thường nhưng người dùng chờ lâu: trace có thể chỉ ra truy vấn database hoặc Lambda preprocessing chậm.,Troubleshooting end-to-end và tránh tăng capacity sai thành phần.,Dashboard xanh không chứng minh trải nghiệm tốt; metric tổng có thể che một dependency hoặc nhóm request lỗi.,CloudWatch; X-Ray; Logs Insights; AgentCore,Domain 4,4.2,Observability,Skill Builder,https://skillbuilder.aws/learn/SEJPMPB8Y7/aws-ml-engineer-associate--optimize-costs-and-performance/2ZZA686XXW,16/09/2026
Distributed trace and critical-path bottleneck,service map • dependency • span duration,Trace phân tán và nút thắt trên đường xử lý,"A distributed trace follows one request through services and records timed operations along its execution path. It helps identify which dependency or operation dominates end-to-end latency, including work outside the machine learning endpoint itself.","Trace phân tán theo một request qua các dịch vụ và ghi lại thời gian các thao tác trên đường thực thi. Nó giúp nhận ra dependency hoặc thao tác chiếm phần lớn latency end-to-end, kể cả công việc nằm ngoài endpoint học máy.","Instrument các thành phần, truyền trace context và xem service map/segment/span. Phân biệt thời gian model, preprocessing, network và database; với xử lý song song, chú ý critical path thay vì cộng mọi span.",API → Lambda → SageMaker → database: database chiếm 70% thời gian thì ưu tiên tối ưu query/index/connection trước.,Request chậm qua nhiều dịch vụ và lỗi khó xác định bằng metric riêng lẻ.,CloudTrail cho audit API; không thay distributed trace về latency. Thiếu instrumentation sẽ tạo khoảng trống bằng chứng.,AWS X-Ray; CloudWatch,Domain 4,4.2,Observability,Skill Builder,https://skillbuilder.aws/learn/SEJPMPB8Y7/aws-ml-engineer-associate--optimize-costs-and-performance/2ZZA686XXW,16/09/2026
"Log pattern, comparison, and anomaly analysis",query logs • recurring patterns • time comparison,"Phân tích mẫu log, so kỳ và bất thường","Log analysis groups and queries event records to discover recurring failures, changing patterns, and unusual behavior. Comparing equivalent time windows can connect a performance regression with a deployment or workload change that aggregate metrics alone do not explain.","Phân tích log nhóm và truy vấn bản ghi event để tìm lỗi lặp, mẫu thay đổi và hành vi bất thường. So các khoảng thời gian tương đương có thể nối performance regression với deployment hoặc thay đổi workload mà metric tổng không giải thích được.","Giới hạn log groups và time range; filter error/request/version, aggregate hoặc dùng pattern analysis; so trước/sau release. Logs Insights phù hợp điều tra tương tác, với tính năng cụ thể phụ thuộc loại log và quyền.",Timeout tăng sau release: nhóm error theo version và dependency để tìm thành phần thay đổi.,"CPU spike, invocation failure, Lambda memory issue hoặc integration regression.",Log anomaly không đồng nghĩa model drift. Query phạm vi quá rộng tăng chi phí scan và nhiễu kết quả.,CloudWatch Logs Insights,Domain 4,4.2,Observability,Skill Builder,https://skillbuilder.aws/learn/SEJPMPB8Y7/aws-ml-engineer-associate--optimize-costs-and-performance/2ZZA686XXW,16/09/2026
Operational dashboard versus business intelligence,live operations • cross-Region • BI trends,Dashboard vận hành khác phân tích BI,"An operational dashboard places service health and performance signals in one view for rapid diagnosis. A business intelligence dashboard combines operational and business datasets for broader comparisons, trends, forecasting, and communication with non-operational stakeholders.","Dashboard vận hành đặt tín hiệu sức khỏe và hiệu năng dịch vụ vào một màn hình để chẩn đoán nhanh. Dashboard BI kết hợp dữ liệu vận hành với dữ liệu kinh doanh để so sánh, theo dõi xu hướng, dự báo và trao đổi với người không trực tiếp vận hành.","CloudWatch dashboard có thể hiển thị nhiều Region; cross-account cần cấu hình quyền/liên kết. Quick Sight phù hợp kết hợp cost, metrics, spreadsheet và dữ liệu bên ngoài thành báo cáo.",On-call xem latency/error hai Region bằng CloudWatch; quản lý xem chi phí theo sản phẩm và forecast bằng Quick Sight.,Chọn đúng công cụ theo người đọc và loại quyết định.,"EventBridge là định tuyến sự kiện, không phải công cụ vẽ dashboard. Có dashboard không tự có alarm hoặc remediation.",CloudWatch dashboards; Amazon Quick Sight,Domain 4,4.2,Dashboards,Skill Builder,https://skillbuilder.aws/learn/SEJPMPB8Y7/aws-ml-engineer-associate--optimize-costs-and-performance/2ZZA686XXW,16/09/2026
Service quota versus available capacity,regional limit • request increase • supply,Hạn mức dịch vụ khác năng lực thực tế,"A service quota limits the amount or rate of a resource that an account may use, often within a Region. Having a sufficient quota permits requests but does not itself reserve physical capacity or guarantee that requested instances are immediately available.","Service quota giới hạn lượng hoặc tốc độ sử dụng tài nguyên của tài khoản, thường theo Region. Quota đủ cho phép gửi yêu cầu nhưng không tự giữ chỗ tài nguyên vật lý hoặc bảo đảm instance yêu cầu có ngay.","Kiểm tra instance count, endpoint/serverless concurrency và API limits trước rollout. Phân biệt adjustable quota với hạn mức không điều chỉnh; xin tăng sớm và kiểm thử capacity thực tế.",Max autoscaling 20 nhưng quota chỉ cho 10 instance: cần giải quyết quota trước đợt tăng tải.,"Capacity planning cho deployment mới, sự kiện lớn hoặc benchmark.",Quota không phải budget và không phải capacity reservation. Tăng quota không tự giảm throttling nếu ứng dụng có bottleneck khác.,AWS Service Quotas; SageMaker; EC2,Domain 4,4.2,Capacity,Skill Builder,https://skillbuilder.aws/learn/SEJPMPB8Y7/aws-ml-engineer-associate--optimize-costs-and-performance/2ZZA686XXW,16/09/2026
Cold start and provisioned concurrency,warm capacity • startup latency • paid readiness,Khởi động lạnh và concurrency được chuẩn bị sẵn,"A cold start adds initialization time when serving capacity must be created or a model loaded before processing a request. Provisioned concurrency keeps a configured amount of serverless inference capacity ready, reducing startup delays for requests covered by that warm capacity.","Cold start làm tăng thời gian khởi tạo khi phải tạo capacity hoặc tải model trước khi xử lý request. Provisioned concurrency giữ sẵn lượng capacity serverless inference được cấu hình, giảm chậm trễ khởi động cho request nằm trong phần capacity đã làm nóng.",Serverless on-demand giảm chi phí khi idle nhưng có startup latency. Provisioned concurrency đổi chi phí warm capacity lấy latency ổn định hơn; chọn số lượng theo concurrency và traffic pattern.,Assistant ít request giữa ngày nhưng cần trả nhanh: đánh giá serverless + một mức provisioned concurrency phù hợp thay vì giữ endpoint lớn.,Nhu cầu gián đoạn nhưng nhạy cold-start latency.,"Không bảo đảm mọi burst đều không cold start; phần vượt warm capacity còn phụ thuộc max concurrency, quota và khả năng scale.",SageMaker Serverless Inference,Domain 4,4.2,Capacity,Skill Builder,https://skillbuilder.aws/learn/SEJPMPB8Y7/aws-ml-engineer-associate--optimize-costs-and-performance/2ZZA686XXW,16/09/2026
Target tracking scaling,maintain target • demand-driven • min/max,Scale để duy trì một mức metric mục tiêu,"Target tracking adjusts scalable capacity to keep a selected utilization or demand metric near a target value. It adds capacity when demand per resource is too high and removes capacity when demand falls, subject to configured limits and scaling behavior.","Target tracking điều chỉnh capacity để giữ metric utilization hoặc nhu cầu gần một giá trị mục tiêu. Nó tăng capacity khi tải trên mỗi tài nguyên quá cao và giảm khi nhu cầu thấp, trong giới hạn và hành vi scaling đã cấu hình.","Chọn metric tỷ lệ hợp lý với capacity; xác định target, min/max, cooldown và thời gian model warm-up. Theo dõi p99/error sau scale để xác nhận target đáp ứng SLA.",Giữ mức invocations/instance phù hợp benchmark; số instance tăng khi traffic tăng.,Tải biến động không có lịch chính xác; duy trì serving utilization ổn định.,Không dùng một target tùy ý vì CPU thấp/cao không luôn phản ánh bottleneck. Quota có thể chặn scale-out.,Application Auto Scaling; SageMaker endpoints,Domain 4,4.2,Autoscaling,Skill Builder,https://skillbuilder.aws/learn/SEJPMPB8Y7/aws-ml-engineer-associate--optimize-costs-and-performance/2ZZA686XXW,16/09/2026
Step scaling,alarm breach size • scaling steps,Scale theo mức độ vượt ngưỡng alarm,"Step scaling changes capacity by different amounts according to the magnitude of a metric's alarm breach. It gives explicit control over the response to small, medium, or large demand changes through a set of configured scaling adjustments.","Step scaling thay đổi capacity với lượng khác nhau theo mức metric vượt ngưỡng alarm. Nó cho phép kiểm soát rõ phản ứng đối với thay đổi tải nhỏ, vừa hoặc lớn thông qua các bước điều chỉnh đã cấu hình.","Đặt alarm, định nghĩa breach ranges và adjustment tương ứng; cấu hình cooldown và min/max. Cần tránh bước scale quá mạnh gây dao động hoặc quá nhỏ khiến backlog kéo dài.","Vượt ngưỡng nhẹ thêm 1 instance; vượt lớn thêm 3 là ví dụ chính sách tự thiết kế, không phải mặc định AWS.",Cần phản ứng theo nhiều mức độ nghiêm trọng có kiểm soát.,Khác target tracking giữ mục tiêu; khác scheduled scaling chạy theo lịch.,Application Auto Scaling; CloudWatch alarms,Domain 4,4.2,Autoscaling,Skill Builder,https://skillbuilder.aws/learn/SEJPMPB8Y7/aws-ml-engineer-associate--optimize-costs-and-performance/2ZZA686XXW,16/09/2026
Scheduled scaling,predictable peaks • scale ahead,Scale theo lịch đã biết,Scheduled scaling changes capacity limits or desired capacity at predetermined times so resources are ready before a predictable workload peak. It can complement reactive scaling for unexpected demand outside the planned schedule.,Scheduled scaling thay đổi giới hạn hoặc capacity mong muốn vào thời điểm định trước để tài nguyên sẵn sàng trước đợt tải có thể dự đoán. Nó có thể kết hợp scaling phản ứng theo metric để xử lý nhu cầu ngoài lịch.,"Dựa lịch kinh doanh, chuẩn bị capacity trước peak đủ lâu cho model load; giảm sau peak; dùng target tracking trong khung min/max nếu phù hợp.","Tăng minimum capacity trước chiến dịch 9 giờ, giảm cuối ngày, giữ target tracking cho spike không dự báo.","Lưu lượng theo giờ, ngày làm việc, sự kiện hoặc batch có lịch.",Lịch sai timezone hoặc không xét warm-up có thể scale muộn. Lịch không phản ánh sự kiện bất thường.,Application Auto Scaling,Domain 4,4.2,Autoscaling,Skill Builder,https://skillbuilder.aws/learn/SEJPMPB8Y7/aws-ml-engineer-associate--optimize-costs-and-performance/2ZZA686XXW,16/09/2026
Cost allocation tags and activation,tag → activate → group/filter,Gắn và kích hoạt nhãn phân bổ chi phí,"A cost allocation tag is a resource label used to associate billed usage with a project, team, environment, or cost center. Applying the tag organizes resources; activating the tag for billing makes supported cost data available for allocation and analysis.","Cost allocation tag là nhãn tài nguyên dùng để gắn usage được tính phí với dự án, nhóm, môi trường hoặc cost center. Gắn tag giúp tổ chức tài nguyên; kích hoạt tag trong Billing làm dữ liệu chi phí được hỗ trợ có thể dùng để phân bổ và phân tích.","Chuẩn hóa key/value → gắn ở tài nguyên/job phù hợp → activate trong Billing → đợi dữ liệu cập nhật → group/filter trong Cost Explorer, Budgets, CUR. Kiểm tra propagation từ Studio thay vì giả định mọi resource tự kế thừa.","Project=FraudDetection, Environment=Prod, Team=Risk giúp tách training experiments khỏi inference production.","Chargeback/showback, ngân sách theo dự án và tìm cost spike.",Không xuất hiện tức thì. Backfill có điều kiện khi tag từng tồn tại trên resource; không mặc nhiên tạo lịch sử tag chưa từng gắn.,Billing; Cost Explorer; Budgets; CUR,Domain 4,4.2,Cost allocation,Skill Builder,"https://skillbuilder.aws/learn/SEJPMPB8Y7/aws-ml-engineer-associate--optimize-costs-and-performance/2ZZA686XXW
https://docs.aws.amazon.com/awsaccountbilling/latest/aboutv2/cost-alloc-tags.html",16/09/2026
Actual versus forecast budget alert,spent amount • projected amount • notification,Cảnh báo chi thực tế và dự báo,"An actual-cost budget alert compares recorded spending with a threshold, while a forecast alert compares projected spending with that threshold. These alerts provide early cost awareness and can support configured actions, but they do not inherently impose a hard real-time spending cap.","Cảnh báo actual cost so chi phí đã ghi nhận với ngưỡng; cảnh báo forecast so chi phí dự kiến với ngưỡng. Chúng giúp nhận biết rủi ro vượt ngân sách sớm và có thể hỗ trợ action đã cấu hình, nhưng không tự là trần chi tiêu cứng theo thời gian thực.","Lọc budget theo account/service/tag; đặt ngưỡng actual và forecast; chọn người nhận và phản ứng. Billing data có độ trễ, cần kết hợp controls cấp ứng dụng khi phải giới hạn usage.",Dự án mới dùng 60% ngân sách nhưng forecast cuối tháng 130%: cảnh báo forecast cho phép can thiệp trước khi vượt.,Kiểm soát chi phí theo team/project và cảnh báo xu hướng.,"Budget alert không tự dừng mọi endpoint/model call. Service quota giới hạn tài nguyên/rate, không tương đương USD cap.",AWS Budgets,Domain 4,4.2,Cost controls,Skill Builder,https://skillbuilder.aws/learn/SEJPMPB8Y7/aws-ml-engineer-associate--optimize-costs-and-performance/2ZZA686XXW,16/09/2026
"On-Demand, Spot, and commitment choices",flexibility • interruption • baseline commitment,Chọn hình thức trả phí theo đặc tính workload,"Purchasing strategy matches workload predictability and interruption tolerance to a pricing option. On-Demand favors flexibility, Spot trades interruption risk for lower rates, and commitments can discount a dependable usage baseline while creating an obligation to pay for committed usage.",Chiến lược mua tài nguyên ghép độ dự đoán được và khả năng chịu gián đoạn của workload với hình thức giá. On-Demand ưu tiên linh hoạt; Spot đổi rủi ro gián đoạn lấy giá thấp; cam kết có thể giảm giá cho baseline ổn định nhưng tạo nghĩa vụ trả phần đã cam kết.,"Phân loại workloads trước: production luôn chạy, training chịu restart, experiments ngắn. Sau đó chọn đúng dịch vụ được pricing plan hỗ trợ và tính utilization/coverage.",Managed Spot cho weekly training có checkpoint; SageMaker Savings Plans cho eligible baseline; On-Demand cho thử nghiệm ngắn.,Thiết kế danh mục chi phí thay vì áp dụng một lựa chọn cho tất cả.,Giảm giá tối đa quảng cáo không phải mức chắc chắn; plan của EC2 không tự áp dụng managed SageMaker.,EC2 purchasing; SageMaker Managed Spot; Savings Plans,Domain 4,4.2,Purchasing,Skill Builder,https://skillbuilder.aws/learn/SEJPMPB8Y7/aws-ml-engineer-associate--optimize-costs-and-performance/2ZZA686XXW,16/09/2026
Spot interruption and checkpoint recovery,interruptible • durable checkpoint • resume,Gián đoạn Spot và tiếp tục từ checkpoint,"Spot training uses spare compute capacity that can be reclaimed. Durable checkpoints preserve training state so a compatible training job can resume after interruption instead of repeating all completed work, trading lower compute cost against waiting and recovery time.","Spot training dùng capacity dư có thể bị thu hồi. Checkpoint bền vững lưu trạng thái huấn luyện để job tương thích có thể tiếp tục sau gián đoạn thay vì làm lại toàn bộ, đổi chi phí compute thấp hơn lấy thời gian chờ và phục hồi.","Training code/framework phải lưu và nạp đúng model/optimizer state; dùng S3 checkpoint location; đặt giới hạn runtime và tổng thời gian chờ phù hợp deadline. Kiểm tra resume thật, không chỉ bật flag.","Training 6 giờ, checkpoint mỗi 30 phút: checkpoint giảm phần tính toán phải làm lại, nhưng không giới hạn tổng chậm trễ ở 30 phút.",Training dài chịu gián đoạn và không cần hoàn tất đúng một thời điểm cứng.,"Không có checkpoint tương thích thì bật Spot không tự phục hồi đầy đủ. Đợi capacity, restart và đồng bộ checkpoint còn tăng elapsed time.",SageMaker Managed Spot Training; S3,Domain 4,4.2,Purchasing,Skill Builder,https://skillbuilder.aws/learn/SEJPMPB8Y7/aws-ml-engineer-associate--optimize-costs-and-performance/2ZZA686XXW,16/09/2026
"Savings Plans commitment, utilization, and coverage",$/hour • 1/3 years • eligible usage,"Cam kết theo giờ, mức sử dụng và độ bao phủ","A Savings Plan exchanges a sustained hourly spending commitment for discounted rates on eligible usage during a term. Utilization measures how much of the commitment is consumed, while coverage measures how much eligible usage receives the plan's discount.",Savings Plan đổi cam kết chi tiêu theo giờ trong một kỳ hạn lấy đơn giá giảm cho usage đủ điều kiện. Utilization đo mức dùng hết cam kết; coverage đo phần usage đủ điều kiện được hưởng mức giá của plan.,Cam kết phải bám baseline sau rightsizing và loại bỏ idle. Chọn đúng plan: Compute cho EC2/Lambda/Fargate; EC2 Instance cho family/Region EC2; SageMaker AI cho eligible SageMaker instance usage.,Commit vượt nhu cầu → trả phần không dùng; nhu cầu vượt commit → phần vượt chịu giá On-Demand tương ứng.,Workload ổn định trong 1 hoặc 3 năm và cần tối ưu mức chi phí nền.,Khóa học nói ba loại plan; tài liệu hiện có thêm Database Savings Plans. Không suy rằng mọi plan hoặc mọi Bedrock token đều được plan ML chi trả.,Savings Plans; Cost Explorer,Domain 4,4.2,Purchasing,Skill Builder,"https://skillbuilder.aws/learn/SEJPMPB8Y7/aws-ml-engineer-associate--optimize-costs-and-performance/2ZZA686XXW
https://docs.aws.amazon.com/savingsplans/latest/userguide/plan-types.html",16/09/2026
EC2 Reserved Instances versus SageMaker Savings Plans,EC2 billing discount • SageMaker eligible usage,Phân biệt phạm vi RI và plan SageMaker,"An EC2 Reserved Instance is an EC2 billing benefit tied to matching instance attributes and a commitment term. Managed SageMaker instance usage has its own eligible Savings Plans offering, so choosing a commitment requires matching the plan to the service that appears on the bill.","EC2 Reserved Instance là ưu đãi tính phí EC2 gắn với thuộc tính instance phù hợp và kỳ hạn cam kết. Usage instance do SageMaker quản lý có Savings Plans đủ điều kiện riêng, nên phải chọn cam kết theo dịch vụ thực sự xuất hiện trên hóa đơn.",EC2 RI hợp EC2 self-hosted ổn định; SageMaker AI Savings Plans hợp usage SageMaker đủ điều kiện. Một endpoint tên ml.* không biến thành EC2 usage chỉ vì bên dưới có máy ảo.,"Production SageMaker real-time endpoint luôn chạy: đánh giá SageMaker Savings Plans, không mặc nhiên mua EC2 RI.",Câu hỏi chọn purchasing option giữa EC2 tự vận hành và SageMaker managed.,Không diễn giải ví dụ RI trong bài là giảm trực tiếp phí managed SageMaker endpoint. Reservation/discount không luôn đồng nghĩa capacity guarantee.,EC2 Reserved Instances; SageMaker AI Savings Plans,Domain 4,4.2,Purchasing,Skill Builder,"https://skillbuilder.aws/learn/SEJPMPB8Y7/aws-ml-engineer-associate--optimize-costs-and-performance/2ZZA686XXW
https://aws.amazon.com/savingsplans/ml-pricing/",16/09/2026
Capacity reservation for a future GPU window,future window • GPU availability • fixed duration,Giữ capacity GPU cho khoảng thời gian tương lai,"A GPU capacity reservation for a defined future window provides access to selected accelerator capacity during that scheduled period. It supports short, planned compute-intensive work where knowing capacity will be available matters more than maintaining resources continuously.","Giữ capacity GPU theo cửa sổ tương lai cung cấp quyền dùng accelerator được chọn trong khoảng thời gian đã đặt. Nó phù hợp công việc compute-intensive ngắn và có kế hoạch, khi chắc chắn có capacity quan trọng hơn việc duy trì tài nguyên liên tục.","Xác định GPU/count, Region và thời gian chạy; chọn Capacity Block phù hợp; chuẩn bị dữ liệu/container trước giờ bắt đầu và bảo đảm job kết thúc trong window.","Fine-tune hoặc training experiment vài ngày, cần GPU sẵn đúng đợt nghiên cứu.",Planned bursts cần bảo đảm capacity theo lịch.,Không nhầm với Savings Plans cam kết chi tiêu nhiều năm hoặc Spot có thể gián đoạn. Phải kiểm tra instance/duration/Region được hỗ trợ.,EC2 Capacity Blocks for ML,Domain 4,4.2,Capacity,Skill Builder,https://skillbuilder.aws/learn/SEJPMPB8Y7/aws-ml-engineer-associate--optimize-costs-and-performance/2ZZA686XXW,16/09/2026
Multi-model endpoint and model cache,shared fleet • load on demand • eviction,Endpoint nhiều model và cache model,"A multi-model endpoint hosts multiple compatible models on shared serving infrastructure and loads a requested model as needed. Cached models can serve repeated requests efficiently, while less active models may be unloaded to free memory, reducing the need for a dedicated endpoint per model.","Multi-model endpoint đặt nhiều model tương thích trên hạ tầng serving chung và tải model được yêu cầu khi cần. Model đã cache phục vụ request lặp hiệu quả hơn; model ít dùng có thể bị dỡ để giải phóng bộ nhớ, giảm nhu cầu endpoint riêng cho từng model.","Model artifacts ở S3; request chọn target model; runtime quản lý tải/cache. Đo model loading latency, cache behavior, memory pressure và tác động tranh chấp giữa model.",Moderation ít dùng chia fleet với các model khác thay vì giữ hai instance riêng suốt ngày.,"Nhiều model tương tự framework/runtime, lưu lượng mỗi model thấp hoặc không đồng thời.","Không hứa model phổ biến luôn ở RAM. Cache miss có loading delay; cần kiểm tra container, hardware và latency isolation.",SageMaker multi-model endpoints; S3,Domain 4,4.2,Hosting optimization,Skill Builder,https://skillbuilder.aws/learn/SEJPMPB8Y7/aws-ml-engineer-associate--optimize-costs-and-performance/2ZZA686XXW,16/09/2026
Model compilation for inference,target hardware • optimized execution • benchmark,Biên dịch model để tối ưu suy luận,"Model compilation transforms an exported model into an execution form optimized for a target platform. It can improve inference efficiency by adapting operations to the hardware and runtime, but compatibility, numerical behavior, and measured performance must be validated before deployment.","Biên dịch model chuyển model đã export sang dạng thực thi tối ưu cho nền tảng đích. Nó có thể cải thiện hiệu quả inference bằng cách điều chỉnh phép toán theo hardware/runtime, nhưng phải kiểm tra tương thích, hành vi số học và hiệu năng đo được trước triển khai.",Chọn model/framework/input shape và target được hỗ trợ → compile → kiểm tra accuracy/latency → benchmark capacity → rollout. Phân biệt compile với retrain hoặc giảm số replica trực tiếp.,"Video minh họa Neo tăng tốc 2,3 lần và giảm fleet từ 12 xuống 6; kết quả này thuộc workload ví dụ.",Model đã train cần chạy hiệu quả trên CPU/GPU/Inferentia hoặc edge tương thích.,Không áp dụng tỷ lệ tăng tốc cho mọi model. Framework/operator/version và target support giới hạn khả năng compile.,SageMaker Neo,Domain 4,4.2,Hosting optimization,Skill Builder,"https://skillbuilder.aws/learn/SEJPMPB8Y7/aws-ml-engineer-associate--optimize-costs-and-performance/2ZZA686XXW
https://docs.aws.amazon.com/sagemaker/latest/dg/neo-supported-cloud.html",16/09/2026
Unit cost and total cost of ownership,cost/request • cost/conversation • full stack,Chi phí đơn vị và tổng chi phí hệ thống,"Unit cost divides attributed cost by a meaningful unit of delivered work, such as a prediction or completed conversation. Total cost of ownership includes supporting compute, storage, data movement, retrieval, monitoring, and evaluation rather than considering only a model invocation price.","Unit cost chia chi phí đã phân bổ cho một đơn vị công việc có ý nghĩa như prediction hoặc hội thoại hoàn tất. Tổng chi phí hệ thống còn gồm compute, storage, truyền dữ liệu, retrieval, monitoring và evaluation, thay vì chỉ giá một lần gọi model.",Giữ phạm vi numerator/denominator nhất quán; so cùng chất lượng và thời gian. Đo cả tổng spend lẫn cost/unit để phân biệt traffic tăng với hệ thống kém hiệu quả.,"Traffic không đổi nhưng cost/conversation tăng: kiểm tra số turns, token, tool calls và retries.",Đánh giá hiệu quả tối ưu ML truyền thống và GenAI theo giá trị kinh doanh.,Cost/request thấp hơn nhưng cần nhiều request hơn để hoàn tất việc có thể làm cost/completed task tăng.,Cost Explorer; CUR; CloudWatch; AgentCore,Domain 4,4.2,Cost measurement,Skill Builder,https://skillbuilder.aws/learn/SEJPMPB8Y7/aws-ml-engineer-associate--optimize-costs-and-performance/2ZZA686XXW,16/09/2026
Multiplicative savings and controlled experiments,remaining cost • one change • quality gate,Tiết kiệm cộng dồn theo phần chi phí còn lại,"Successive optimizations affect the cost remaining after earlier changes, so percentage savings generally cannot be added. A controlled comparison measures each change against a clear baseline while preserving workload, service objectives, and output quality.","Các tối ưu liên tiếp tác động lên phần chi phí còn lại sau thay đổi trước, nên thường không thể cộng trực tiếp các phần trăm tiết kiệm. So sánh có kiểm soát đo từng thay đổi theo baseline rõ ràng, giữ điều kiện workload, mục tiêu dịch vụ và chất lượng đầu ra.","Nếu các mức giảm áp dụng lần lượt lên cùng cost base, remaining fraction = tích (1 − s_i). Với nhiều thành phần bill, tính riêng phần bị ảnh hưởng và các chi phí mới.","Giảm 20% rồi 30% phần còn lại: 1 − 0,8 × 0,7 = 44%, không phải 50%. Đây là phép tính minh họa.",Đọc các walkthrough rightsizing/Spot/MME/Neo hoặc prompt/routing/cache.,"82% và 60–70% trong bài là ví dụ, không bảo đảm AWS và không đủ dữ kiện để tái lập mọi hóa đơn.",CloudWatch; Cost Explorer; evaluation tooling,Domain 4,4.2,Optimization discipline,Skill Builder,https://skillbuilder.aws/learn/SEJPMPB8Y7/aws-ml-engineer-associate--optimize-costs-and-performance/2ZZA686XXW,16/09/2026
Token-based inference billing,input tokens • output tokens • model-specific rates,Tính phí suy luận theo token,"Token-based text inference pricing charges separately for the input processed and output generated by a model. The total depends on token volumes, model and Region, and the applicable invocation mode, so request count alone is not sufficient to estimate spending.","Cách tính phí text inference theo token thu riêng phần input model xử lý và output model sinh. Tổng phí phụ thuộc số token, model, Region và chế độ gọi, nên chỉ số request không đủ để ước tính chi tiêu.","Input gồm system instructions, user message, history, tool definitions/results và retrieved context được gửi. Output là nội dung model sinh theo cách tính usage của model. Lấy pricing tương ứng, không dùng một đơn giá chung.",Nếu giá theo 1 triệu token: cost = input_tokens/1e6 × input_rate + output_tokens/1e6 × output_rate; cộng các khoản cache/tool/khác nếu có.,Dự toán Bedrock text generation và giải thích bill tăng khi không đổi hạ tầng.,Không áp công thức text-token cho mọi image/audio/model hay mọi mode. Trường reasoning/cache và billing chi tiết phụ thuộc model.,Amazon Bedrock; CloudWatch token metrics,Domain 4,4.2,GenAI cost — mở rộng trong module,Skill Builder,https://skillbuilder.aws/learn/SEJPMPB8Y7/aws-ml-engineer-associate--optimize-costs-and-performance/2ZZA686XXW,16/09/2026
Provisioned endpoint cost versus usage-driven cost,instance-hours • tokens • idle economics,Phí capacity cấp sẵn khác phí theo usage,"A provisioned endpoint incurs serving capacity charges while its resources remain allocated, even during idle periods. A usage-priced foundation model invocation incurs charges according to consumed units, but the surrounding application may still have persistent infrastructure and storage costs.","Endpoint cấp sẵn phát sinh phí capacity serving khi tài nguyên còn được cấp, kể cả lúc idle. Lần gọi foundation model tính theo usage phát sinh phí theo đơn vị tiêu thụ, nhưng ứng dụng xung quanh vẫn có thể có chi phí hạ tầng và lưu trữ thường trực.",So tổng chi phí theo duty cycle. Cùng fleet không đổi có compute cost khá cố định theo thời gian; token API tăng phí khi prompt/output/call count tăng. Autoscaling làm capacity cost thay đổi.,"Không có model call thì phần on-demand invocation có thể bằng 0; vector database, S3, logging hoặc warm capacity vẫn có thể tính phí.",Lựa chọn hình thức serving theo mức tải và thời gian idle.,'Zero idle model-call cost' không có nghĩa toàn ứng dụng miễn phí. Serverless provisioned concurrency cũng có phần phí giữ sẵn.,SageMaker endpoints; Bedrock,Domain 4,4.2,GenAI cost — mở rộng trong module,Skill Builder,https://skillbuilder.aws/learn/SEJPMPB8Y7/aws-ml-engineer-associate--optimize-costs-and-performance/2ZZA686XXW,16/09/2026
Input/output token price asymmetry,output rate • response length • cost driver,Bất đối xứng giá token đầu vào/đầu ra,"Input and output tokens can have different prices, with generated output often costing more per token. Consequently, two requests with similar input size can have materially different costs when one produces a longer response.","Token input và output có thể có giá khác nhau, trong đó output sinh ra thường đắt hơn trên mỗi token. Vì vậy hai request có input tương tự vẫn có chi phí khác đáng kể nếu một request tạo câu trả lời dài hơn.","Đo phân bố output length theo use case/model/version. Tối ưu độ dài phản hồi có thể giảm cả cost và latency, nhưng phải giữ thông tin cần thiết và tỷ lệ hoàn tất.","400 → 250 output tokens là giảm 37,5% số output token; không đồng nghĩa giảm 37,5% toàn hóa đơn.",Assistant trả quá dài hoặc spend tăng dù invocation count giữ nguyên.,Không học thuộc output luôn đắt 5 lần input; tỷ lệ phụ thuộc model/pricing.,Amazon Bedrock,Domain 4,4.2,GenAI cost — mở rộng trong module,Skill Builder,https://skillbuilder.aws/learn/SEJPMPB8Y7/aws-ml-engineer-associate--optimize-costs-and-performance/2ZZA686XXW,16/09/2026
Conversation context accumulation,history replay • growing input • session budget,Tích lũy ngữ cảnh qua các lượt hội thoại,"Conversation context accumulation occurs when later model calls resend earlier messages, responses, or tool results as part of their input. The cost of later turns can increase even when each new user message is short because previously generated content is processed again.","Tích lũy ngữ cảnh xảy ra khi các lần gọi model sau gửi lại message, response hoặc tool result trước đó trong input. Lượt sau có thể tốn hơn dù câu hỏi mới ngắn, vì nội dung đã sinh trước đó được xử lý lại.",Giới hạn session/turns hợp lý; giữ thông tin liên quan; tóm tắt lịch sử cũ; bỏ tool output dư và context hết giá trị. Tóm tắt cũng có token cost và có thể mất chi tiết nên phải đánh giá.,10 lượt không chắc chỉ gấp đôi 5 lượt: history được gửi lại có thể làm tổng input tăng nhanh hơn số turns.,"Hội thoại dài, agent nhiều bước, chi phí tăng dần trong session.",Token output của lượt trước có thể thành input lượt sau. Không cắt lịch sử làm mất điều kiện quan trọng hoặc thông tin người dùng đã xác nhận.,Bedrock; AgentCore,Domain 4,4.2,GenAI cost — mở rộng trong module,Skill Builder,https://skillbuilder.aws/learn/SEJPMPB8Y7/aws-ml-engineer-associate--optimize-costs-and-performance/2ZZA686XXW,16/09/2026
Agent call amplification,fan-out • multiple model calls • hidden multipliers,Một yêu cầu agent tạo nhiều lần gọi,"Agent call amplification is the expansion of one user request into several model invocations, retrieval operations, and tool calls. Its cost comes from the work actually performed across those steps, rather than from a universal extra token price applied simply because the application uses an agent.","Agent call amplification là việc một yêu cầu người dùng mở rộng thành nhiều lần gọi model, retrieval và tool. Chi phí đến từ công việc thực hiện qua các bước đó, chứ không phải một phụ phí token chung tự động chỉ vì ứng dụng dùng agent.","Phân rã fan-out, context accumulation, retries/loops và downstream tool charges. Theo dõi model calls/request và cost/conversation bên cạnh traffic tổng.","Một yêu cầu cần planning, retrieval, tool call và self-check có thể dùng nhiều FM calls hơn chatbot chỉ trả một lượt.",Agent bill tăng dù user request count không tăng.,Giá token không nhất thiết đổi; số lần gọi và token/call mới là yếu tố tăng. Không suy mỗi tool step luôn cần đúng một FM call.,AgentCore Observability; Bedrock,Domain 4,4.2,GenAI cost — mở rộng trong module,Skill Builder,https://skillbuilder.aws/learn/SEJPMPB8Y7/aws-ml-engineer-associate--optimize-costs-and-performance/2ZZA686XXW,16/09/2026
Bounded agent execution and retry budget,max steps • token ceiling • retry limit,"Giới hạn số bước, token và retry của agent","Bounded agent execution sets explicit limits on steps, retries, time, or token consumption within a request or session. These controls reduce runaway spending and endless loops while defining a fallback or escalation path when the agent cannot complete the task within its budget.","Thực thi agent có giới hạn đặt mức trần rõ cho số bước, retry, thời gian hoặc token trong request/session. Các kiểm soát này giảm chi phí mất kiểm soát và vòng lặp vô tận, đồng thời xác định fallback hoặc escalation khi agent không hoàn tất trong budget.","Measure theo trace/span → đặt giới hạn ở orchestrator/application → trả kết quả có kiểm soát hoặc chuyển người hỗ trợ khi chạm trần → alarm cost/unit. Retry nên phân loại lỗi, không thử lại vô hạn.","Tool liên tục trả lỗi: tối đa một số retry có backoff, rồi dừng nhánh hoặc escalation theo policy đã thiết kế.",Agent workflow có tool unreliable hoặc reasoning loop.,Giới hạn quá thấp làm task completion giảm. AWS Budgets không thay per-request execution guardrail.,AgentCore; application orchestration,Domain 4,4.2,GenAI cost — mở rộng trong module,Skill Builder,https://skillbuilder.aws/learn/SEJPMPB8Y7/aws-ml-engineer-associate--optimize-costs-and-performance/2ZZA686XXW,16/09/2026
Prompt compression and stable instructions,remove redundancy • preserve meaning • evaluate,Rút bớt token prompt nhưng giữ ý nghĩa,"Prompt compression removes redundant wording, examples, or repeated context while preserving the instructions and evidence required for a correct response. It reduces input processing, but a shorter prompt is valuable only if it maintains task quality and necessary constraints.","Prompt compression loại từ ngữ, ví dụ hoặc ngữ cảnh lặp mà vẫn giữ chỉ dẫn và bằng chứng cần cho câu trả lời đúng. Nó giảm input processing, nhưng prompt ngắn chỉ có giá trị khi giữ chất lượng nhiệm vụ và ràng buộc cần thiết.","Tách static instructions khỏi dynamic content; bỏ đoạn dư; giữ schema/output contract, safety/business rules và ví dụ thật sự hữu ích. So candidate bằng representative prompt set.","Bài học minh họa system prompt 1.200 → 600 token; đây là ví dụ riêng, không ghép vào baseline tổng input 800 token.",System prompt dài bị gửi lặp trên rất nhiều requests.,Không đồng nhất prompt optimization với luôn giảm token: prompt rõ hơn có thể dài hơn nhưng tăng chất lượng. Bản rút gọn cần evaluation.,Bedrock; evaluation tooling,Domain 4,4.2,GenAI cost — mở rộng trong module,Skill Builder,https://skillbuilder.aws/learn/SEJPMPB8Y7/aws-ml-engineer-associate--optimize-costs-and-performance/2ZZA686XXW,16/09/2026
Adaptive retrieval and context selection,relevant chunks • incremental retrieval • evidence,Truy xuất thích ứng và chọn context,"Adaptive retrieval varies the amount of retrieved evidence according to the needs of a query. It begins with a focused context and retrieves more when evidence is insufficient, aiming to reduce unnecessary input tokens without sacrificing answer coverage or grounding.","Adaptive retrieval thay đổi lượng bằng chứng truy xuất theo nhu cầu query. Nó bắt đầu với context tập trung và lấy thêm khi bằng chứng chưa đủ, nhằm giảm token input không cần thiết mà vẫn giữ độ bao phủ và khả năng bám nguồn.",Dùng relevance/reranking và tiêu chí đủ bằng chứng; giới hạn chunk/token; bổ sung khi thiếu coverage. Đánh giá retrieval recall và answer grounding trên tập câu hỏi đại diện.,Câu đơn giản chỉ cần ít đoạn liên quan; câu tổng hợp nhiều chính sách cần thêm tài liệu thay vì cố ép một chunk.,"RAG context dài, nhiều đoạn không liên quan làm tăng cost và nhiễu.",Không chỉ dựa vào confidence tự khai của LLM để kết luận đủ nguồn. Giảm chunk quá mức dễ bỏ bằng chứng quan trọng.,Bedrock Knowledge Bases; vector search,Domain 4,4.2,GenAI cost — mở rộng trong module,Skill Builder,https://skillbuilder.aws/learn/SEJPMPB8Y7/aws-ml-engineer-associate--optimize-costs-and-performance/2ZZA686XXW,16/09/2026
Output length control,concise response • output limit • truncation,Kiểm soát độ dài câu trả lời,"Output length control guides the model toward an appropriately concise response and sets a maximum generation budget. It can lower generation cost and response time, but the configured ceiling must still allow the complete answer or required structured output.","Kiểm soát output hướng model trả lời ngắn ở mức phù hợp và đặt ngân sách sinh tối đa. Nó có thể giảm phí generation và thời gian trả lời, nhưng giới hạn phải đủ cho câu trả lời hoàn chỉnh hoặc output có cấu trúc bắt buộc.",Yêu cầu format/độ dài rõ; đặt max output phù hợp; đo completion/truncation rate và chất lượng. Đặt trần không có nghĩa mọi request sẽ dùng hết trần.,Giảm response mẫu 400 xuống 250 token nếu thông tin cần vẫn đầy đủ; kiểm tra JSON không bị cắt.,Output verbosity là nguồn cost và latency lớn.,Không nhầm max token với độ dài chính xác. Giảm trần quá mạnh có thể tăng lượt hỏi lại và tổng cost/conversation.,Amazon Bedrock inference parameters,Domain 4,4.2,GenAI cost — mở rộng trong module,Skill Builder,https://skillbuilder.aws/learn/SEJPMPB8Y7/aws-ml-engineer-associate--optimize-costs-and-performance/2ZZA686XXW,16/09/2026
Prompt caching versus response reuse,prefix computation • exact match • model still runs,Cache xử lý prefix khác dùng lại câu trả lời,Prompt caching reuses processing of an eligible repeated prompt prefix so subsequent calls can avoid recomputing that portion. The model still generates a response for the current request; this is different from returning a previously stored answer without invoking the model.,"Prompt caching dùng lại phần xử lý của prefix prompt lặp đủ điều kiện, giúp các lần gọi sau tránh tính lại đoạn đó. Model vẫn sinh response cho request hiện tại; khác với trả nguyên câu trả lời đã lưu mà không gọi model.","Đặt nội dung ổn định trước, phần thay đổi sau; dùng cache controls phù hợp model nếu cần. Theo dõi cache read/write, token minimum, TTL và chi phí thực tế.",Nhiều câu hỏi khác nhau dùng cùng hướng dẫn hệ thống dài: prefix có thể tái sử dụng dù câu trả lời phải sinh mới.,Static prompt/context lớn được dùng thường xuyên.,Không hứa cache hit chỉ vì prompt giống nhau; hỗ trợ và quy tắc tùy model/API. Cache-write cost có thể làm workload ít tái sử dụng không có lợi.,Amazon Bedrock prompt caching,Domain 4,4.2,GenAI cost — mở rộng trong module,Skill Builder,"https://skillbuilder.aws/learn/SEJPMPB8Y7/aws-ml-engineer-associate--optimize-costs-and-performance/2ZZA686XXW
https://docs.aws.amazon.com/bedrock/latest/userguide/prompt-caching.html",16/09/2026
Semantic response cache,embedding similarity • answer reuse • validity,Cache câu trả lời theo độ tương đồng ngữ nghĩa,"A semantic response cache stores prior query-response pairs and uses vector similarity to identify a sufficiently equivalent new query. A valid cache hit can return the stored answer without a new foundation-model generation call, reducing cost and latency.","Semantic response cache lưu các cặp query–response trước và dùng độ tương đồng vector để tìm query mới đủ tương đương. Cache hit hợp lệ có thể trả câu trả lời đã lưu mà không sinh lại bằng FM, giảm chi phí và latency.","Embed query → tìm candidate → kiểm tra similarity, context, authorization, freshness và version → trả cache hoặc gọi model rồi lưu. Cache riêng theo tenant/quyền/ngữ cảnh khi cần.",Hỏi cùng chính sách bằng cách diễn đạt khác có thể hit; hỏi cùng câu nhưng số dư tài khoản khác không thể dùng chung đáp án.,Nhiều câu hỏi lặp ý và câu trả lời tương đối ổn định.,"0,95 cosine similarity trong bài chỉ là ví dụ. Similarity cao không bảo đảm hai câu có cùng đáp án; cache lookup/embedding/storage vẫn có phí.",Vector store; Bedrock embeddings; application cache,Domain 4,4.2,GenAI cost — mở rộng trong module,Skill Builder,https://skillbuilder.aws/learn/SEJPMPB8Y7/aws-ml-engineer-associate--optimize-costs-and-performance/2ZZA686XXW,16/09/2026
Cache hit rate and net cache savings,valid hits • lookup overhead • stale answers,Tỷ lệ hit và mức tiết kiệm ròng của cache,"Cache hit rate is the proportion of eligible requests served from valid cached results. Net cache savings subtract the cost of lookups, storage, updates, and cache misses from avoided work, while accounting for the quality risks of stale or incorrectly matched responses.","Cache hit rate là tỷ lệ request đủ điều kiện được phục vụ bằng kết quả cache hợp lệ. Tiết kiệm ròng trừ phí lookup, storage, cập nhật và miss khỏi phần công việc tránh được, đồng thời tính rủi ro chất lượng do đáp án cũ hoặc match sai.",Đo hit đúng thay vì chỉ similarity hit. Đặt TTL/invalidation khi knowledge/model/policy đổi; kiểm tra cache hit chất lượng và dữ liệu không rò giữa người dùng.,Bài học: khoảng 15% query gần trùng nhưng hit rate 12%; không dùng 15% làm mức giảm model calls đã đo.,Đánh giá hiệu quả semantic cache và điều chỉnh threshold.,Hit rate cao chưa chắc tốt nếu trả sai hoặc stale. Không cộng hit-rate savings thẳng với các mức giảm trước đó.,Application cache; vector database,Domain 4,4.2,GenAI cost — mở rộng trong module,Skill Builder,https://skillbuilder.aws/learn/SEJPMPB8Y7/aws-ml-engineer-associate--optimize-costs-and-performance/2ZZA686XXW,16/09/2026
Model routing and quality-aware selection,simplest adequate model • fallback • traffic mix,Định tuyến đến model đủ năng lực,"Model routing selects a model for each request according to task complexity, quality requirements, and cost. A cheaper model can serve simple requests while a stronger model handles difficult cases, provided routing errors and fallback overhead are included in evaluation.","Model routing chọn model cho từng request theo độ phức tạp, yêu cầu chất lượng và chi phí. Model rẻ hơn có thể xử lý câu đơn giản, model mạnh hơn xử lý trường hợp khó, với điều kiện đánh giá cả lỗi định tuyến và overhead fallback.","Phân loại nhu cầu; benchmark từng nhóm; chọn router/rules phù hợp; ghi model được chọn, token, latency, quality; route lại/escalate nếu chính sách yêu cầu.","Ví dụ bài học chia 40% đơn giản, 35% vừa, 25% phức tạp; phân bố này phải đo trên traffic thật.",Không cần model lớn nhất cho mọi request.,"Managed Bedrock Intelligent Prompt Routing có phạm vi model/Region riêng; sơ đồ ba tầng/cross-provider có thể cần router tùy chỉnh, không mặc định là tính năng quản lý sẵn.",Bedrock Intelligent Prompt Routing; custom router,Domain 4,4.2,GenAI cost — mở rộng trong module,Skill Builder,https://skillbuilder.aws/learn/SEJPMPB8Y7/aws-ml-engineer-associate--optimize-costs-and-performance/2ZZA686XXW,16/09/2026
Weighted inference cost across routed models,traffic share • token volume • router overhead,Chi phí suy luận có trọng số qua nhiều model,"Weighted inference cost combines the cost of each routed model according to the actual requests and tokens it processes. A reliable estimate also includes classification, retries, fallback generations, and different input/output token lengths across task categories.","Chi phí inference có trọng số tổng hợp chi phí từng model theo số request và token thực sự nó xử lý. Ước tính đáng tin còn tính classification, retries, generation fallback và khác biệt độ dài input/output giữa nhóm nhiệm vụ.","Không chỉ lấy trung bình giá/model nếu token phân bố khác. Tính Σ(input_i × rate_in_i + output_i × rate_out_i) theo đơn vị giá, cộng router và các call phụ.",40/35/25 chỉ là tỷ trọng requests; nếu nhóm phức tạp tạo output dài hơn thì tỷ trọng cost của nó lớn hơn 25%.,Dự toán trước triển khai model routing và so chi phí sau rollout.,'Giảm 60% giá trung bình' trong walkthrough không phải đặc tính bảo đảm của router.,Bedrock; cost attribution,Domain 4,4.2,GenAI cost — mở rộng trong module,Skill Builder,https://skillbuilder.aws/learn/SEJPMPB8Y7/aws-ml-engineer-associate--optimize-costs-and-performance/2ZZA686XXW,16/09/2026
Batch inference for deferred work,asynchronous • no real-time deadline • bulk,Suy luận theo lô cho việc có thể trì hoãn,"Batch inference processes a collection of requests asynchronously when individual results do not need an immediate interactive response. Supported model and service pricing can make it less expensive than equivalent on-demand calls, in exchange for delayed completion and batch-management requirements.","Batch inference xử lý một tập request bất đồng bộ khi từng kết quả không cần trả ngay để tương tác. Giá của dịch vụ/model được hỗ trợ có thể thấp hơn gọi on-demand tương đương, đổi lại thời gian hoàn thành muộn và yêu cầu quản lý batch.","Chuẩn bị input/output locations, submit job, theo dõi status, xử lý kết quả/lỗi và retry có kiểm soát. So deadline, model support và pricing đúng Region.",Tóm tắt tài liệu backlog mỗi đêm thay vì gọi real-time cho từng tài liệu ngay khi nhận.,"Summarization, classification hoặc evaluation số lượng lớn không nhạy latency.","Bedrock batch khác SageMaker Batch Transform. Mức giảm 50% trong bài chỉ áp dụng model/offer hỗ trợ, không tất cả.",Amazon Bedrock batch inference,Domain 4,4.2,GenAI cost — mở rộng trong module,Skill Builder,https://skillbuilder.aws/learn/SEJPMPB8Y7/aws-ml-engineer-associate--optimize-costs-and-performance/2ZZA686XXW,16/09/2026
Provisioned Throughput and Model Units,hourly capacity • MU • utilization,Thông lượng cấp sẵn và đơn vị model,"Bedrock Provisioned Throughput allocates model serving capacity measured in Model Units and billed by time. It is suited to sustained demand when capacity and economics justify provisioning, and it must be sized for both input and output processing requirements.","Bedrock Provisioned Throughput cấp năng lực serving model đo bằng Model Units và tính phí theo thời gian. Nó phù hợp nhu cầu duy trì cao khi capacity và hiệu quả kinh tế đủ lý do cấp sẵn, đồng thời phải size theo nhu cầu xử lý cả input lẫn output.","Đo baseline theo thời gian; lấy MU capacity/pricing và commitment được hỗ trợ; tính utilization và break-even. Có no commitment, 1 hoặc 6 tháng tùy model/điều kiện.",Không mua theo peak một lần nếu phần lớn thời gian nhàn rỗi. Bài học khuyến nghị provision phần ổn định và thiết kế cách xử lý burst riêng.,Tải ổn định cần throughput dự đoán được.,Không giả định luôn rẻ hơn 30% hoặc tự động spillover sang On-Demand. Billing tiếp tục cho tới khi resource được xóa theo điều kiện cam kết.,Amazon Bedrock Provisioned Throughput,Domain 4,4.2,GenAI cost — mở rộng trong module,Skill Builder,"https://skillbuilder.aws/learn/SEJPMPB8Y7/aws-ml-engineer-associate--optimize-costs-and-performance/2ZZA686XXW
https://docs.aws.amazon.com/bedrock/latest/userguide/prov-throughput.html",16/09/2026
RAG cost stack and embedding refresh,embedding • vector storage/search • generation,Các lớp chi phí RAG và cập nhật embedding,"RAG cost includes document ingestion and embedding, vector storage and search, query processing, and the model tokens used to generate an answer. Refreshing source data can add recurring embedding and indexing costs even when the number of user requests does not change.","Chi phí RAG gồm ingestion/embedding tài liệu, lưu trữ và tìm kiếm vector, xử lý query và token model dùng để tạo câu trả lời. Cập nhật nguồn có thể tăng phí embedding/indexing định kỳ dù số yêu cầu người dùng không đổi.","Tách one-time ingestion, incremental updates và per-query costs; tránh re-embed dữ liệu không đổi; chọn chunk/index/refresh policy theo yêu cầu freshness và retrieval quality.","Bill tăng sau mỗi lần đồng bộ toàn kho tài liệu: xem số chunk được embed lại, vector storage và query cost trước khi chỉ đổi model.",Knowledge base lớn hoặc dữ liệu cập nhật thường xuyên.,Giảm phí generation không xóa phí vector store. Refresh quá ít có thể làm answer sai vì nguồn cũ.,Bedrock Knowledge Bases; embedding model; vector database,Domain 4,4.2,GenAI cost — mở rộng trong module,Skill Builder,https://skillbuilder.aws/learn/SEJPMPB8Y7/aws-ml-engineer-associate--optimize-costs-and-performance/2ZZA686XXW,16/09/2026
Evaluation and monitoring overhead,judge calls • scheduled jobs • quality budget,Chi phí phụ trợ của đánh giá và giám sát,"Evaluation and monitoring consume resources in addition to production inference. Model judges, scheduled prompt tests, data processing, logging, and human review must be included in the operating budget because they provide the evidence needed to maintain quality during optimization.","Evaluation và monitoring dùng tài nguyên ngoài inference production. Model judge, bộ prompt test theo lịch, xử lý dữ liệu, logging và human review phải được tính vào ngân sách vận hành vì chúng cung cấp bằng chứng để giữ chất lượng khi tối ưu.","Đặt cadence, sample size, retention và evaluator phù hợp rủi ro; gắn tag/tách chi phí evaluation; theo dõi thay đổi cost do prompt suite hoặc judge model.",Chạy toàn bộ suite sau mỗi commit có thể tăng judge tokens mạnh; dùng phân tầng smoke test/full evaluation hợp yêu cầu chất lượng.,Dự toán production GenAI và giải thích phần bill ngoài user calls.,Không bỏ evaluation chỉ để bill thấp: cần quality gate để chứng minh phương án rẻ hơn vẫn đạt.,Bedrock evaluations; CloudWatch; S3,Domain 4,4.2,GenAI cost — mở rộng trong module,Skill Builder,https://skillbuilder.aws/learn/SEJPMPB8Y7/aws-ml-engineer-associate--optimize-costs-and-performance/2ZZA686XXW,16/09/2026
Experiment cost isolation,prod versus dev • project tags • burst budget,Tách chi phí thử nghiệm khỏi production,"Experiment cost isolation attributes development and tuning workloads separately from production traffic. Separate tags, accounts, budgets, or application identifiers make short-lived testing bursts visible and prevent them from distorting production unit-cost measurements.","Tách chi phí thử nghiệm là phân bổ workload phát triển/tuning riêng với traffic production. Tag, account, budget hoặc application identifier riêng làm rõ các đợt test ngắn và tránh làm sai số đo cost/unit của hệ thống thật.",Tag Environment/Project/Experiment; đặt budget theo nhóm; ghi owner và thời hạn tài nguyên. Theo dõi endpoint/notebook bị bỏ quên sau thử nghiệm.,Load test hoặc prompt sweep có thể tạo bill spike mà lượng người dùng thực không tăng.,Nhóm ML làm nhiều thử nghiệm song song và cần accountability.,Không gộp tokens của evaluation/experiments vào denominator user conversations rồi kết luận production kém hiệu quả.,Billing tags; AWS Budgets; Cost Explorer,Domain 4,4.2,GenAI cost — mở rộng trong module,Skill Builder,https://skillbuilder.aws/learn/SEJPMPB8Y7/aws-ml-engineer-associate--optimize-costs-and-performance/2ZZA686XXW,16/09/2026
GenAI cost baseline and inconsistent example inputs,assumptions • arithmetic • comparable baseline,Lập baseline chi phí và kiểm tra dữ kiện ví dụ,"A cost baseline records workload volume, average calls or turns, token consumption, model rates, and auxiliary costs before optimization. Its assumptions must be internally consistent so that later savings comparisons reflect actual changes rather than incompatible example numbers.","Baseline chi phí ghi lượng workload, số calls/turns trung bình, token tiêu thụ, giá model và phí phụ trợ trước tối ưu. Các giả định phải nhất quán để so sánh tiết kiệm phản ánh thay đổi thực, không phải các số ví dụ không thể ghép với nhau.","500.000 conversations × 4 turns = 2.000.000 turns. Nếu mỗi turn có 800 input và 400 output: 1,6 tỷ input + 0,8 tỷ output tokens. Chưa đủ tính USD khi thiếu model/Region/rates.",Đoạn sau nêu system prompt 1.200 token nhưng baseline tổng input chỉ 800: xem là hai minh họa riêng; không dùng chung trong một phép tính.,Đọc walkthrough và xây cost calculator cho ứng dụng của mình.,"82% savings trong video là kết quả minh họa, không thể xác nhận bằng các giả định thiếu hoặc mâu thuẫn. Lưu baseline/version/quality cùng cost.",Cost Explorer; Bedrock telemetry; evaluation tooling,Domain 4,4.2,GenAI cost — mở rộng trong module,Skill Builder,https://skillbuilder.aws/learn/SEJPMPB8Y7/aws-ml-engineer-associate--optimize-costs-and-performance/2ZZA686XXW,16/09/2026
Shared responsibility for ML security,security OF the cloud • security IN the cloud,Trách nhiệm chung về bảo mật ML,"The shared responsibility model separates AWS protection of the underlying cloud infrastructure from the customer's protection of data, models, identities, and workload configuration. The boundary depends on the service, but using a managed ML platform does not transfer responsibility for access permissions or sensitive application data to AWS.","Mô hình trách nhiệm chung phân biệt việc AWS bảo vệ hạ tầng đám mây nền tảng với việc khách hàng bảo vệ dữ liệu, mô hình, danh tính và cấu hình workload. Ranh giới phụ thuộc dịch vụ, nhưng dùng nền tảng ML được quản lý không chuyển trách nhiệm phân quyền hoặc bảo vệ dữ liệu ứng dụng nhạy cảm sang AWS.","AWS quản lý cơ sở vật chất và hạ tầng dịch vụ; khách hàng quyết định ai được đọc dữ liệu, model dùng thông tin nào và cấu hình network/encryption/logging ra sao.",SageMaker quản lý hạ tầng training; đội ML vẫn phải giới hạn S3 training bucket và execution role.,Xác định chủ thể chịu trách nhiệm khi đề hỏi bảo mật SageMaker hoặc Bedrock.,Managed service không có nghĩa mọi cấu hình của khách hàng đều an toàn hoặc toàn bộ workload tự đáp ứng compliance.,SageMaker AI; Amazon Bedrock; IAM,Domain 4,4.3,Nguyên tắc bảo mật,Skill Builder,https://skillbuilder.aws/learn/GVQ1SN594N/aws-ml-engineer-associate--secure-ml-and-ai-workloads/54MTEPSKTR,16/09/2026
Defense in depth,layered controls • prevention • detection • response,Phòng thủ nhiều lớp,"Defense in depth combines independent security controls across identity, network, data, software delivery, and application behavior. Controls are layered so that a failure in one layer can be contained, detected, or mitigated by another rather than exposing the entire ML workload.","Phòng thủ nhiều lớp kết hợp các biện pháp độc lập về danh tính, mạng, dữ liệu, phát hành phần mềm và hành vi ứng dụng. Các lớp được phối hợp để khi một lớp thất bại, lớp khác còn có thể giới hạn, phát hiện hoặc giảm thiểu tác động đối với workload ML.",Ví dụ chuỗi IAM least privilege + VPC endpoints + KMS + audit logs + input/output filtering; mỗi lớp giải quyết một nhóm rủi ro khác nhau.,Prompt injection lọt qua bộ lọc vẫn không được phép truy xuất tài liệu mà người dùng không có quyền.,"Thiết kế bảo mật xuyên suốt từ ingest, train, deploy đến inference.","Không có một Guardrail, firewall hoặc khóa mã hóa nào thay thế được tất cả lớp còn lại.",IAM; VPC; KMS; CloudTrail; Guardrails,Domain 4,4.3,Nguyên tắc bảo mật,Skill Builder,https://skillbuilder.aws/learn/GVQ1SN594N/aws-ml-engineer-associate--secure-ml-and-ai-workloads/54MTEPSKTR,16/09/2026
Least privilege and permission review,minimum required actions • scoped resources • regular review,Đặc quyền tối thiểu và rà soát quyền,"Least privilege grants an identity only the actions, resources, and conditions required for its assigned task. Permissions are derived from actual workflow needs and reviewed as those needs change, limiting the damage that mistakes or compromised credentials can cause.","Đặc quyền tối thiểu chỉ cấp cho một danh tính các hành động, tài nguyên và điều kiện cần thiết để thực hiện nhiệm vụ được giao. Quyền được xác định từ nhu cầu workflow thực tế và rà soát khi nhu cầu thay đổi, giúp giới hạn thiệt hại do sai sót hoặc thông tin xác thực bị lộ.",Liệt kê thao tác → xác định ARN/prefix → thêm điều kiện phù hợp → kiểm thử cả allow và deny → định kỳ loại quyền không còn cần.,Training role đọc input prefix và ghi output prefix; không cần xóa toàn bucket hoặc sửa IAM.,"Mọi role của người dùng, pipeline, training và inference.",Không cấp AdministratorAccess chỉ để xử lý AccessDenied; một số action không hỗ trợ resource-level ARN nên cần Resource * có kiểm soát.,IAM; S3; SageMaker AI,Domain 4,4.3,IAM và phân quyền,Skill Builder,"https://skillbuilder.aws/learn/GVQ1SN594N/aws-ml-engineer-associate--secure-ml-and-ai-workloads/54MTEPSKTR
https://docs.aws.amazon.com/sagemaker/latest/dg/security_iam_service-with-iam.html",16/09/2026
IAM user versus group versus role,individual identity • permission grouping • assumable identity,"Phân biệt user, group và role","An IAM user is an identity that can have long-lived credentials, a group collects IAM users for common permissions, and a role is an identity assumed by a trusted principal to obtain temporary credentials. Roles can be used by both people through federation and AWS workloads.",IAM user là danh tính có thể có thông tin xác thực dài hạn; group tập hợp các IAM user để cấp quyền chung; role là danh tính được principal đáng tin cậy đảm nhận để nhận thông tin xác thực tạm thời. Cả con người thông qua federation và workload AWS đều có thể dùng role.,Group không phải tài khoản đăng nhập độc lập và không được assume như role. Tránh chia sẻ access key của một user cho cả đội hoặc nhúng vào code.,Nhân viên đăng nhập qua Identity Center; SageMaker assume execution role riêng.,Câu hỏi chọn cơ chế truy cập cho nhân sự so với dịch vụ.,Role không chỉ dành cho máy; không nên tạo IAM user dài hạn cho mọi workload.,IAM; IAM Identity Center,Domain 4,4.3,IAM và phân quyền,Skill Builder,https://skillbuilder.aws/learn/GVQ1SN594N/aws-ml-engineer-associate--secure-ml-and-ai-workloads/54MTEPSKTR,16/09/2026
Role trust policy versus permissions policy,who can assume • what can be done,Trust policy và policy quyền của role,"A role's trust policy defines which principals may assume the role and under which conditions. Its permissions policies define the AWS actions and resources that an assumed session may access, subject to other applicable policy limits and explicit denies.","Trust policy của role xác định principal nào có thể assume role và dưới điều kiện nào. Các permissions policy quy định action và tài nguyên AWS mà phiên đã assume có thể truy cập, còn chịu giới hạn của các policy liên quan và explicit deny.",Trust cho sagemaker.amazonaws.com khác với Allow s3:GetObject trên training prefix. Cần cả cơ chế assume hợp lệ và quyền thao tác tài nguyên.,Job không assume được role: kiểm tra trust; assume được nhưng không đọc S3: kiểm tra quyền S3/KMS và các deny.,Thiết kế và troubleshooting service execution role.,Gắn policy đọc S3 không tự cho SageMaker quyền assume role; trust đúng cũng không tự cấp quyền đọc dữ liệu.,IAM; SageMaker AI,Domain 4,4.3,IAM và phân quyền,Bổ sung Domain 4,"https://skillbuilder.aws/learn/GVQ1SN594N/aws-ml-engineer-associate--secure-ml-and-ai-workloads/54MTEPSKTR
https://docs.aws.amazon.com/sagemaker/latest/dg/security_iam_service-with-iam.html",16/09/2026
Human role versus service execution role,control plane caller • runtime permissions • separate duties,Role của người dùng và role thực thi dịch vụ,"A human or orchestration role authorizes the caller to create or manage an ML job, while the execution role authorizes the service to access data and other dependencies while that job runs. Separating these identities prevents job code from inheriting all administrative capabilities of its creator.",Role của người dùng hoặc công cụ điều phối cho phép bên gọi tạo và quản lý job ML; execution role cho phép dịch vụ truy cập dữ liệu và các phụ thuộc trong lúc job chạy. Tách hai danh tính này giúp code của job không nhận toàn bộ quyền quản trị của người tạo job.,"Tách scientist, data engineer, MLOps và execution roles cho training, hosting, monitoring. Quyền CreateTrainingJob thuộc caller khi caller cần tạo job.",MLOps tạo endpoint; inference execution role chỉ đọc artifact cần thiết và ghi output được phép.,Đề yêu cầu tách quyền theo persona hoặc giảm blast radius.,Không thêm quyền tạo mọi SageMaker job vào execution role chỉ vì role đó chạy training.,IAM; SageMaker AI; CodePipeline,Domain 4,4.3,IAM và phân quyền,Skill Builder,https://skillbuilder.aws/learn/GVQ1SN594N/aws-ml-engineer-associate--secure-ml-and-ai-workloads/54MTEPSKTR,16/09/2026
iam:PassRole,pass an approved role • no privilege escalation,Quyền chuyển role cho dịch vụ,"iam:PassRole permits a caller to assign an approved IAM role to an AWS service, such as selecting a SageMaker execution role when creating a training job. It does not itself assume the role or grant its permissions to the caller, and it should be scoped so callers cannot pass a more privileged role to bypass their own limits.","iam:PassRole cho phép caller chỉ định một IAM role được phép cho dịch vụ AWS, ví dụ chọn execution role của SageMaker khi tạo training job. Quyền này không tự assume role hoặc cấp quyền của role cho caller; cần giới hạn để caller không chuyển role quá mạnh nhằm vượt quyền của mình.",Chỉ định ARN role được chuyển; có thể dùng điều kiện iam:PassedToService theo dịch vụ phù hợp. Trust policy của role vẫn phải cho dịch vụ assume.,Scientist được tạo job nhưng chỉ được pass role đọc bộ dữ liệu của nhóm.,Bổ sung để hiểu vì sao có CreateTrainingJob mà vẫn AccessDenied khi chọn role.,PassRole khác sts:AssumeRole; tránh iam:PassRole trên tất cả role.,IAM; SageMaker AI,Domain 4,4.3,IAM và phân quyền,Bổ sung Domain 4,"https://skillbuilder.aws/learn/GVQ1SN594N/aws-ml-engineer-associate--secure-ml-and-ai-workloads/54MTEPSKTR
https://docs.aws.amazon.com/sagemaker/latest/dg/security_iam_service-with-iam.html",16/09/2026
Identity-based versus resource-based policy,attached to identity • attached to resource • Principal,Policy gắn danh tính và policy gắn tài nguyên,"An identity-based policy grants permissions to the user, group, or role to which it is attached. A resource-based policy is attached to a supported resource and specifies which principals may access it; effective authorization depends on the request context and all applicable policy rules.","Identity-based policy cấp quyền cho user, group hoặc role được gắn policy. Resource-based policy gắn với tài nguyên có hỗ trợ và chỉ định principal được truy cập; kết quả phân quyền phụ thuộc ngữ cảnh request cùng toàn bộ quy tắc policy áp dụng.",S3 bucket policy là ví dụ phổ biến. Không suy rộng mọi loại resource đều nhận cùng loại policy; ModelPackageGroup có API đặt resource policy.,Chia sẻ model package group khác với giả định gắn tùy ý resource policy trực tiếp vào hosted inference endpoint.,Chọn nơi đặt quyền truy cập hoặc đánh giá truy cập cross-account.,Câu 'SageMaker hoàn toàn không hỗ trợ resource-based policies' quá tuyệt đối; phải xét loại tài nguyên. VPC endpoint policy cũng không phải policy gắn vào model endpoint.,IAM; S3; SageMaker Model Registry,Domain 4,4.3,IAM và phân quyền,Skill Builder,"https://skillbuilder.aws/learn/GVQ1SN594N/aws-ml-engineer-associate--secure-ml-and-ai-workloads/54MTEPSKTR
https://docs.aws.amazon.com/sagemaker/latest/APIReference/API_PutModelPackageGroupPolicy.html",16/09/2026
"Action, resource ARN, condition, and explicit deny",action scope • resource scope • deny overrides allow,"Phạm vi action, tài nguyên, điều kiện và deny","An IAM statement describes allowed or denied actions, the resources to which those actions apply, and optional request conditions. An applicable explicit deny overrides an allow, so a seemingly permissive identity policy can still be restricted by another relevant policy.","Một IAM statement mô tả action được cho phép hoặc từ chối, tài nguyên áp dụng và các điều kiện request tùy chọn. Explicit deny có hiệu lực sẽ thắng allow, vì vậy một identity policy có vẻ cho phép vẫn có thể bị policy khác liên quan giới hạn.",Phân biệt bucket ARN cho ListBucket với object ARN bucket/prefix/* cho GetObject/PutObject. Chỉ thêm DeleteObject khi workflow thực sự cần.,Allow GetObject ở role nhưng bucket policy explicit deny theo đường mạng làm request thất bại.,Đọc policy trong câu hỏi; khoanh vùng lỗi AccessDenied.,Không dùng object ARN cho ListBucket; không giả định thêm Allow có thể vượt explicit Deny.,IAM; S3; Organizations,Domain 4,4.3,IAM và phân quyền,Skill Builder,"https://skillbuilder.aws/learn/GVQ1SN594N/aws-ml-engineer-associate--secure-ml-and-ai-workloads/54MTEPSKTR
https://docs.aws.amazon.com/sagemaker/latest/dg/security_iam_service-with-iam.html",16/09/2026
Service control policy (SCP),permission ceiling • organization / OU / account • no grants,Policy giới hạn quyền cấp tổ chức,"A service control policy sets the maximum permissions available to affected identities in AWS Organizations member accounts. It can restrict actions across an organization, organizational unit, or account, but does not grant permissions by itself; identities still require the relevant IAM permissions.","Service control policy đặt giới hạn quyền tối đa cho các danh tính chịu tác động trong tài khoản thành viên AWS Organizations. SCP có thể giới hạn action ở organization, OU hoặc account nhưng không tự cấp quyền; danh tính vẫn cần quyền IAM tương ứng.","Tách dev/test/prod bằng accounts/OUs, áp giới hạn thống nhất. Các cấp áp dụng phải cho phép action; explicit deny ở cấp liên quan chặn request.",Role trong member account có Allow nhưng SCP cấm action thì vẫn không thực hiện được.,"Governance nhiều tài khoản, ngăn cấp quyền vượt chính sách tổ chức.",SCP không áp dụng như nhau cho mọi principal: management account và service-linked roles có ngoại lệ; không phải resource sharing policy.,AWS Organizations; IAM,Domain 4,4.3,IAM và phân quyền,Skill Builder,"https://skillbuilder.aws/learn/GVQ1SN594N/aws-ml-engineer-associate--secure-ml-and-ai-workloads/54MTEPSKTR
https://docs.aws.amazon.com/organizations/latest/userguide/orgs_manage_policies_scps.html",16/09/2026
Federation and workforce single sign-on,existing identity provider • temporary role session • SSO,Liên kết danh tính và đăng nhập tập trung,Identity federation allows employees to use an existing identity provider to access AWS through authorized role sessions rather than maintaining separate long-lived IAM credentials for every user. Workforce single sign-on centralizes assignments and makes access changes easier to govern.,"Identity federation cho nhân viên dùng nhà cung cấp danh tính hiện có để truy cập AWS bằng phiên role được cho phép, thay vì duy trì thông tin xác thực IAM dài hạn riêng cho từng người. Đăng nhập tập trung giúp quản lý việc cấp quyền và thay đổi quyền nhất quán hơn.",Identity Center quản lý truy cập workforce vào accounts/applications; Studio có lựa chọn tích hợp theo cấu hình domain. Quyền được gán theo nhiệm vụ.,Nhân viên rời nhóm: thu hồi assignment tập trung thay vì tìm các access key dùng chung.,Nhiều scientist dùng corporate IdP và yêu cầu quản trị tập trung.,SSO không có nghĩa mọi người có quyền giống nhau; authentication khác authorization.,IAM Identity Center; SageMaker Studio,Domain 4,4.3,IAM và phân quyền,Skill Builder,https://skillbuilder.aws/learn/GVQ1SN594N/aws-ml-engineer-associate--secure-ml-and-ai-workloads/54MTEPSKTR,16/09/2026
Private subnet and controlled egress,no direct internet route • endpoints • explicit egress,Subnet riêng và kiểm soát lưu lượng đi ra,"A private subnet has no direct route to an internet gateway for its workloads. ML resources can access required AWS services through suitable VPC endpoints or use a deliberately configured egress path, allowing network access to be limited to the workflow's actual dependencies.","Private subnet không có đường đi trực tiếp tới internet gateway cho workload bên trong. Tài nguyên ML có thể truy cập các dịch vụ AWS cần thiết qua VPC endpoint phù hợp hoặc một đường egress được cấu hình có chủ đích, nhờ đó giới hạn truy cập mạng theo phụ thuộc thực tế.","VPC, subnet routes, DNS, security groups và endpoint policies phải phối hợp. Chỉ đặt subnet tên 'private' không đủ chứng minh đã cô lập mạng.",Training dữ liệu tài chính dùng S3 gateway endpoint và CloudWatch Logs interface endpoint.,Cần dữ liệu không đi qua public internet hoặc hạn chế tải dữ liệu ra ngoài.,Private subnet vẫn có thể đi internet qua NAT nếu route cho phép; VPC không tự thay IAM hoặc TLS.,Amazon VPC; SageMaker AI,Domain 4,4.3,Mạng và cô lập,Skill Builder,https://skillbuilder.aws/learn/GVQ1SN594N/aws-ml-engineer-associate--secure-ml-and-ai-workloads/54MTEPSKTR,16/09/2026
Interface endpoint versus gateway endpoint,PrivateLink / private ENI • S3 route table,Phân biệt endpoint interface và gateway,"An interface VPC endpoint provides private IP network interfaces for supported service APIs through AWS PrivateLink. A gateway endpoint for Amazon S3 or DynamoDB instead uses route-table entries to direct service traffic, so the two endpoint types differ in setup and traffic handling.","Interface VPC endpoint cung cấp network interface có private IP để truy cập API dịch vụ được hỗ trợ qua AWS PrivateLink. Gateway endpoint cho Amazon S3 hoặc DynamoDB dùng mục trong route table để định tuyến lưu lượng dịch vụ, vì vậy hai loại khác nhau về cấu hình và cách xử lý traffic.",SageMaker API/Runtime và CloudWatch Logs dùng interface endpoints phù hợp; bài học chọn S3 gateway endpoint cho truy cập object trong VPC.,Private training: S3 qua gateway; gửi logs qua interface endpoint của Logs.,Chọn endpoint cho từng dependency khi không có NAT/internet.,Không nói mọi VPC endpoint đều tạo ENI; không phải mọi dịch vụ đều hỗ trợ gateway endpoint.,AWS PrivateLink; VPC; S3,Domain 4,4.3,Mạng và cô lập,Skill Builder,"https://skillbuilder.aws/learn/GVQ1SN594N/aws-ml-engineer-associate--secure-ml-and-ai-workloads/54MTEPSKTR
https://docs.aws.amazon.com/sagemaker/latest/dg/interface-vpc-endpoint.html",16/09/2026
VPC endpoint policy,requests THROUGH endpoint • principal / action / resource,Policy kiểm soát request qua VPC endpoint,"A VPC endpoint policy restricts the principals, actions, and resources allowed through that endpoint. It is an additional authorization boundary for that network path and does not replace IAM permissions, service resource policies, or restrictions on alternative access paths.","VPC endpoint policy giới hạn principal, action và tài nguyên được phép đi qua endpoint đó. Đây là một ranh giới phân quyền bổ sung cho đường mạng cụ thể, không thay thế quyền IAM, resource policy của dịch vụ hoặc biện pháp giới hạn những đường truy cập khác.",Policy cho SageMaker Runtime VPCE có thể giới hạn InvokeEndpoint đến endpoint ARN được cho phép; S3 gateway policy có thể giới hạn bucket.,Chỉ được gọi model fraud qua Runtime VPCE đã cấu hình; phải xét IAM conditions nếu muốn bắt buộc đường VPCE.,Câu hỏi hạn chế truy cập qua private service endpoint.,Không nhầm VPC endpoint với SageMaker inference endpoint; VPCE policy không tự chặn request qua public API ngoài VPCE đó.,VPC endpoints; SageMaker Runtime; S3,Domain 4,4.3,Mạng và cô lập,Skill Builder,"https://skillbuilder.aws/learn/GVQ1SN594N/aws-ml-engineer-associate--secure-ml-and-ai-workloads/54MTEPSKTR
https://docs.aws.amazon.com/sagemaker/latest/dg/interface-vpc-endpoint.html",16/09/2026
VpcConfig versus PrivateLink versus network isolation,container connectivity • private API access • block container network,Ba cơ chế mạng khác nhau của SageMaker,"SageMaker VpcConfig configures connectivity between a managed ML workload and resources in a customer VPC. PrivateLink gives callers private access to supported SageMaker service APIs, while network isolation restricts the training or inference container's network access; each controls a different boundary.","VpcConfig của SageMaker cấu hình kết nối giữa workload ML được quản lý và tài nguyên trong VPC khách hàng. PrivateLink cho caller truy cập riêng tới các API SageMaker được hỗ trợ, còn network isolation giới hạn truy cập mạng của container training hoặc inference; mỗi cơ chế kiểm soát một ranh giới khác nhau.",Cần xác định hướng traffic: caller→Runtime API; container→DB/S3; container có được gọi network hay không. Các cơ chế có thể kết hợp.,Ứng dụng gọi model bằng PrivateLink không đồng nghĩa container model bị cấm internet.,Đề cho một yêu cầu network nhưng nhiều đáp án cùng nhắc 'private'.,Không coi ba lựa chọn là từ đồng nghĩa hoặc tự động bật cùng nhau.,SageMaker AI; AWS PrivateLink,Domain 4,4.3,Mạng và cô lập,Skill Builder,"https://skillbuilder.aws/learn/GVQ1SN594N/aws-ml-engineer-associate--secure-ml-and-ai-workloads/54MTEPSKTR
https://docs.aws.amazon.com/sagemaker/latest/dg/mkt-algo-model-internet-free.html
https://docs.aws.amazon.com/sagemaker/latest/dg/interface-vpc-endpoint.html",16/09/2026
EnableNetworkIsolation,no container outbound calls • no runtime credentials,Cô lập mạng container SageMaker,"SageMaker network isolation prevents a supported training or inference container from making outbound network calls, including direct calls to Amazon S3, and withholds AWS credentials from that container runtime. SageMaker handles necessary data and artifact transfers outside the isolated container using the execution role.","Network isolation của SageMaker ngăn container training hoặc inference được hỗ trợ thực hiện cuộc gọi mạng đi ra, kể cả gọi trực tiếp Amazon S3, và không cung cấp AWS credentials trong runtime container đó. SageMaker xử lý việc chuyển dữ liệu và artifact cần thiết bên ngoài container cô lập bằng execution role.",EnableNetworkIsolation khác chỉ chọn private subnet. Có thể phối hợp VpcConfig cho đường truyền do SageMaker quản lý; các peer được phép trong training nhiều instance là trường hợp riêng.,Chạy thuật toán bên thứ ba trên dữ liệu nhạy cảm mà container không được tự upload dữ liệu ra ngoài.,Hạn chế code/container không tin cậy hoặc yêu cầu cô lập nghiêm ngặt.,Không thêm S3 endpoint rồi cho rằng container isolated tự gọi S3 được; ứng dụng cần network tại runtime có thể không phù hợp.,SageMaker AI,Domain 4,4.3,Mạng và cô lập,Bổ sung Domain 4,"https://skillbuilder.aws/learn/GVQ1SN594N/aws-ml-engineer-associate--secure-ml-and-ai-workloads/54MTEPSKTR
https://docs.aws.amazon.com/sagemaker/latest/dg/mkt-algo-model-internet-free.html",16/09/2026
Security group versus network ACL,stateful / resource • stateless / subnet • allow versus allow-deny,Security group và ACL mạng,"A security group is a stateful, allow-rule network control associated with supported resources and network interfaces. A network ACL is a stateless subnet-level control with ordered allow and deny rules, requiring both request and return traffic to be considered.","Security group là biện pháp kiểm soát mạng stateful bằng các allow rule, gắn với tài nguyên và network interface được hỗ trợ. Network ACL là kiểm soát stateless ở mức subnet, có allow/deny rule theo thứ tự và phải xét cả traffic yêu cầu lẫn chiều phản hồi.",Security group tự nhận diện return traffic của kết nối được cho phép; NACL đánh giá rule theo số thấp trước và cần cho phép return ports phù hợp.,SG chỉ cho ứng dụng gọi port cần thiết; NACL dùng deny cho một dải IP ở ranh giới subnet.,Chọn đúng mức kiểm soát và điều tra timeout khi request hoặc response bị chặn.,Deny 0.0.0.0/0 trong NACL có thể chặn cả nguồn nội bộ nếu không có allow ưu tiên; không mở 8888 đại trà cho managed Studio chỉ vì notebook dùng port đó.,VPC security groups; network ACLs,Domain 4,4.3,Mạng và cô lập,Skill Builder,https://skillbuilder.aws/learn/GVQ1SN594N/aws-ml-engineer-associate--secure-ml-and-ai-workloads/54MTEPSKTR,16/09/2026
NAT egress versus network firewall inspection,outbound translation • routed inspection • not an allowlist,Phân biệt NAT và kiểm tra lưu lượng bằng firewall,A public NAT gateway lets private-subnet resources initiate outbound connections through a configured public egress path without accepting unsolicited inbound connections. A network firewall inspects traffic routed through its endpoints and enforces security rules; address translation alone does not restrict destinations by domain or content.,Public NAT gateway cho tài nguyên trong private subnet chủ động mở kết nối đi ra qua đường public egress được cấu hình mà không nhận kết nối vào tự phát. Network firewall kiểm tra traffic được route qua endpoint của nó và thực thi quy tắc bảo mật; chỉ dịch địa chỉ không tự giới hạn đích theo domain hoặc nội dung.,NAT cần subnet/routes/IGW phù hợp; Network Firewall cần kiến trúc routing đưa traffic qua điểm kiểm tra.,Cho tải dependency qua egress nhưng chỉ đến đích được duyệt: cần kiểm soát egress/inspection ngoài NAT.,"Đề nói outbound-only, domain filtering, intrusion detection/prevention.",Tạo firewall không tự khiến mọi traffic trong VPC đi qua nó; NAT không phải content filter.,NAT gateway; AWS Network Firewall,Domain 4,4.3,Mạng và cô lập,Skill Builder,https://skillbuilder.aws/learn/GVQ1SN594N/aws-ml-engineer-associate--secure-ml-and-ai-workloads/54MTEPSKTR,16/09/2026
Encryption at rest versus encryption in transit,stored bytes / KMS • data movement / TLS,Mã hóa khi lưu và khi truyền,"Encryption at rest protects stored data such as training objects, model artifacts, and supported storage volumes. Encryption in transit protects data while it travels between systems, commonly through TLS; both require appropriate configuration and complement rather than replace access control.","Mã hóa khi lưu bảo vệ dữ liệu đã lưu như training objects, model artifacts và volume được hỗ trợ. Mã hóa khi truyền bảo vệ dữ liệu đang di chuyển giữa các hệ thống, thường bằng TLS; cả hai cần cấu hình phù hợp và bổ sung cho phân quyền, không thay thế phân quyền.",Chọn khóa KMS ở đúng tài nguyên hoặc trường cấu hình; dùng HTTPS/TLS trên đường client/service. Xét riêng traffic giữa các training instances.,S3 artifact được SSE-KMS bảo vệ nhưng caller có quyền đọc và decrypt vẫn có thể nhận plaintext.,Yêu cầu bảo mật dữ liệu xuyên suốt lifecycle.,KMS không tự mã hóa mọi kết nối mạng; bật TLS không mã hóa file lưu trên disk.,AWS KMS; S3; SageMaker AI,Domain 4,4.3,Mã hóa và dữ liệu,Skill Builder,https://skillbuilder.aws/learn/GVQ1SN594N/aws-ml-engineer-associate--secure-ml-and-ai-workloads/54MTEPSKTR,16/09/2026
Customer managed key and key policy,customer control • decrypt authorization • key lifecycle,Khóa KMS do khách hàng quản lý và key policy,"A customer managed KMS key gives the customer control over key policy and supported lifecycle settings used to protect data. Access to encrypted data depends on both access to the data resource and authorization to use the relevant key, allowing encryption permissions to be separated from storage permissions.","Customer managed KMS key cho khách hàng kiểm soát key policy và các thiết lập vòng đời được hỗ trợ dùng để bảo vệ dữ liệu. Truy cập dữ liệu mã hóa phụ thuộc cả quyền trên tài nguyên chứa dữ liệu lẫn quyền sử dụng khóa tương ứng, cho phép tách quyền mã hóa khỏi quyền lưu trữ.","Quản lý ai được encrypt/decrypt, audit key usage, rotation khi áp dụng. Bài học nhắc customer-provided key material/BYOK nhưng cần kiểm tra loại khóa và quy trình import hỗ trợ.",Training role có GetObject nhưng thiếu quyền decrypt khóa của object: job không đọc được plaintext.,Dữ liệu nhạy cảm cần kiểm soát chủ thể sử dụng khóa và vòng đời khóa.,Key rotation không thu hồi quyền của role; xóa/disable khóa có thể khiến dữ liệu không đọc được. AWS managed key khác customer managed key.,AWS KMS; S3; SageMaker AI,Domain 4,4.3,Mã hóa và dữ liệu,Skill Builder,https://skillbuilder.aws/learn/GVQ1SN594N/aws-ml-engineer-associate--secure-ml-and-ai-workloads/54MTEPSKTR,16/09/2026
Inter-container traffic encryption,distributed training • node-to-node traffic,Mã hóa lưu lượng giữa container training,"Inter-container traffic encryption protects communication between instances participating in a supported distributed SageMaker training job. It addresses internal training traffic separately from encryption of S3 objects, storage volumes, and client-to-service HTTPS connections.","Mã hóa lưu lượng giữa container bảo vệ giao tiếp giữa các instance tham gia training phân tán SageMaker được hỗ trợ. Cơ chế này xử lý traffic nội bộ của job riêng với mã hóa S3 objects, volume lưu trữ và kết nối HTTPS từ client tới dịch vụ.",Kiểm tra tùy chọn EnableInterContainerTrafficEncryption khi cấu hình training phù hợp. Chọn cơ chế theo loại dữ liệu đang truyền.,Các worker trao đổi gradient trên nhiều máy trong workflow phát hiện gian lận.,Đề yêu cầu bảo vệ dữ liệu giữa các nút training.,Chỉ bật S3 SSE-KMS hoặc TLS ở API client không chứng minh kênh giữa worker đã được mã hóa.,SageMaker training; KMS,Domain 4,4.3,Mã hóa và dữ liệu,Skill Builder,https://skillbuilder.aws/learn/GVQ1SN594N/aws-ml-engineer-associate--secure-ml-and-ai-workloads/54MTEPSKTR,16/09/2026
"Data residency, retention, and secure disposal",location • keep duration • controlled deletion,"Vị trí lưu, thời hạn giữ và hủy dữ liệu","Data governance defines where workload data may be stored or processed, how long copies and logs are retained, and how they are removed when no longer needed. These requirements apply to training inputs, artifacts, predictions, backups, and AI prompts or responses, not just the primary dataset.","Quản trị dữ liệu xác định nơi dữ liệu workload được lưu hoặc xử lý, thời gian giữ bản sao và log, cùng cách loại bỏ khi không còn cần. Yêu cầu áp dụng cho input training, artifacts, predictions, backups và prompt/response AI, không chỉ bộ dữ liệu chính.","Lập inventory các bản sao, chọn Region và cấu hình dịch vụ, retention/lifecycle và quyền xóa theo yêu cầu tổ chức; xét cả log và đường xử lý cross-Region.",Xóa training prefix nhưng còn PII trong invocation logs chưa hoàn thành yêu cầu quản trị dữ liệu.,"Workload có dữ liệu cá nhân, bí mật thương mại hoặc hạn chế vị trí xử lý.",Một Region của bucket không đủ kết luận mọi bước xử lý/bản sao đều ở đó; cần kiểm tra tính năng được bật.,S3; CloudWatch Logs; SageMaker AI; Bedrock,Domain 4,4.3,Mã hóa và dữ liệu,Skill Builder,https://skillbuilder.aws/learn/GVQ1SN594N/aws-ml-engineer-associate--secure-ml-and-ai-workloads/54MTEPSKTR,16/09/2026
Compliance support versus workload compliance,service assurance • customer configuration • evidence,Hỗ trợ tuân thủ và tuân thủ của toàn workload,"AWS service assurance and compliance capabilities provide controls and evidence that customers can use in a regulated workload. Whether the workload meets its obligations also depends on customer configuration, data handling, contracts, operational procedures, and the requirements that apply to that use case.","Khả năng bảo đảm và hỗ trợ tuân thủ của dịch vụ AWS cung cấp kiểm soát và bằng chứng để khách hàng sử dụng trong workload có yêu cầu quản lý. Việc workload đáp ứng nghĩa vụ còn phụ thuộc cấu hình, xử lý dữ liệu, thỏa thuận, quy trình vận hành và yêu cầu áp dụng cho tình huống đó.","Dùng encryption, access policies, audit history và configuration evidence để chứng minh kiểm soát; đối chiếu chương trình/dịch vụ và điều kiện hiện hành khi triển khai.",Chọn dịch vụ phù hợp cho dữ liệu nhạy cảm rồi vẫn phải cấu hình quyền và audit của chính ứng dụng.,Hiểu ranh giới shared responsibility khi bài học đề cập GDPR hoặc HIPAA.,"Không suy ra 'dùng SageMaker là toàn bộ ứng dụng tự compliant'; đây là kiến thức kiến trúc, không kết luận pháp lý cho một hệ thống cụ thể.",AWS Config; CloudTrail; KMS,Domain 4,4.3,Quản trị và bằng chứng,Skill Builder,https://skillbuilder.aws/learn/GVQ1SN594N/aws-ml-engineer-associate--secure-ml-and-ai-workloads/54MTEPSKTR,16/09/2026
CloudTrail management events versus data events,resource administration • object-level activity • explicit logging,Sự kiện quản lý và sự kiện dữ liệu,"CloudTrail management events record supported control-plane operations such as creating or changing AWS resources. Data events record supported activity on or within resources, such as S3 object access, and must be selected and configured where required to provide the detailed audit evidence a workload needs.","Management events của CloudTrail ghi các thao tác control plane được hỗ trợ như tạo hoặc thay đổi tài nguyên AWS. Data events ghi hoạt động được hỗ trợ trên hoặc bên trong tài nguyên, như truy cập S3 object, và phải được chọn/cấu hình khi cần để có bằng chứng audit chi tiết.","Management: ai thay cấu hình resource, khi nào, từ đâu. Data: object nào được truy cập qua API được log. Xác định đúng loại resource/event selectors và retention trước sự cố.",Nghi ai sửa endpoint → management events; nghi đọc training objects trái phép → S3 data events đã bật.,Chọn nguồn bằng chứng cho thay đổi trái phép hoặc rò rỉ dữ liệu.,Event history mặc định không thay thế mọi data event; bật log hôm nay không tạo lại lịch sử chưa được ghi. Không khẳng định CloudTrail ghi mọi payload inference.,AWS CloudTrail; S3; SageMaker AI,Domain 4,4.3,Giám sát và audit,Skill Builder,https://skillbuilder.aws/learn/GVQ1SN594N/aws-ml-engineer-associate--secure-ml-and-ai-workloads/54MTEPSKTR,16/09/2026
Configuration compliance versus operational telemetry,AWS Config / configuration • CloudWatch / metrics and logs,Đánh giá cấu hình và telemetry vận hành,Configuration monitoring records how supported resource settings change and evaluates those settings against defined rules. Operational monitoring measures runtime behavior through metrics and logs; combining both reveals whether a resource is misconfigured and how that condition affects the running ML workload.,Giám sát cấu hình ghi lại thay đổi thiết lập của tài nguyên được hỗ trợ và đánh giá chúng theo rule xác định. Giám sát vận hành đo hành vi runtime bằng metric và log; kết hợp hai góc nhìn giúp biết tài nguyên có cấu hình sai hay không và ảnh hưởng tới workload ML đang chạy.,"Config cho history/rules; CloudWatch cho CPU, error, log, alarm; CloudTrail cho API actor/time. Đây là ba loại bằng chứng bổ sung nhau.",Rule phát hiện storage thiếu cấu hình mã hóa; CloudTrail truy ra caller đã thay đổi; CloudWatch theo dõi lỗi truy cập sau đó.,"Bài toán drift cấu hình, compliance evidence và điều tra tác động.","Config không tự hỗ trợ mọi loại resource/rule, không tự sửa mọi vi phạm; CloudWatch không thay IAM audit history.",AWS Config; CloudWatch; CloudTrail,Domain 4,4.3,Giám sát và audit,Skill Builder,https://skillbuilder.aws/learn/GVQ1SN594N/aws-ml-engineer-associate--secure-ml-and-ai-workloads/54MTEPSKTR,16/09/2026
VPC Flow Logs,network metadata • ACCEPT / REJECT • not packet content,Nhật ký luồng mạng VPC,"VPC Flow Logs capture supported metadata about IP traffic to and from network interfaces in a VPC. They help investigate network paths and accepted or rejected flows, while omitting application payloads and requiring correlation with identity and application logs to explain user activity.","VPC Flow Logs thu thập metadata được hỗ trợ về traffic IP đi tới và đi từ network interface trong VPC. Log giúp điều tra đường mạng và luồng được chấp nhận hoặc từ chối, nhưng không chứa payload ứng dụng và cần kết hợp log danh tính/ứng dụng để giải thích hoạt động của người dùng.","Xem source/destination,port,protocol,action theo format đã cấu hình; có thể gửi đến CloudWatch Logs hoặc S3. Dữ liệu là log luồng, không phải full packet capture.",Phát hiện kết nối lặp tới đích không mong muốn hoặc request bị network rule chặn.,"Triệu chứng probing, connectivity failure, egress bất thường.",Flow ACCEPT không chứng minh IAM cho phép API; REJECT không tự chỉ chính xác rule nào sai; không dùng flow logs để đọc prompt plaintext.,Amazon VPC; CloudWatch Logs; S3,Domain 4,4.3,Giám sát và audit,Skill Builder,https://skillbuilder.aws/learn/GVQ1SN594N/aws-ml-engineer-associate--secure-ml-and-ai-workloads/54MTEPSKTR,16/09/2026
Security audit correlation,who • what • when • where • configuration,Tương quan bằng chứng audit bảo mật,"Security audit correlation combines identity permissions, API events, network-flow metadata, configuration history, and encryption settings to reconstruct suspicious activity. No single source proves every aspect of an incident, so timestamps, resource identifiers, and relevant principals must be compared across sources.","Tương quan audit bảo mật kết hợp quyền danh tính, API events, metadata luồng mạng, lịch sử cấu hình và thiết lập mã hóa để dựng lại hoạt động đáng ngờ. Không nguồn nào chứng minh mọi khía cạnh sự cố, nên cần đối chiếu thời gian, định danh tài nguyên và principal liên quan giữa các nguồn.",Lưu evidence an toàn → xác định window/resource → tìm CloudTrail event → kiểm tra role/policy và network/config → containment đúng nguyên nhân → theo dõi tái diễn.,"Thay đổi endpoint lạ: tìm caller rồi kiểm tra session/role, permission change và các hành động gần thời điểm đó.","Điều tra thay đổi trái phép, dữ liệu có nguy cơ lộ hoặc quyền quá rộng.",Đừng chỉ nhìn CPU; không xóa log để 'khắc phục'; encryption bật không loại trừ truy cập hợp lệ bị lạm dụng.,CloudTrail; IAM; VPC Flow Logs; Config; KMS,Domain 4,4.3,Giám sát và audit,Skill Builder,https://skillbuilder.aws/learn/GVQ1SN594N/aws-ml-engineer-associate--secure-ml-and-ai-workloads/54MTEPSKTR,16/09/2026
Pre-commit security checks and secret detection,shift left • prevent secret commits • fast feedback,Kiểm tra bảo mật trước commit,"Pre-commit security checks inspect proposed changes before they enter the shared repository, looking for issues such as embedded credentials and obvious code problems. They provide early feedback but must be backed by centralized pipeline checks because local hooks can be missing or bypassed.","Kiểm tra bảo mật trước commit xem xét thay đổi trước khi vào repository dùng chung, tìm các vấn đề như credentials nhúng trong code và lỗi rõ ràng. Chúng phản hồi sớm nhưng cần được bổ sung bằng kiểm tra tập trung trong pipeline vì local hook có thể thiếu hoặc bị bỏ qua.","Secret scanning/IDE lint/hooks ở bước sớm; credentials thật đã lộ cần thu hồi/rotate, không chỉ xóa dòng khỏi commit mới.",Phát hiện API key trong notebook trước khi push lên repository.,CI/CD cần giảm khả năng bí mật hoặc code lỗi lan vào build.,Secrets Manager không tự tìm mọi secret đã commit; một pre-commit hook không bảo đảm toàn lịch sử Git sạch.,Git hooks; Secrets Manager; CI/CD tools,Domain 4,4.3,Bảo mật CI/CD,Skill Builder,https://skillbuilder.aws/learn/GVQ1SN594N/aws-ml-engineer-associate--secure-ml-and-ai-workloads/54MTEPSKTR,16/09/2026
Static application security testing (SAST),source analysis • no running application,Kiểm thử bảo mật ứng dụng tĩnh,"SAST examines application source code or related static representations for security weaknesses without requiring the application to run. It can identify insecure coding patterns early in development, but its findings require triage and do not replace runtime testing or dependency vulnerability analysis.","SAST kiểm tra source code hoặc biểu diễn tĩnh liên quan để tìm điểm yếu bảo mật mà không cần chạy ứng dụng. Nó có thể phát hiện mẫu code không an toàn sớm trong phát triển, nhưng cần phân loại kết quả và không thay thế kiểm thử runtime hoặc phân tích lỗ hổng dependency.","Theo bài học, thực hiện ở commit/review; CodeGuru Reviewer là ví dụ lịch sử. Cần kiểm tra trạng thái công cụ trước khi triển khai mới.",Phát hiện cách xử lý input hoặc dữ liệu nhạy cảm không an toàn qua code review tự động.,Câu hỏi scan source trước khi deploy.,"SAST ≠ DAST (ứng dụng chạy), ≠ SCA (thành phần phụ thuộc). CodeGuru Reviewer không nhận repository association mới từ 07/11/2025.",CodeGuru Reviewer; pipeline scanners,Domain 4,4.3,Bảo mật CI/CD,Skill Builder,"https://skillbuilder.aws/learn/GVQ1SN594N/aws-ml-engineer-associate--secure-ml-and-ai-workloads/54MTEPSKTR
https://docs.aws.amazon.com/codeguru/latest/reviewer-ug/codeguru-reviewer-availability-change.html",16/09/2026
Software composition analysis (SCA),dependencies • known vulnerabilities • licenses,Phân tích thành phần phần mềm,"SCA inventories third-party software components and checks their versions against known vulnerabilities and, where supported, licensing rules. It helps expose risks inherited through dependencies even when the team's own application code has not changed.",SCA lập danh mục thành phần phần mềm bên thứ ba và kiểm tra phiên bản theo các lỗ hổng đã biết cùng quy tắc giấy phép nếu công cụ hỗ trợ. Nó giúp phát hiện rủi ro kế thừa từ dependency ngay cả khi code ứng dụng của nhóm không thay đổi.,"Scan lockfiles/packages/build dependencies; có thể kết hợp container scan. IaC misconfiguration scanning là kiểm tra bổ sung, không đồng nghĩa mọi công cụ SCA đều scan IaC.",Model server dùng thư viện có CVE mới dù source business logic không thay đổi.,Build stage cần kiểm soát supply chain và dependency.,SCA không chứng minh logic ứng dụng an toàn và không phát hiện mọi lỗ hổng zero-day.,Amazon Inspector; dependency scanners,Domain 4,4.3,Bảo mật CI/CD,Skill Builder,https://skillbuilder.aws/learn/GVQ1SN594N/aws-ml-engineer-associate--secure-ml-and-ai-workloads/54MTEPSKTR,16/09/2026
DAST versus IAST,running app / external tests • runtime instrumentation,Kiểm thử động và kiểm thử tương tác,"DAST probes a running application through its exposed interfaces to find exploitable behavior. IAST observes an instrumented application while tests exercise it, combining runtime context with internal code visibility to help locate weaknesses; both complement static checks.","DAST kiểm tra một ứng dụng đang chạy thông qua các giao diện của nó để tìm hành vi có thể bị khai thác. IAST quan sát ứng dụng được gắn công cụ đo khi các bài kiểm thử chạy, kết hợp ngữ cảnh runtime với thông tin bên trong code để định vị điểm yếu; cả hai bổ sung cho kiểm tra tĩnh.","Triển khai test environment trước, chạy test traffic, thu findings và gate release theo tiêu chí. CodeBuild có thể chạy công cụ kiểm tra nhưng không tự là mọi loại security scanner.",API inference có lỗi chỉ xuất hiện khi xác thực và xử lý request thật → dynamic/instrumented tests.,Giai đoạn test trong secure CI/CD.,DAST không đơn thuần đọc source; IAST cần instrumentation thích hợp. Không chạy pentest tùy ý trên môi trường chưa được phép.,CodeBuild; application security testing tools,Domain 4,4.3,Bảo mật CI/CD,Skill Builder,https://skillbuilder.aws/learn/GVQ1SN594N/aws-ml-engineer-associate--secure-ml-and-ai-workloads/54MTEPSKTR,16/09/2026
Container vulnerability scanning and release gates,image layers • dependency CVEs • fail or approve,Quét lỗ hổng container và cổng kiểm soát phát hành,"Container vulnerability scanning analyzes supported image contents for known vulnerable operating-system and software packages. A release gate uses the findings and an organization's risk criteria to decide whether an image may proceed, and ongoing scans are needed because new vulnerabilities can be discovered after deployment.",Quét lỗ hổng container phân tích nội dung image được hỗ trợ để tìm package hệ điều hành và phần mềm có lỗ hổng đã biết. Release gate dùng findings và tiêu chí rủi ro của tổ chức để quyết định image có được đi tiếp không; cần quét tiếp vì lỗ hổng mới có thể được công bố sau khi deploy.,ECR lưu image; enhanced scanning tích hợp Inspector. Pipeline phải chủ động đọc kết quả và block/approve theo policy; gắn kết quả với image digest.,"Một base image lỗi được dùng cho 20 model: rebuild bản vá, scan lại và redeploy các workload chịu ảnh hưởng.",Bảo vệ supply chain và tránh lặp lỗi ở mọi model release.,Push ECR không tự bảo đảm có gate chặn deploy; scan sạch không chứng minh không có lỗ hổng chưa biết.,ECR; Amazon Inspector; CodePipeline; CodeBuild,Domain 4,4.3,Bảo mật CI/CD,Skill Builder,https://skillbuilder.aws/learn/GVQ1SN594N/aws-ml-engineer-associate--secure-ml-and-ai-workloads/54MTEPSKTR,16/09/2026
Penetration testing and red / blue / purple teams,authorized attack simulation • defend • collaborate,"Pentest và các đội red, blue, purple","Penetration testing uses authorized attack techniques to evaluate exploitable weaknesses in a defined scope. Red teams simulate adversaries, blue teams defend and respond, and purple-team collaboration shares findings so detection and response improve together.","Pentest dùng kỹ thuật tấn công đã được cho phép để đánh giá điểm yếu có thể khai thác trong phạm vi xác định. Red team mô phỏng đối thủ, blue team phòng thủ và ứng phó, còn hoạt động purple team phối hợp chia sẻ phát hiện để cải thiện đồng thời khả năng phát hiện và phản ứng.","Bài học đặt pentest trước phát hành và exercises trong vận hành; cần scope, quy tắc thực hiện, logging và phương án khôi phục.",Thử kịch bản credential bị lộ trong môi trường được duyệt để đánh giá phát hiện và containment.,Xác minh biện pháp bảo mật hoạt động thực tế thay vì chỉ có checklist cấu hình.,"Không đồng nhất pentest với chỉ quét CVE; color teams là vai trò/phương pháp, không phải dịch vụ AWS tự bật.",Security testing tools; CloudTrail; CloudWatch,Domain 4,4.3,Bảo mật CI/CD,Skill Builder,https://skillbuilder.aws/learn/GVQ1SN594N/aws-ml-engineer-associate--secure-ml-and-ai-workloads/54MTEPSKTR,16/09/2026
Securing the CI/CD control plane,pipeline roles • secrets • IaC • audit trail,Bảo vệ chính hạ tầng CI/CD,"Securing a CI/CD control plane means protecting the identities, secrets, build infrastructure, configuration, and approval paths that can change a workload. Because a compromised pipeline can distribute malicious code or models at scale, its own access and changes require strong controls and auditability.","Bảo vệ control plane CI/CD là bảo vệ danh tính, secrets, hạ tầng build, cấu hình và đường phê duyệt có thể thay đổi workload. Pipeline bị chiếm quyền có thể phát tán code hoặc model độc hại trên diện rộng, nên bản thân quyền truy cập và thay đổi của pipeline phải được kiểm soát, audit chặt chẽ.","Dùng role tối thiểu theo stage, Secrets Manager, IaC có review, CloudTrail cho hành động và Config cho cấu hình được hỗ trợ. Không cho build role quyền quản trị không cần thiết.",Scan code rất tốt nhưng ai cũng sửa được gate trong pipeline: bảo mật chuỗi phát hành vẫn yếu.,"Yêu cầu bảo vệ automation, artifact và deploy permission.","Chỉ scan sản phẩm đầu ra mà bỏ qua repository, pipeline role, secret và approval path là chưa đủ.",CodePipeline; CodeBuild; CloudFormation; Secrets Manager; IAM,Domain 4,4.3,Bảo mật CI/CD,Skill Builder,https://skillbuilder.aws/learn/GVQ1SN594N/aws-ml-engineer-associate--secure-ml-and-ai-workloads/54MTEPSKTR,16/09/2026
Direct versus indirect prompt injection,user prompt • retrieved content • instruction override,Prompt injection trực tiếp và gián tiếp,"Prompt injection attempts to make a generative AI application follow untrusted instructions that conflict with its intended rules. Direct injection appears in user input, while indirect injection is embedded in material the application retrieves or consumes, such as documents, web pages, or tool output.","Prompt injection cố khiến ứng dụng AI tạo sinh làm theo chỉ dẫn không đáng tin cậy trái với quy tắc dự định. Injection trực tiếp nằm trong input người dùng; injection gián tiếp ẩn trong nội dung ứng dụng truy xuất hoặc sử dụng, như tài liệu, trang web hay output của công cụ.","Xem tài liệu/tool output là dữ liệu cần xử lý, không phải quyền điều khiển ứng dụng. Kết hợp input checks, prompt hardening, quyền tối thiểu và output checks.",Tài liệu RAG chứa yêu cầu bỏ qua quy tắc và tiết lộ tài liệu khác là indirect injection.,Câu hỏi nguồn attack và lớp kiểm soát phù hợp.,System prompt dài hơn không bảo đảm chống injection; bộ lọc input người dùng không bao phủ mọi nội dung truy xuất.,Amazon Bedrock; Guardrails; Knowledge Bases,Domain 4,4.3,Bảo mật GenAI,Skill Builder,"https://skillbuilder.aws/learn/GVQ1SN594N/aws-ml-engineer-associate--secure-ml-and-ai-workloads/54MTEPSKTR
https://docs.aws.amazon.com/bedrock/latest/userguide/guardrails-prompt-attack.html",16/09/2026
Prompt hardening and untrusted-input boundaries,trusted instructions • separate data • validate output,Củng cố prompt và ranh giới input không tin cậy,"Prompt hardening clearly separates trusted application instructions from untrusted user or retrieved content and constrains the intended task. It reduces opportunities for instruction confusion, but sensitive actions still require application-side authorization and validation because model behavior is probabilistic.","Củng cố prompt tách rõ chỉ dẫn ứng dụng đáng tin cậy khỏi nội dung người dùng hoặc tài liệu truy xuất không tin cậy, đồng thời giới hạn nhiệm vụ dự định. Cách này giảm nhầm lẫn chỉ dẫn, nhưng hành động nhạy cảm vẫn cần phân quyền và kiểm tra ở ứng dụng vì hành vi model có tính xác suất.","Validate định dạng/độ dài, đánh dấu phần dữ liệu, từ chối vượt phạm vi, kiểm tra response và tool action bằng code đáng tin cậy. Sanitization phải phù hợp loại input.",Chatbot chỉ trả thông tin từ nguồn được phép; backend không thực thi tool chỉ vì model yêu cầu.,Ứng dụng GenAI nhận input tùy ý hoặc sử dụng công cụ.,Không dùng model làm cơ chế quyết định quyền truy cập duy nhất; regex hoặc prompt không phát hiện mọi biến thể attack.,Bedrock; Guardrails; IAM,Domain 4,4.3,Bảo mật GenAI,Skill Builder,https://skillbuilder.aws/learn/GVQ1SN594N/aws-ml-engineer-associate--secure-ml-and-ai-workloads/54MTEPSKTR,16/09/2026
RAG authorization and least-privilege retrieval,authorize BEFORE retrieval • user entitlement • context boundary,Phân quyền truy xuất trong RAG,"RAG authorization ensures that retrieved documents and chunks are permitted for the current user before they enter the model context. The application's retrieval identity and per-user access checks must be scoped appropriately, because a model can disclose sensitive content that it was allowed to receive even if the answer is factually grounded.","Phân quyền RAG bảo đảm tài liệu và chunk truy xuất được phép đối với người dùng hiện tại trước khi đưa vào context của model. Danh tính truy xuất của ứng dụng và kiểm tra quyền từng người dùng phải có phạm vi phù hợp, vì model có thể tiết lộ nội dung nhạy cảm đã được đưa vào dù câu trả lời có căn cứ đúng.",Tách quyền service role đọc nguồn/vector store khỏi quyền user đối với từng tài liệu. Áp metadata/access filter phía server dựa trên identity đã xác thực.,"Chatbot khách hàng chỉ được lấy tài liệu public, không lấy internal/confidential rồi hy vọng model không nói ra.","RAG có nhiều nhóm quyền, tenant hoặc tài liệu mật.",Guardrails không thay document ACL; grounding đúng không có nghĩa user được phép xem nguồn.,Knowledge Bases; IAM; Guardrails,Domain 4,4.3,Bảo mật GenAI,Skill Builder,https://skillbuilder.aws/learn/GVQ1SN594N/aws-ml-engineer-associate--secure-ml-and-ai-workloads/54MTEPSKTR,16/09/2026
Security metadata filters in retrieval,public / internal / confidential • server-enforced filter,Lọc metadata phục vụ phân quyền tài liệu,Security metadata filters restrict retrieval candidates using trusted attributes such as document classification or tenant membership. They become a security control only when the application derives and enforces the filter from verified permissions rather than allowing an untrusted prompt or client to remove it.,"Lọc metadata bảo mật giới hạn tài liệu ứng viên bằng thuộc tính đáng tin cậy như mức phân loại hoặc tenant. Bộ lọc chỉ trở thành kiểm soát bảo mật khi ứng dụng tạo và bắt buộc áp dụng từ quyền đã xác minh, thay vì cho prompt hoặc client không tin cậy bỏ bộ lọc.",Gán metadata tại ingestion theo quy trình kiểm soát; kiểm tra tài liệu thiếu/sai nhãn; server tạo filter cho query. Kiểm thử negative cases bằng tài khoản khác quyền.,Filter access_level = public cho chatbot công khai; người dùng không tự gửi filter=confidential để nâng quyền.,Walkthrough tài chính và hệ thống RAG phân tách người dùng.,Metadata filter không tự đồng bộ mọi ACL nguồn; service role có quyền đọc toàn KB không tự biết quyền từng user.,Amazon Bedrock Knowledge Bases; IAM,Domain 4,4.3,Bảo mật GenAI,Skill Builder,https://skillbuilder.aws/learn/GVQ1SN594N/aws-ml-engineer-associate--secure-ml-and-ai-workloads/54MTEPSKTR,16/09/2026
Retrieval and response audit trail,query • user • document / chunk IDs • protected logs,Dấu vết audit truy xuất và phản hồi,"A retrieval audit trail records enough context to determine which authenticated user or session caused which documents or chunks to be retrieved and used. It supports investigation of data exposure while requiring its own access controls, retention settings, and sensitive-data handling.","Dấu vết audit truy xuất ghi đủ ngữ cảnh để xác định user hoặc session đã xác thực nào khiến tài liệu/chunk nào được lấy và sử dụng. Nó hỗ trợ điều tra lộ dữ liệu, đồng thời bản thân log cần kiểm soát quyền, retention và xử lý thông tin nhạy cảm.","Correlate request ID, user/session, thời gian, nguồn/chunk ID, filter hoặc policy version; chỉ ghi payload nhạy cảm khi có nhu cầu và kiểm soát phù hợp.","Từ response nghi lộ dữ liệu, truy lại những chunk đã vào context và quyền user tại thời điểm đó.",RAG audit và điều tra rò rỉ sau rollout.,CloudTrail không tự cung cấp đầy đủ user-level RAG context của ứng dụng; log quá rộng có thể tạo thêm bản sao PII.,Knowledge Bases; CloudWatch Logs; S3,Domain 4,4.3,Bảo mật GenAI,Skill Builder,https://skillbuilder.aws/learn/GVQ1SN594N/aws-ml-engineer-associate--secure-ml-and-ai-workloads/54MTEPSKTR,16/09/2026
IAM role credentials for production AI workloads,temporary credentials • SDK provider • no embedded keys,Thông tin xác thực role cho workload AI production,"An AWS workload can assume an IAM role and obtain temporary credentials scoped by that role's permissions. Supported runtime credential providers supply and refresh those credentials for SDK calls, avoiding the need to embed long-lived user access keys in production application code.","Workload AWS có thể assume IAM role và nhận credentials tạm thời theo phạm vi quyền của role. Credential provider được hỗ trợ trong runtime cung cấp và làm mới credentials cho SDK calls, giúp tránh nhúng access key dài hạn của user vào code production.",Gắn execution role phù hợp cho Lambda/EC2/SageMaker; SDK dùng credential chain được cấu hình. Cấp quyền model/API cần dùng và hạn chế data dependencies.,Lambda chatbot gọi Bedrock bằng role của Lambda thay vì chép access key vào biến trong source.,Lựa chọn thông thường cho AWS-native production và tác vụ cần governance.,Role credentials vẫn cần bảo vệ; 'tạm thời' không có nghĩa được cấp mọi quyền hoặc tự an toàn nếu role quá rộng.,IAM; STS; Bedrock; SageMaker AI,Domain 4,4.3,Credentials GenAI,Skill Builder,"https://skillbuilder.aws/learn/GVQ1SN594N/aws-ml-engineer-associate--secure-ml-and-ai-workloads/54MTEPSKTR
https://docs.aws.amazon.com/bedrock/latest/userguide/api-keys.html",16/09/2026
Short-term Amazon Bedrock API key,bearer token • up to 12 hours • session-limited,API key Bedrock ngắn hạn,"A short-term Bedrock API key is a bearer token derived from an authenticated principal's session and permissions. Its lifetime is limited to at most 12 hours and can be shorter when the underlying session expires, making it suitable for supported integrations that require bearer authentication with a bounded credential lifetime.","API key Bedrock ngắn hạn là bearer token được tạo từ session và quyền của principal đã xác thực. Thời hạn tối đa là 12 giờ và có thể ngắn hơn nếu session gốc hết hạn, phù hợp với tích hợp được hỗ trợ cần bearer authentication có thời gian tồn tại giới hạn.","Quyền gọi vẫn dựa vào principal; dùng token provider được hỗ trợ để làm mới khi phù hợp. Giữ token ngoài source, URLs và logs.",Công cụ yêu cầu bearer token để gọi model trong một phiên làm việc ngắn.,So sánh hai loại Bedrock API key và role-based SDK authentication.,Không mặc định token luôn đủ 12 giờ; bearer token bị lộ có thể bị sử dụng trong phạm vi quyền còn hiệu lực.,Amazon Bedrock API keys; IAM,Domain 4,4.3,Credentials GenAI,Skill Builder,"https://skillbuilder.aws/learn/GVQ1SN594N/aws-ml-engineer-associate--secure-ml-and-ai-workloads/54MTEPSKTR
https://docs.aws.amazon.com/bedrock/latest/userguide/api-keys.html",16/09/2026
Long-term Amazon Bedrock API key,service-specific credential • IAM user • exploration,API key Bedrock dài hạn,"A long-term Bedrock API key is a service-specific credential associated with an IAM user and a configured expiration. It can outlive an individual login session and simplifies exploration, but requires deliberate secret storage, expiration, and revocation management; AWS recommends short-term credentials for production use.","API key Bedrock dài hạn là service-specific credential gắn với IAM user và thời điểm hết hạn được cấu hình. Nó có thể tồn tại lâu hơn một phiên đăng nhập và thuận tiện cho thử nghiệm, nhưng cần chủ động lưu bí mật, quản lý hết hạn và thu hồi; AWS khuyến nghị credentials ngắn hạn cho production.",Console có thể tạo IAM user và policy phục vụ key; CLI có thể làm việc với user hiện có. Không khái quát mọi cách tạo đều sinh user mới.,Thử nghiệm gọi Bedrock nhanh trong môi trường kiểm soát; lên production chuyển sang cơ chế credentials phù hợp.,Đề nhấn mạnh persistent key để exploration thay vì workload production chuẩn.,Không nhầm API key dài hạn với IAM role tự cấp credentials ngắn hạn; không chia sẻ key hoặc commit repository.,Amazon Bedrock API keys; IAM; Secrets Manager,Domain 4,4.3,Credentials GenAI,Skill Builder,"https://skillbuilder.aws/learn/GVQ1SN594N/aws-ml-engineer-associate--secure-ml-and-ai-workloads/54MTEPSKTR
https://docs.aws.amazon.com/bedrock/latest/userguide/api-keys.html",16/09/2026
Guardrails content filters and prompt-attack filtering,harmful categories • filter strength • prompt attack,Bộ lọc nội dung và prompt attack,"Bedrock Guardrails content filters evaluate supported inputs or outputs for configured harmful-content categories. The module covers hate, insults, sexual content, violence, misconduct, and prompt attacks, with policy-specific scope and strength settings; prompt-attack inspection targets supported input content rather than every possible application channel.","Content filters của Bedrock Guardrails đánh giá input hoặc output được hỗ trợ theo các nhóm nội dung có hại đã cấu hình. Module đề cập hate, insults, sexual content, violence, misconduct và prompt attacks, với phạm vi và mức lọc tùy policy; kiểm tra prompt attack nhắm tới input được hỗ trợ chứ không bao phủ mọi kênh ứng dụng.",Chọn categories/strength theo use case rồi đánh giá false positives/negatives. Với các InvokeModel API cần tag input đúng cho prompt-attack filtering theo hướng dẫn.,Chặn lời lẽ bạo lực bằng content filter; phát hiện yêu cầu vượt chỉ dẫn bằng prompt-attack policy.,GenAI cần lớp kiểm soát nội dung ngoài safeguards sẵn có của FM.,Không nhầm profanity word list với mọi content category. Prompt-attack filter không kiểm tra toolResult/toolSpec theo tài liệu hiện hành.,Amazon Bedrock Guardrails,Domain 4,4.3,Guardrails theo module,Skill Builder,"https://skillbuilder.aws/learn/GVQ1SN594N/aws-ml-engineer-associate--secure-ml-and-ai-workloads/54MTEPSKTR
https://docs.aws.amazon.com/bedrock/latest/userguide/guardrails-prompt-attack.html",16/09/2026
Guardrails denied topics,natural-language topic definition • business boundaries,Chủ đề bị cấm trong Guardrails,"A denied-topics policy describes subjects that an application must avoid, using natural-language topic definitions and examples to guide detection. It establishes business-specific conversational boundaries that differ from broad harmful-content categories or simple matching of forbidden words.","Denied-topics policy mô tả các chủ đề ứng dụng phải tránh bằng định nghĩa ngôn ngữ tự nhiên và ví dụ để hỗ trợ phát hiện. Nó thiết lập ranh giới hội thoại theo nghiệp vụ, khác với nhóm nội dung độc hại tổng quát hoặc việc chỉ tìm từ cấm.",Định nghĩa rõ nội dung nào ngoài phạm vi; kiểm thử cách diễn đạt tương đương và trường hợp hợp lệ gần ranh giới.,Chatbot ngân hàng không được hứa lợi nhuận đầu tư hoặc tư vấn một chủ đề tài chính bị tổ chức cấm.,Câu hỏi cần chặn chủ đề nghiệp vụ dù văn bản không chứa từ tục hay bạo lực.,Không cho rằng bật generic content filter tự chặn mọi lời hứa tài chính; topic filter không thay quyền IAM.,Amazon Bedrock Guardrails,Domain 4,4.3,Guardrails theo module,Skill Builder,https://skillbuilder.aws/learn/GVQ1SN594N/aws-ml-engineer-associate--secure-ml-and-ai-workloads/54MTEPSKTR,16/09/2026
Guardrails word filters,custom words / phrases • managed profanity list,Bộ lọc từ và cụm từ,Word filters detect configured words or phrases and can use the supported managed profanity list to restrict unwanted language. They are useful for explicit lexical restrictions but do not provide the same semantic understanding as denied-topic or contextual-grounding policies.,Word filters phát hiện từ hoặc cụm từ đã cấu hình và có thể dùng danh sách profanity được quản lý để hạn chế ngôn ngữ không mong muốn. Chúng phù hợp với hạn chế từ vựng cụ thể nhưng không có cùng vai trò hiểu ngữ nghĩa như denied-topic hoặc contextual-grounding policies.,Quản lý danh sách theo nhu cầu; thử biến thể và ngữ cảnh để tránh vô tình chặn câu hợp lệ.,Không cho chatbot nhắc tên một sản phẩm nội bộ hoặc phát ngôn tục tĩu.,"Đề nhấn mạnh explicit words, phrases hoặc profanity.",Word list không đủ phát hiện chủ đề được diễn đạt không dùng từ cấm; không thay sensitive-information detector.,Amazon Bedrock Guardrails,Domain 4,4.3,Guardrails theo module,Skill Builder,https://skillbuilder.aws/learn/GVQ1SN594N/aws-ml-engineer-associate--secure-ml-and-ai-workloads/54MTEPSKTR,16/09/2026
Guardrails sensitive information — block versus mask,PII • custom regex • redact or reject,Thông tin nhạy cảm: chặn hoặc che,"Sensitive-information filters inspect supported text for configured PII categories and custom patterns. A block action rejects content containing a detected match, while masking replaces the detected sensitive values so the remaining content may be used; detection and masking still have coverage and accuracy limits.","Sensitive-information filters kiểm tra văn bản được hỗ trợ theo nhóm PII và mẫu tùy chỉnh đã chọn. Hành động block từ chối nội dung có match được phát hiện, còn masking thay thế các giá trị nhạy cảm đã nhận diện để có thể sử dụng phần còn lại; khả năng phát hiện và che vẫn có giới hạn về phạm vi và độ chính xác.","Dùng PII categories cho dữ liệu chuẩn, custom regex cho định dạng nội bộ. Chỉ xuất response đã được xử lý, không trả raw response/trace vô tình.",Giữ nội dung hỗ trợ nhưng thay email hoặc số định danh được phát hiện bằng placeholder.,Chatbot cần loại thông tin nhạy cảm khỏi input/output mà không bỏ toàn bộ thông điệp.,"Theo tài liệu hiện hành, masking không tự che original input trong invocation logs hoặc giá trị match trong trace; tool_use output parameters không được PII text filter bao phủ.",Amazon Bedrock Guardrails; CloudWatch Logs,Domain 4,4.3,Guardrails theo module,Skill Builder,"https://skillbuilder.aws/learn/GVQ1SN594N/aws-ml-engineer-associate--secure-ml-and-ai-workloads/54MTEPSKTR
https://docs.aws.amazon.com/bedrock/latest/userguide/guardrails-sensitive-filters.html",16/09/2026
Guardrails contextual grounding checks,source faithfulness • query relevance • thresholds,Kiểm tra bám sát nguồn và liên quan câu hỏi,"Contextual grounding checks assess whether a generated response is supported by the supplied reference material and relevant to the supplied query. Configured thresholds help reject insufficiently grounded or irrelevant answers, but the check does not establish that the source itself is true, current, or authorized for the user.","Contextual grounding checks đánh giá response được sinh có được tài liệu tham chiếu cung cấp hỗ trợ và có liên quan đến query đã đưa vào hay không. Ngưỡng cấu hình giúp loại câu trả lời thiếu căn cứ hoặc lạc đề, nhưng phép kiểm tra không chứng minh nguồn tự nó đúng, cập nhật hoặc được phép cho người dùng xem.","Cung cấp đúng grounding source, query và response theo API. Đánh giá threshold trên bộ câu hỏi đại diện cho ứng dụng.",Model trả một mức lãi suất không có trong tài liệu được duyệt → grounding check có thể phát hiện thiếu hỗ trợ.,RAG hoặc câu trả lời dựa trên tài liệu cần giảm unsupported claims.,"Grounding khác PII filtering, IAM authorization và kiểm chứng chân lý độc lập; không bảo đảm loại toàn bộ hallucinations.",Amazon Bedrock Guardrails; Knowledge Bases,Domain 4,4.3,Guardrails theo module,Skill Builder,"https://skillbuilder.aws/learn/GVQ1SN594N/aws-ml-engineer-associate--secure-ml-and-ai-workloads/54MTEPSKTR
https://docs.aws.amazon.com/bedrock/latest/userguide/guardrails-contextual-grounding-check.html",16/09/2026
Guardrail application and input–output enforcement,configure • invoke selected version • inspect both boundaries,Áp dụng Guardrails tại ranh giới input và output,"A guardrail only protects content submitted through a supported invocation or guardrail evaluation path with the intended configuration. A secure application checks applicable input policies before generation and applicable output policies before releasing a response, then handles intervention results according to the chosen block or masking behavior.","Guardrail chỉ bảo vệ nội dung được gửi qua đường invocation hoặc guardrail evaluation được hỗ trợ với cấu hình dự định. Ứng dụng an toàn kiểm tra input theo policy áp dụng trước khi sinh và output theo policy áp dụng trước khi trả response, sau đó xử lý kết quả can thiệp theo hành vi block hoặc mask đã chọn.",Create/test policy → chọn version → integrate model invocation hoặc ApplyGuardrail theo thiết kế → xử lý output và fallback → monitor. Policy có phạm vi input/output riêng.,Input bị chặn thì không tiếp tục tạo câu trả lời như bình thường; output vi phạm thì trả fallback hoặc nội dung đã mask phù hợp.,Triển khai safeguards nhất quán giữa các đường gọi ứng dụng.,Tạo Guardrail trong console không tự gắn vào mọi call; không hiển thị raw output trong streaming/logging trước khi kiểm tra cần thiết.,Amazon Bedrock Guardrails; Amazon Bedrock,Domain 4,4.3,Guardrails theo module,Skill Builder,https://skillbuilder.aws/learn/GVQ1SN594N/aws-ml-engineer-associate--secure-ml-and-ai-workloads/54MTEPSKTR,16/09/2026