MLA-C01 • DOMAIN 3,DỊCH VỤ & CÔNG CỤ,"Manage Deployment Infrastructure
Provision and Configure Resources
Automated Orchestration and CI/CD",,,,,,,,,,,,,
69 mục • 16 cột,Định nghĩa EN/VI + chi tiết,Task 3.1 • 3.2 • 3.3,,,,,,,,,,,,,
Keyword cần nhớ: cột B,Lợi ích / Ví dụ / Điều kiện,Phạm vi: 3 module Domain 3,,,,,,,,,,,,,
Đối chiếu: 15/09/2026,Nguồn: O • Có ghi phạm vi,Ghi chú đối chiếu AWS nằm trong nội dung.,,,,,,,,,,,,,
Key / Dịch vụ hoặc công cụ,Keyword cần nhớ,Definition (EN),Định nghĩa (VI),Benefits / Lợi ích chi tiết,Cơ chế / Quy trình,Use cases / Khi nào dùng,Ví dụ minh họa,Phân biệt / Điều kiện / Lưu ý,Loại,Domain,Task,Nhóm chủ đề,Phạm vi nguồn,Nguồn tham khảo,Ngày đối chiếu
Amazon SageMaker AI — Managed Hosting,managed endpoint • infrastructure abstraction,"Amazon SageMaker AI managed hosting deploys trained models on AWS-operated serving infrastructure using compatible model artifacts, inference code and containers. Users choose an inference option and configure resources, access, scaling and monitoring, while the service manages the underlying hosting workflow. It reduces the need to build a serving platform from scratch, but production readiness still depends on model validation, capacity planning and operational configuration.","Managed hosting của Amazon SageMaker AI triển khai model đã training trên hạ tầng phục vụ do AWS vận hành, sử dụng artifact, mã inference và container tương thích. Người dùng chọn kiểu inference, cấu hình tài nguyên, quyền, scaling, monitoring, còn dịch vụ quản lý workflow hosting bên dưới. Khả năng này giảm nhu cầu xây platform serving từ đầu, nhưng mức sẵn sàng production vẫn phụ thuộc kiểm định model, lập kế hoạch capacity và cấu hình vận hành.","Giảm công việc cấp máy, phân phối request và tích hợp triển khai; hỗ trợ nhiều kiểu inference, framework và cơ chế theo dõi/scale. Nhóm tập trung hơn vào model, cấu hình và yêu cầu ứng dụng.",Artifact + image → model resource → cấu hình inference → endpoint hoặc job → kiểm thử/giám sát.,Model tùy chỉnh cần hạ tầng ML chuyên dụng với ít vận hành hơn tự xây cluster.,Triển khai model gợi ý và cấu hình tự tăng số instance theo tải.,"Vẫn cần chọn sizing, IAM, network, policy scale và vận hành model; không mặc định rẻ hơn mọi phương án EKS/ECS.",Nền tảng ML / hosting,Domain 3,3.1,Deployment target,Skill Builder,https://skillbuilder.aws/learn/6S4CUVPT9A/aws-ml-engineer-associate--manage-deployment-infrastructure/ZB46SU1CHZ,15/09/2026
SageMaker Real-time Inference,persistent capacity • low latency • sustained traffic,"SageMaker Real-time Inference provides a persistent managed endpoint that processes online prediction requests using provisioned serving instances. It is designed for workloads requiring low, consistent response latency or sustained throughput, with configurable instance type, capacity and supported scaling policies. Applications receive predictions through a synchronous request path, while idle capacity still incurs cost and actual latency depends on model execution, overhead and load.","SageMaker Real-time Inference cung cấp endpoint được quản lý có tài nguyên hoạt động liên tục để xử lý request dự đoán trực tuyến bằng các serving instance đã cấp phát. Lựa chọn được thiết kế cho workload cần latency thấp, ổn định hoặc throughput liên tục, với loại instance, capacity và chính sách scaling được hỗ trợ có thể cấu hình. Ứng dụng nhận dự đoán qua luồng request đồng bộ; capacity idle vẫn có chi phí, còn latency thực tế phụ thuộc model, overhead và tải.","Phản hồi nhanh và ổn định khi capacity đủ; chọn loại/số instance, hỗ trợ nhu cầu GPU và các cấu hình serving phức tạp tùy mode. Phù hợp ứng dụng cần prediction ngay trong request.",CreateModel → EndpointConfig → Endpoint → InService → InvokeEndpoint; thêm policy scale và metrics.,Traffic liên tục hoặc yêu cầu latency chặt dù traffic biến động.,Gợi ý sản phẩm dưới 200 ms trong walkthrough; phải xác thực ở mức tải thực tế.,Instance idle vẫn có chi phí. Số payload theo bài học/API là 6 MB trong khi overview ghi 25 MB: xem thuật ngữ 'Inference limits — source differences'.,Kiểu hosting SageMaker,Domain 3,3.1,Inference,Skill Builder,https://skillbuilder.aws/learn/6S4CUVPT9A/aws-ml-engineer-associate--manage-deployment-infrastructure/ZB46SU1CHZ,15/09/2026
SageMaker Serverless Inference,no instance management • scale to zero • pay per use,"SageMaker Serverless Inference automatically provisions and scales serving compute for compatible models without requiring users to choose instance types or manage ordinary instance-scaling policies. Users configure memory and maximum concurrency, and on-demand capacity can scale to zero during idle periods. It fits intermittent traffic that tolerates cold starts; optional Provisioned Concurrency keeps selected capacity warm, but adds cost and does not remove feature or resource limits.","SageMaker Serverless Inference tự cấp phát, mở rộng compute phục vụ model tương thích mà người dùng không chọn loại instance hay quản lý chính sách scale instance thông thường. Người dùng cấu hình bộ nhớ và concurrency tối đa; capacity on-demand có thể về zero khi idle. Lựa chọn phù hợp với tải ngắt quãng chịu được cold start; Provisioned Concurrency tùy chọn giữ một phần capacity warm, nhưng thêm chi phí và không xóa giới hạn tài nguyên, tính năng.",Giảm quản lý instance/scaling policies và tránh giữ compute idle theo chế độ on-demand; memory và max concurrency là các điều khiển chính. Provisioned Concurrency có thể giữ warm khi cần.,Tạo model → ServerlessConfig với memory/max concurrency → endpoint → gọi request; cân nhắc warm capacity.,"Model nhỏ, traffic thưa/ngắt quãng, có thể chịu cold start.",Phân loại tài liệu được gọi vài lần mỗi giờ.,"Theo tài liệu: 1–6 GB RAM; không hỗ trợ GPU, VPC configuration, MME, data capture và inference pipelines. 4 MB/60 giây; giữ warm có thêm phí.",Kiểu hosting SageMaker,Domain 3,3.1,Inference,Skill Builder,"https://skillbuilder.aws/learn/6S4CUVPT9A/aws-ml-engineer-associate--manage-deployment-infrastructure/ZB46SU1CHZ
https://docs.aws.amazon.com/sagemaker/latest/dg/serverless-endpoints.html",15/09/2026
SageMaker Asynchronous Inference,large payload • long processing • managed queue,"SageMaker Asynchronous Inference is a managed endpoint option that queues individual inference requests and delivers results later through S3. Applications submit an S3 input location, the service processes the queued data, and outputs or errors are written to configured storage. It supports larger payloads and longer processing than ordinary synchronous endpoints and can scale to zero with suitable policies when work is absent.","SageMaker Asynchronous Inference là lựa chọn endpoint được quản lý xếp hàng từng request inference và giao kết quả sau qua S3. Ứng dụng gửi vị trí input S3, dịch vụ xử lý dữ liệu trong queue rồi ghi output hoặc lỗi đến nơi lưu đã cấu hình. Lựa chọn hỗ trợ payload lớn, thời gian xử lý dài hơn endpoint đồng bộ thông thường và có thể scale về zero bằng chính sách phù hợp khi không có công việc.","Hỗ trợ request lớn/đòi xử lý lâu, tách việc nhận request khỏi hoàn tất prediction; có thể scale về zero để tiết kiệm khi không có việc nếu policy phù hợp.",Upload input S3 → InvokeEndpointAsync với URI → queue → model xử lý → S3 output; ứng dụng lấy kết quả khi sẵn.,Xử lý từng yêu cầu lớn hoặc kéo dài mà không cần phản hồi ngay.,"Phân tích media/file lớn trong vài phút, giới hạn bài học 1 GB/1 giờ.",Không giữ request chờ trả body prediction như synchronous; cần quản lý trạng thái/kết quả và scaling từ zero.,Kiểu hosting SageMaker,Domain 3,3.1,Inference,Skill Builder,https://skillbuilder.aws/learn/6S4CUVPT9A/aws-ml-engineer-associate--manage-deployment-infrastructure/ZB46SU1CHZ,15/09/2026
SageMaker Batch Transform,offline scoring • temporary job • no endpoint,"SageMaker Batch Transform runs managed offline inference jobs over datasets available in advance, without maintaining a persistent serving endpoint. A job references a trained model, input and output locations and computing resources, processes the records and saves predictions, commonly in S3. It suits periodic bulk scoring and other non-interactive workloads; recurring execution requires a separate schedule or orchestrator rather than the transform job scheduling itself.","SageMaker Batch Transform chạy job inference offline được quản lý trên dataset có sẵn trước mà không duy trì endpoint phục vụ liên tục. Job tham chiếu model đã training, vị trí input/output và tài nguyên tính toán, xử lý các bản ghi rồi lưu dự đoán, thường trong S3. Lựa chọn phù hợp với chấm điểm hàng loạt định kỳ và workload không tương tác; chạy lặp lại cần lịch hoặc orchestrator riêng, không phải transform job tự lập lịch.","Không duy trì endpoint; tài nguyên phục vụ vòng đời job, thích hợp chấm điểm dataset lớn và đầu ra tập trung trên S3. Dễ đưa vào pipeline định kỳ.",Model resource + S3 input + compute → CreateTransformJob → chờ hoàn thành → đọc S3 output.,Dự báo hàng loạt theo ngày/tuần và không cần response tương tác.,Chấm điểm khách hàng mỗi đêm để dùng hôm sau.,"Không phải service tự lên lịch; cần orchestration. Batch transform không phải training, dù có thể dùng logic inference để biến đổi dữ liệu.",Job inference SageMaker,Domain 3,3.1,Inference,Skill Builder,https://skillbuilder.aws/learn/6S4CUVPT9A/aws-ml-engineer-associate--manage-deployment-infrastructure/ZB46SU1CHZ,15/09/2026
SageMaker Multi-model Endpoints,model multiplexing • shared fleet • memory cache,"SageMaker Multi-model Endpoints host multiple compatible models through a shared serving container and fleet of instances. The service loads requested models as needed and can cache or unload them according to resource availability, while callers identify the target model for each request. This improves utilization for many lightly used models, but model-loading latency and shared-resource contention must be considered alongside the cost savings.","SageMaker Multi-model Endpoints host nhiều model tương thích thông qua serving container và fleet instance dùng chung. Dịch vụ tải model được yêu cầu khi cần, có thể cache hoặc gỡ model theo tài nguyên khả dụng, còn caller chỉ định model đích của từng request. Cơ chế cải thiện utilization khi có nhiều model ít dùng, nhưng phải cân nhắc latency tải model và tranh chấp tài nguyên dùng chung cùng với khoản tiết kiệm chi phí.","Giảm số endpoint cần vận hành và chi phí cho nhiều model ít được gọi; nạp model theo nhu cầu, cache model đang dùng. Không cần cấp fleet riêng cho từng model tương thích.",Lưu nhiều artifacts → cấu hình multi-model container → tạo endpoint → request chỉ định TargetModel.,"Nhiều model cá nhân hóa/tenant, tải mỗi model thấp, chấp nhận độ trễ khi load model.",Hàng trăm model dự báo theo cửa hàng dùng chung fleet.,Cache miss làm tăng latency; tài nguyên dùng chung có thể gây tranh chấp. Tính tương thích phụ thuộc container/backend; MME không tự gộp dự đoán ensemble.,Mẫu hosting SageMaker,Domain 3,3.1,Multi-model / container,Skill Builder,https://skillbuilder.aws/learn/6S4CUVPT9A/aws-ml-engineer-associate--manage-deployment-infrastructure/ZB46SU1CHZ,15/09/2026
SageMaker Multi-container Endpoints,separate containers • multiple frameworks • shared endpoint,"SageMaker Multi-container Endpoints place multiple inference containers in one endpoint so separate runtimes or processing components can share hosting infrastructure. In Serial mode, each container's output feeds the next container; in Direct mode, the caller targets a specific container. This supports workflows such as preprocessing, prediction and postprocessing, but container compatibility, shared resource needs and input/output contracts must be configured and tested.","SageMaker Multi-container Endpoints đặt nhiều container inference trong một endpoint để các runtime hoặc thành phần xử lý riêng dùng chung hạ tầng hosting. Ở mode Serial, output của container trước làm input container sau; ở mode Direct, caller gọi container cụ thể. Cơ chế hỗ trợ workflow tiền xử lý, dự đoán, hậu xử lý, nhưng tính tương thích container, nhu cầu tài nguyên chung và quy ước input/output phải được cấu hình, kiểm thử.","Tách runtime/logic theo từng bước hoặc dịch vụ, có thể giảm endpoint riêng và nối tiền/hậu xử lý gần model. Bài học nêu tới 15 container với mode tương thích.",Build/push từng image → khai báo containers và mode Serial/Direct → create endpoint → gọi luồng hoặc container đích.,Pipeline preprocessing–prediction–postprocessing hoặc nhiều container độc lập.,Chuẩn hóa đầu vào trong container A rồi suy luận bằng framework khác trong B.,Các container chia sẻ tài nguyên hosting; không mặc định độc lập scaling. Direct không tự chạy cả chuỗi; Serverless không hỗ trợ inference pipeline.,Mẫu hosting SageMaker,Domain 3,3.1,Multi-model / container,Skill Builder,https://skillbuilder.aws/learn/6S4CUVPT9A/aws-ml-engineer-associate--manage-deployment-infrastructure/ZB46SU1CHZ,15/09/2026
Amazon EKS,managed Kubernetes • ecosystem • control,"Amazon EKS provides managed Kubernetes infrastructure for scheduling and operating containerized applications, including custom ML components. Teams package workloads into containers and configure Kubernetes resources, computing capacity, networking and data access. It suits organizations that require Kubernetes integration or advanced orchestration control, while workload configuration, dependencies, scaling policies and the broader ML lifecycle remain responsibilities of the platform and application teams.","Amazon EKS cung cấp hạ tầng Kubernetes được quản lý để lập lịch, vận hành ứng dụng container, bao gồm thành phần ML tùy chỉnh. Nhóm đóng gói workload thành container và cấu hình resource Kubernetes, capacity tính toán, mạng, truy cập dữ liệu. EKS phù hợp với tổ chức cần tích hợp Kubernetes hoặc kiểm soát orchestration sâu, còn cấu hình workload, dependency, chính sách scaling và vòng đời ML rộng hơn vẫn thuộc trách nhiệm nhóm platform, ứng dụng.","Tận dụng hệ sinh thái Kubernetes, cấu hình triển khai linh hoạt và kỹ năng/cluster hiện có; phù hợp mô hình cần tích hợp sâu với nền tảng container doanh nghiệp.","Đóng gói inference image → cấu hình Kubernetes workload/service/capacity → triển khai → quan sát, scale và cập nhật.",Đã vận hành Kubernetes hoặc cần tùy chỉnh orchestration/serving nâng cao.,Nhóm platform triển khai model cạnh các microservice trên EKS.,"Vẫn có công việc quản lý workload, node/capacity, networking và dependencies. 'Managed Kubernetes' không biến mọi ML workflow thành tự động.",Dịch vụ container orchestration,Domain 3,3.1,Deployment target,Skill Builder,https://skillbuilder.aws/learn/6S4CUVPT9A/aws-ml-engineer-associate--manage-deployment-infrastructure/ZB46SU1CHZ,15/09/2026
Amazon ECS,AWS-native containers • task definitions • managed scheduling,"Amazon ECS is an AWS container orchestration service that runs applications and tasks from configured container images and task definitions. ML teams specify resource needs, networking, roles and an appropriate supported compute mode for custom processing or serving components. ECS manages container placement and service operations, but it does not automatically provide algorithm selection, experiment tracking or the complete model-training and evaluation workflow.","Amazon ECS là dịch vụ điều phối container của AWS, chạy ứng dụng và task từ image, task definition được cấu hình. Nhóm ML khai báo nhu cầu tài nguyên, mạng, role và compute mode được hỗ trợ phù hợp cho thành phần xử lý hoặc serving tùy chỉnh. ECS quản lý bố trí container và vận hành service, nhưng không tự cung cấp lựa chọn thuật toán, theo dõi thử nghiệm hay toàn bộ workflow training, đánh giá model.","Tích hợp AWS, giúp đặt/chạy/thay thế container và quản lý service; ít yêu cầu kiến thức Kubernetes hơn EKS. Chọn compute phù hợp nhu cầu kiểm soát và hỗ trợ phần cứng.",Image trong ECR → task definition khai báo image/resource → ECS service hoặc task → load balancing/scaling/monitoring.,Ứng dụng container ML cần tích hợp AWS và không yêu cầu hệ sinh thái Kubernetes.,Dịch vụ inference container được quản lý cùng backend trên ECS.,Chọn EC2/Fargate theo tính năng thực tế; không giả định Fargate có GPU. ECS tự nó không cung cấp toàn bộ ML registry/evaluation pipeline.,Dịch vụ container orchestration,Domain 3,3.1,Deployment target,Skill Builder,https://skillbuilder.aws/learn/6S4CUVPT9A/aws-ml-engineer-associate--manage-deployment-infrastructure/ZB46SU1CHZ,15/09/2026
AWS Lambda,event-driven • short tasks • automatic scaling,"AWS Lambda is a serverless compute service that runs function code in response to events, schedules or API requests without requiring users to manage servers. Functions can extract, validate or transform small inputs and coordinate other services, with execution resources and concurrency governed by configuration and quotas. It is suited to short, event-driven pipeline steps rather than arbitrary long-running data-processing jobs.","AWS Lambda là dịch vụ tính toán serverless chạy mã function khi có sự kiện, lịch hoặc request API mà người dùng không quản lý máy chủ. Function có thể trích xuất, kiểm tra, biến đổi đầu vào nhỏ và phối hợp các dịch vụ khác; tài nguyên thực thi, concurrency chịu sự chi phối của cấu hình và quota. Lambda phù hợp với các bước pipeline ngắn theo sự kiện, thay vì mọi job xử lý dữ liệu kéo dài.","Giảm vận hành cho logic nhẹ, tích hợp dịch vụ, kiểm thử tự động và xử lý sự kiện; scale theo request trong quota. Có thể làm lớp kết nối workflow hoặc suy luận model nhỏ phù hợp.",Sự kiện/API/workflow gọi function → thực thi logic → trả kết quả hoặc kích hoạt bước tiếp theo.,"Glue code, kiểm tra endpoint, tác vụ ngắn và nhẹ.",Function kiểm tra health/performance sau khi endpoint sẵn sàng.,"Giới hạn thời gian/tài nguyên và cold start làm Lambda không mặc định hợp model lớn/GPU hoặc inference dài; không dùng để thay mọi Processing/Training job.

Bổ sung — Provision and Configure Resources: Giới hạn concurrency từng tool theo API downstream. Nếu cần buffer overflow, phải thiết kế SQS/event source/consumer thật sự; chỉ set Lambda concurrency không tự tạo queue. Cần idempotency cho action tạo ticket và xử lý retry/DLQ.",Serverless compute,Domain 3,3.1,Deployment target,Skill Builder,"https://skillbuilder.aws/learn/6S4CUVPT9A/aws-ml-engineer-associate--manage-deployment-infrastructure/ZB46SU1CHZ
https://skillbuilder.aws/learn/HPMTZNTTZJ/aws-ml-engineer-associate--provision-and-configure-resources/R4K3BYBH3B",15/09/2026
Amazon S3 — Model deployment assets,durable objects • model artifacts • input/output,"Amazon S3 is a managed object storage service that stores deployment assets and inference data independently of the compute that uses them. In ML deployment workflows, it commonly holds trained model artifacts, batch or asynchronous input and output files, and source documents for RAG. Model resources and applications access these objects through authorized references or APIs; S3 stores the assets but does not itself execute the model.","Amazon S3 là dịch vụ lưu trữ đối tượng được quản lý, lưu tài sản triển khai và dữ liệu inference độc lập với compute sử dụng chúng. Trong workflow deployment ML, S3 thường chứa artifact model đã training, file input/output của batch hoặc async và tài liệu nguồn RAG. Model resource, ứng dụng truy cập object qua tham chiếu hoặc API có quyền; S3 lưu tài sản nhưng không tự thực thi model.","Tách tài sản model khỏi compute, thuận tiện tái sử dụng và đưa vào workflow; hỗ trợ đầu vào/đầu ra tập trung cho batch/async và tài liệu nguồn RAG.",Pipeline ghi artifact → model resource tham chiếu URI; async/batch đọc input và ghi output theo đường dẫn đã cấu hình.,"Lưu trọng số, dataset inference và nguồn tài liệu Knowledge Base.",model.tar.gz cho SageMaker; bộ Safetensors cho CMI; file kết quả batch.,"S3 lưu dữ liệu, không tự chạy inference hay quản lý phê duyệt model. IAM của job/endpoint phải được phép truy cập đúng object.",Object storage / vai trò D3,Domain 3,3.2,Artifact và bảo mật,Skill Builder,https://skillbuilder.aws/learn/6S4CUVPT9A/aws-ml-engineer-associate--manage-deployment-infrastructure/ZB46SU1CHZ,15/09/2026
Amazon ECR,container registry • versioned images,"Amazon ECR is a managed registry for the container images that define an application's runtime, libraries and packaged code. ML deployment workflows publish tested inference images to ECR and reference them from SageMaker model resources or container services such as ECS and EKS. Image versioning helps reproduce the serving environment; the trained model artifact and model-version approval metadata are separate assets rather than the registry's execution responsibilities.","Amazon ECR là registry được quản lý cho image container định nghĩa runtime, thư viện và mã đóng gói của ứng dụng. Workflow deployment ML publish image inference đã kiểm thử lên ECR, rồi tham chiếu từ model resource SageMaker hoặc dịch vụ container như ECS, EKS. Quản lý phiên bản image giúp tái hiện môi trường serving; artifact model đã training và metadata phê duyệt phiên bản model là các tài sản riêng, không phải công việc thực thi của registry.",Lưu image inference/training để pipeline và dịch vụ hosting lấy đúng runtime; hỗ trợ quản lý phiên bản phục vụ tái hiện triển khai. Tách image khỏi trọng số giúp cập nhật có kiểm soát.,"Docker build → kiểm tra image → push ECR → model/task definition tham chiếu image URI.

Bổ sung — Provision and Configure Resources: Version image chứa custom preprocessing/inference handler; kiểm thử contract port 8080, /ping và /invocations trước khi push/deploy. Image URI thuộc model configuration; EndpointConfig tham chiếu model.","Lưu runtime cho SageMaker, EKS và ECS.",Image có thư viện model cùng entrypoint phục vụ.,ECR không thực thi container và không thay Model Registry; tham chiếu version/digest ổn định giúp tránh tag thay đổi gây khó tái hiện.,Container image registry,Domain 3,3.3,Artifact và phiên bản,Skill Builder,"https://skillbuilder.aws/learn/6S4CUVPT9A/aws-ml-engineer-associate--manage-deployment-infrastructure/ZB46SU1CHZ
https://skillbuilder.aws/learn/HPMTZNTTZJ/aws-ml-engineer-associate--provision-and-configure-resources/R4K3BYBH3B",15/09/2026
SageMaker Pipelines,purpose-built ML DAG • integrated steps,"SageMaker Pipelines is a purpose-built ML workflow orchestrator that connects supported processing, training, evaluation, model and batch-transform operations through dependencies and control-flow steps. A pipeline defines which outputs feed later steps and can use conditions to register an acceptable model or fail a run. It makes model-building workflows repeatable and observable, but is distinct from a serial chain of inference containers serving one request.","SageMaker Pipelines là công cụ điều phối workflow chuyên ML, kết nối thao tác processing, training, evaluation, model và batch transform được hỗ trợ bằng dependency và bước điều khiển luồng. Pipeline định nghĩa output nào đi vào bước sau, có thể dùng điều kiện để đăng ký model đạt yêu cầu hoặc kết thúc run thất bại. Công cụ giúp workflow xây model lặp lại, quan sát được, nhưng khác chuỗi container inference nối tiếp để phục vụ một request.","Tích hợp Processing, Training, Transform, Model Registry và các điều kiện; giúp pipeline lặp lại, theo dõi từng bước và trao đổi output giữa job.",Định nghĩa DAG → chạy với tham số → preprocess/train/evaluate → Condition → register hoặc Fail.,ML workflow chủ yếu trong hệ sinh thái SageMaker.,Tự động kiểm định model trước khi tạo phiên bản registry.,"Không nhầm serial inference pipeline trong một endpoint với workflow này; bước Model/Register không tự có live endpoint.

Module Automated Orchestration and CI/CD: Pipeline definition và execution cần version/trace; workflow processing → training → evaluation → condition → registration, rồi deployment theo approval. SageMaker Pipelines điều phối ML, còn CodePipeline điều phối release của code/artifacts; không nhầm hai vai trò.",ML workflow orchestration,Domain 3,3.3,Orchestration,Skill Builder,"https://skillbuilder.aws/learn/6S4CUVPT9A/aws-ml-engineer-associate--manage-deployment-infrastructure/ZB46SU1CHZ
https://skillbuilder.aws/learn/TY6PBD6U4C/aws-ml-engineer-associate--automated-orchestration-and-cicd/XSJPCRXXQ6",15/09/2026
AWS Step Functions,state machine • service integration • branching,"AWS Step Functions is a serverless workflow orchestration service that coordinates AWS services through state machines. States can invoke tasks, evaluate conditions, wait, branch, run work in parallel or transition repeatedly as the workflow requires. It is useful for deployment processes spanning SageMaker, Lambda and other services, while those services execute the actual work and the workflow defines quality gates, error handling and completion rules.","AWS Step Functions là dịch vụ điều phối workflow serverless, phối hợp dịch vụ AWS bằng máy trạng thái. State có thể gọi task, kiểm tra điều kiện, chờ, rẽ nhánh, chạy song song hoặc chuyển trạng thái lặp theo workflow. Dịch vụ phù hợp với quy trình deployment kết hợp SageMaker, Lambda và dịch vụ khác; công việc thực tế do các dịch vụ đó thực thi, còn workflow định nghĩa cổng chất lượng, xử lý lỗi và điều kiện hoàn tất.","Hỗ trợ thứ tự, nhánh, song song và điều khiển chuyển trạng thái; phù hợp phối hợp SageMaker với Lambda và nhiều dịch vụ khác. Amazon States Language mô tả workflow.",Task gọi dịch vụ → kiểm tra kết quả/điều kiện → chuyển bước hoặc xử lý lỗi/chờ → hoàn tất.,"Quy trình triển khai nhiều dịch vụ, control flow vượt một DAG ML thuần.",Train → kiểm định → CreateModel → CreateEndpointConfig → CreateEndpoint → health test.,"Không phải mọi state machine đều là DAG; các job vẫn chạy trên dịch vụ được gọi. Workflow phải có điều kiện chất lượng do nhóm định nghĩa.

Module Automated Orchestration and CI/CD: Task thực thi service; Choice rẽ nhánh; Map xử lý collection; Parallel fan-out; Retry/Catch xử lý lỗi. S3/EventBridge hoặc lịch có thể khởi động workflow. Job dài dùng tích hợp/chờ thích hợp, không thay bằng một Lambda dài. Luồng inference có cleanup chỉ cho tài nguyên tạm do run sở hữu.",Serverless workflow orchestration,Domain 3,3.3,Orchestration,Skill Builder,"https://skillbuilder.aws/learn/6S4CUVPT9A/aws-ml-engineer-associate--manage-deployment-infrastructure/ZB46SU1CHZ
https://skillbuilder.aws/learn/TY6PBD6U4C/aws-ml-engineer-associate--automated-orchestration-and-cicd/XSJPCRXXQ6",15/09/2026
Amazon MWAA / Apache Airflow,Python DAGs • scheduling • managed Airflow,"Amazon Managed Workflows for Apache Airflow (MWAA) provides managed Airflow environments for authoring, scheduling and monitoring Python-defined DAGs. Teams can reuse Airflow operators and existing data or ML workflows to invoke services such as SageMaker in dependency order. AWS manages the Airflow environment infrastructure, while teams maintain DAG code, dependencies, permissions and job logic; the orchestration environment is not the compute that trains the model.","Amazon Managed Workflows for Apache Airflow (MWAA) cung cấp môi trường Airflow được quản lý để thiết kế, lập lịch, theo dõi DAG được định nghĩa bằng Python. Nhóm có thể tái sử dụng operator và workflow dữ liệu, ML Airflow hiện có để gọi dịch vụ như SageMaker theo dependency. AWS quản lý hạ tầng môi trường Airflow, còn nhóm duy trì mã DAG, dependency, quyền, logic job; môi trường orchestration không phải compute thực hiện training model.","Tận dụng DAG Python, operators và hệ sinh thái Airflow sẵn có; AWS quản lý môi trường dịch vụ giúp giảm vận hành so với tự cài Airflow. Nhóm vẫn quản lý DAG và dependency.",Đưa DAG/requirements phù hợp → schedule → operators gọi Processing/Training/HPO/Transform/hosting theo workflow.,Doanh nghiệp đã dùng Airflow cho data/ML workflows và muốn dịch vụ quản lý.,"DAG ban đêm chuẩn bị dữ liệu, train, kiểm định và chạy batch inference.","Airflow điều phối job, không trực tiếp thay compute ML; kiểm tra Amazon provider/operator version trước khi dùng.",Managed open-source orchestrator,Domain 3,3.3,Orchestration,Skill Builder,https://skillbuilder.aws/learn/6S4CUVPT9A/aws-ml-engineer-associate--manage-deployment-infrastructure/ZB46SU1CHZ,15/09/2026
MLflow,tracking • projects • models • registry,"MLflow is an ML lifecycle platform for recording experiments, packaging models and managing related model-development metadata. The course introduces Tracking, Projects, Models and Model Registry as components that connect run configurations, results and model versions. It supports reproducibility and handoff to deployment workflows, but experiment tracking and packaging are not the same responsibility as coordinating every task in a general-purpose state-machine workflow.","MLflow là nền tảng vòng đời ML để ghi nhận thử nghiệm, đóng gói model và quản lý metadata phát triển model liên quan. Bài học giới thiệu Tracking, Projects, Models, Model Registry như những thành phần kết nối cấu hình run, kết quả và phiên bản model. MLflow hỗ trợ tái lập, bàn giao cho workflow deployment, nhưng theo dõi thử nghiệm và đóng gói khác trách nhiệm điều phối mọi task trong workflow máy trạng thái tổng quát.","Bài học giới thiệu Tracking, Projects, Models và Model Registry: giúp ghi nhận run, tái sử dụng dự án, đóng gói model và quản lý phiên bản. Có ích khi workflow cần theo dõi nhiều thử nghiệm/model.",Ghi params/metrics/artifacts → so sánh run → đóng gói model → đăng ký phiên bản → kết nối deployment.,Chuẩn hóa tracking và model lifecycle trên nhiều công cụ.,Nhóm xem model candidate đến từ run/param nào trước khi promote.,"Bốn thành phần là cách trình bày trong bài học, không phải danh sách đầy đủ mọi tính năng MLflow hiện hành. Không coi MLflow là bản thay thế giống hệt Step Functions.

Module Automated Orchestration and CI/CD: Managed MLflow trên SageMaker giảm vận hành tracking infrastructure; ghi parameters, metrics, artifacts và so sánh runs. Bài học nói registry stages; MLflow hiện khuyến nghị version aliases/tags thay model stages đã deprecated, nên API phải theo phiên bản dùng. MLflow registry và SageMaker Model Registry là các khả năng khác nhau có thể tích hợp, không mặc định là một catalog.",Open-source ML lifecycle platform,Domain 3,3.3,Orchestration và lifecycle,Skill Builder,"https://skillbuilder.aws/learn/6S4CUVPT9A/aws-ml-engineer-associate--manage-deployment-infrastructure/ZB46SU1CHZ
https://skillbuilder.aws/learn/TY6PBD6U4C/aws-ml-engineer-associate--automated-orchestration-and-cicd/XSJPCRXXQ6
https://mlflow.org/docs/latest/ml/model-registry/workflow",15/09/2026
ACK and Kubeflow Pipelines — SageMaker integrations,Kubernetes resources • ML components,"AWS Controllers for Kubernetes (ACK) and Kubeflow integrations let Kubernetes-based teams manage or invoke supported SageMaker resources and jobs. ACK uses controllers and Kubernetes-style resource definitions, while Kubeflow Pipelines connects ML components into workflows. These integrations retain the team's Kubernetes operating model while SageMaker executes the requested managed jobs; creating a SageMaker resource through Kubernetes does not mean the job runs inside a Kubernetes pod.","ACK và tích hợp Kubeflow cho phép nhóm dùng Kubernetes quản lý hoặc gọi tài nguyên, job SageMaker được hỗ trợ. ACK dùng controller và định nghĩa resource theo kiểu Kubernetes, còn Kubeflow Pipelines nối các component ML thành workflow. Tích hợp giữ mô hình vận hành Kubernetes của nhóm trong khi SageMaker thực thi managed job được yêu cầu; tạo resource SageMaker qua Kubernetes không có nghĩa job chạy trong pod Kubernetes.",ACK dùng Kubernetes custom resources cho dịch vụ AWS; Kubeflow Pipelines dùng các component ML. Tận dụng nền tảng K8s hiện có trong khi giao job train/hosting cho SageMaker.,Định nghĩa resource/component → controller hoặc pipeline gọi SageMaker → theo dõi trạng thái và output.,Đã dùng Kubernetes/Kubeflow làm nền tảng ML.,"Kubeflow component gọi Training, HPO hoặc Transform của SageMaker.",ACK tạo tài nguyên SageMaker không có nghĩa training SageMaker chạy trong pod EKS. ACK controller và Kubeflow pipeline là hai vai trò khác nhau.,Tích hợp Kubernetes / mã nguồn mở,Domain 3,3.3,Orchestration,Skill Builder,https://skillbuilder.aws/learn/6S4CUVPT9A/aws-ml-engineer-associate--manage-deployment-infrastructure/ZB46SU1CHZ,15/09/2026
Git / source code repository,version control • collaboration • reproducibility,"Git is a version-control system used by source-code repositories to record revisions, support collaboration and trace changes over time. In ML deployment, repositories hold assets such as training or inference code, Dockerfiles and workflow configuration, which CI/CD processes retrieve at a selected revision. This helps reproduce a release and review its history, while large model artifacts and model approval metadata are usually managed by other components.","Git là hệ thống quản lý phiên bản được kho mã nguồn sử dụng để ghi revision, hỗ trợ cộng tác và truy vết thay đổi theo thời gian. Trong deployment ML, repository chứa mã training, inference, Dockerfile và cấu hình workflow để quy trình CI/CD lấy đúng revision được chọn. Cách này giúp tái hiện bản phát hành, xem lịch sử, còn model artifact lớn và metadata phê duyệt model thường do thành phần khác quản lý.","Lưu lịch sử code, Dockerfile, cấu hình pipeline để truy vết và tái hiện bản triển khai; hỗ trợ review và kích hoạt CI/CD từ thay đổi được chọn.",Commit/review code → pipeline lấy revision → build/test → tạo artifacts gắn với revision.,Mọi pipeline triển khai cần version control; module nêu GitHub làm ví dụ.,Truy ngược endpoint version đến commit inference code đã kiểm thử.,Git không thay S3 cho model artifact lớn hay Model Registry cho trạng thái phiên bản; bảo vệ secret ngoài source code.,Version-control tool / repository,Domain 3,3.3,CI/CD,Skill Builder,https://skillbuilder.aws/learn/6S4CUVPT9A/aws-ml-engineer-associate--manage-deployment-infrastructure/ZB46SU1CHZ,15/09/2026
AWS CodePipeline,release orchestration • build/test/deploy stages,"AWS CodePipeline is a managed CI/CD orchestration service that connects release stages and passes artifacts between source, build, test and deployment actions. It automates the defined delivery workflow when a change or configured trigger occurs, including workflows involving ML code, images and selected model versions. Other services execute the individual actions, and model-quality criteria or approval requirements must be explicitly included in the pipeline design.","AWS CodePipeline là dịch vụ điều phối CI/CD được quản lý, kết nối giai đoạn phát hành và chuyển artifact giữa source, build, test, deployment. Dịch vụ tự động hóa workflow giao phần mềm đã định nghĩa khi có thay đổi hoặc trigger được cấu hình, bao gồm mã ML, image và phiên bản model được chọn. Các dịch vụ khác thực thi từng action, còn tiêu chí chất lượng model hoặc yêu cầu phê duyệt phải được đưa rõ vào thiết kế pipeline.","Tự động hóa thay đổi từ source qua build/test đến deploy, giảm thao tác thủ công và giúp duy trì quy trình lặp lại. Có thể phối hợp pipeline xây model với deployment.",Source revision → CodeBuild/kiểm thử → bước ML hoặc model version → deploy → kiểm tra.,"CI/CD đưa mã, image và model được chọn qua các môi trường.","Sau commit, pipeline build image rồi kích hoạt quy trình kiểm định và triển khai.","CodePipeline điều phối; CodeBuild chạy build/test. Không tự đặt chuẩn chất lượng model hoặc tự đảm bảo mô hình đã được phê duyệt.

Module Automated Orchestration and CI/CD: Manual approval stage thực hiện continuous delivery có người duyệt; tự promote mọi candidate pass là continuous deployment. Khi lỗi, tìm đúng stage/action qua pipeline history rồi đọc log dịch vụ đó; xác minh source branch, connection và role. CloudTrail phục vụ truy nguyên thay đổi cấu hình.",CI/CD orchestration service,Domain 3,3.3,CI/CD,Skill Builder,"https://skillbuilder.aws/learn/6S4CUVPT9A/aws-ml-engineer-associate--manage-deployment-infrastructure/ZB46SU1CHZ
https://skillbuilder.aws/learn/TY6PBD6U4C/aws-ml-engineer-associate--automated-orchestration-and-cicd/XSJPCRXXQ6",15/09/2026
AWS CodeBuild,managed build • test • package,"AWS CodeBuild is a managed build service that executes configured commands to compile, test and package source code or build container images. It obtains the selected source revision, runs the build environment and produces artifacts for later release stages, reducing the need to maintain build servers. In ML workflows it can test inference code and publish images, while CodePipeline or another orchestrator coordinates the overall delivery process.","AWS CodeBuild là dịch vụ build được quản lý, thực thi lệnh đã cấu hình để biên dịch, kiểm thử, đóng gói mã hoặc tạo image container. Dịch vụ lấy revision nguồn được chọn, chạy môi trường build và tạo artifact cho bước phát hành sau, giảm nhu cầu duy trì build server. Trong workflow ML, CodeBuild có thể kiểm thử mã inference, publish image, còn CodePipeline hoặc orchestrator khác điều phối toàn quy trình phát hành.",Giảm quản lý build server; chạy kiểm thử và tạo package/image nhất quán để dùng trong quy trình phát hành. Có thể đưa bước Docker build vào pipeline.,Lấy source/build instructions → cài/build/test → tạo artifact hoặc image → push vị trí đầu ra.,"Build container inference, kiểm thử code và chuẩn bị artifacts.",Chạy unit test cho preprocess script rồi build/push image lên ECR.,"Không nhầm với orchestrator toàn vòng đời; không mặc định mọi training model đều nên chạy trong CodeBuild.

Module Automated Orchestration and CI/CD: buildspec.yml định nghĩa build/test/package commands và artifacts. Troubleshooting bắt đầu từ CloudWatch build logs, YAML/commands/environment variables, IAM project role, input artifact và concurrent-build quota. Không dùng CodeBuild như lựa chọn mặc định để giữ một workflow ML dài bằng script tuần tự.",Managed build service,Domain 3,3.3,CI/CD,Skill Builder,"https://skillbuilder.aws/learn/6S4CUVPT9A/aws-ml-engineer-associate--manage-deployment-infrastructure/ZB46SU1CHZ
https://skillbuilder.aws/learn/TY6PBD6U4C/aws-ml-engineer-associate--automated-orchestration-and-cicd/XSJPCRXXQ6",15/09/2026
SageMaker Model Registry,version catalog • approval metadata • lineage,"SageMaker Model Registry is a catalog for versioned model packages and the metadata needed to evaluate, approve and deploy them. It records references to serving artifacts and images together with relevant evaluation information and approval state, providing a handoff between model-building and deployment workflows. Registering a model does not train it, create a live endpoint or replace the storage systems that hold its binary assets.","SageMaker Model Registry là catalog cho model package có phiên bản và metadata cần để đánh giá, phê duyệt, triển khai chúng. Registry ghi tham chiếu artifact, image phục vụ cùng thông tin đánh giá và trạng thái phê duyệt liên quan, tạo điểm bàn giao giữa workflow xây model và deployment. Đăng ký model không huấn luyện model, tạo live endpoint hay thay thế hệ thống lưu trữ chứa tài sản nhị phân của model.","Tập trung version, metric/thông tin đánh giá, tham chiếu artifact/image và trạng thái phê duyệt; tạo ranh giới rõ giữa model candidate và model được chọn để triển khai.",Evaluation đạt điều kiện → đăng ký model package → phê duyệt theo quy trình → deployment lấy phiên bản phù hợp.,Quản trị model version và bàn giao từ building pipeline sang deployment pipeline.,"Production được triển khai từ model package đã phê duyệt, có thể truy lại image/S3 URI.","Đăng ký không tạo endpoint; registry lưu metadata/tham chiếu, không thay S3 lưu binary. Không tự quyết định tiêu chí promotion.

Module Automated Orchestration and CI/CD: Model groups chứa numbered versions; approval status là PendingManualApproval, Approved hoặc Rejected. Quy trình phải chủ động chỉ deploy version Approved; nếu cần hai approvals, triển khai logic/evidence hai người riêng trước khi đổi status. Lineage cần data/code/parameters/evaluation/pipeline execution ID, không tự giải thích nguyên nhân của từng prediction.",Model lifecycle / registry,Domain 3,3.3,Artifact và phiên bản,Skill Builder,"https://skillbuilder.aws/learn/6S4CUVPT9A/aws-ml-engineer-associate--manage-deployment-infrastructure/ZB46SU1CHZ
https://skillbuilder.aws/learn/TY6PBD6U4C/aws-ml-engineer-associate--automated-orchestration-and-cicd/XSJPCRXXQ6",15/09/2026
Amazon CloudWatch — Deployment operations,metrics • logs • alarms,"Amazon CloudWatch provides operational metrics, logs, dashboards and alarms for deployed ML services and their infrastructure. Teams use signals such as invocation errors, resource utilization, ModelLatency and OverheadLatency to diagnose performance and drive configured operational responses or scaling policies. It supplies observability for serving behavior; evaluating model correctness or drift requires the appropriate captured data, reference information and analysis in addition to infrastructure metrics.","Amazon CloudWatch cung cấp metric, log, dashboard và alarm vận hành cho dịch vụ ML đã triển khai cùng hạ tầng của chúng. Nhóm dùng tín hiệu như lỗi gọi, utilization, ModelLatency, OverheadLatency để chẩn đoán hiệu năng và kích hoạt phản ứng vận hành hoặc chính sách scaling đã cấu hình. CloudWatch cung cấp khả năng quan sát serving; đánh giá model đúng hay drift cần thêm dữ liệu capture, thông tin tham chiếu và phân tích phù hợp ngoài metric hạ tầng.","Nhận diện lỗi, latency và sử dụng tài nguyên; cung cấp tín hiệu cho scaling, điều tra nguyên nhân và cảnh báo khi deployment không đáp ứng yêu cầu.",Thu metrics/logs → dashboard/alarm → điều tra hoặc workflow phản ứng → kiểm tra sau khắc phục.,"Vận hành endpoint/container/agent sau khi triển khai.

Bổ sung — Provision and Configure Resources: Load test endpoint để nối CPU/memory/GPU/concurrency/queue với ModelLatency; theo dõi cả thời gian instance mới trở thành ready. Với multi-agent, trace request qua supervisor và specialists để tìm tool hoặc agent gây chậm.",So sánh ModelLatency và OverheadLatency khi response chậm; alarm theo lỗi hoặc tải.,"Có metrics hạ tầng không đồng nghĩa tự có nhãn ground truth để đo accuracy/drift; giám sát chất lượng model cần dữ liệu và cấu hình riêng.

Module Automated Orchestration and CI/CD: Dùng build/step logs để debug, endpoint alarms để rollback và quality/drift alarms để gọi retraining workflow. Định nghĩa alarms trước rollout. Accuracy cần ground-truth labels thích hợp; prediction distribution khác model quality. CloudTrail bổ sung audit API/config changes, không thay metrics/logs này.",Observability service,Domain 3,3.2,Giám sát hạ tầng,Skill Builder,"https://skillbuilder.aws/learn/6S4CUVPT9A/aws-ml-engineer-associate--manage-deployment-infrastructure/ZB46SU1CHZ
https://skillbuilder.aws/learn/HPMTZNTTZJ/aws-ml-engineer-associate--provision-and-configure-resources/R4K3BYBH3B
https://skillbuilder.aws/learn/TY6PBD6U4C/aws-ml-engineer-associate--automated-orchestration-and-cicd/XSJPCRXXQ6",15/09/2026
AWS IAM / KMS / VPC — Deployment controls,least privilege • encryption • network access,"IAM, KMS and VPC are complementary controls for securing ML deployments. IAM defines who can perform actions on resources, KMS controls cryptographic-key use in supported encryption workflows, and VPC configuration governs network connectivity through elements such as subnets and security groups. A deployment combines these controls so model code can access only required assets and services; permission, encryption and network isolation are different requirements rather than interchangeable protections.","IAM, KMS và VPC là các lớp kiểm soát bổ trợ để bảo vệ deployment ML. IAM định nghĩa ai được thực hiện hành động trên tài nguyên; KMS kiểm soát sử dụng khóa mật mã trong workflow mã hóa được hỗ trợ; cấu hình VPC quản lý kết nối mạng qua subnet, security group và thành phần liên quan. Deployment kết hợp chúng để mã model chỉ truy cập tài sản, dịch vụ cần thiết; quyền, mã hóa và cô lập mạng là các yêu cầu khác nhau, không thay thế lẫn nhau.","IAM hạn chế API/tài nguyên được dùng; KMS hỗ trợ khóa mã hóa; VPC/subnet/security group kiểm soát kết nối theo khả năng dịch vụ. Kết hợp giúp bảo vệ artifact, runtime và dữ liệu inference.",Xác định role → quyền S3/ECR/KMS tối thiểu → cấu hình kết nối phù hợp → thử quyền và kết nối → theo dõi.,Model/agent truy cập tài nguyên riêng và dữ liệu cần kiểm soát.,Role endpoint chỉ đọc prefix chứa model và được dùng khóa liên quan.,Ba lớp không thay nhau. VpcConfig của model cho container truy cập VPC khác private access từ client; Bedrock cũng có tùy chọn private connectivity.,Nhóm dịch vụ bảo mật / mạng,Domain 3,3.2,Artifact và bảo mật,Skill Builder,https://skillbuilder.aws/learn/6S4CUVPT9A/aws-ml-engineer-associate--manage-deployment-infrastructure/ZB46SU1CHZ,15/09/2026
Application Auto Scaling — SageMaker,target tracking • capacity bounds • warm concurrency,"Application Auto Scaling adjusts supported SageMaker serving capacity through configured policies and schedules. Teams register a scalable resource, set minimum and maximum capacity and choose the metric or schedule that should change instance capacity or supported provisioned concurrency. It helps match resources to demand, but scaling takes time and remains constrained by quotas, configured bounds and the workload's actual per-instance or per-concurrency performance.","Application Auto Scaling điều chỉnh capacity serving SageMaker được hỗ trợ bằng policy và lịch được cấu hình. Nhóm đăng ký scalable resource, đặt capacity tối thiểu, tối đa và chọn metric hoặc lịch để thay đổi capacity instance hay provisioned concurrency được hỗ trợ. Dịch vụ giúp tài nguyên phù hợp nhu cầu, nhưng scaling cần thời gian và vẫn bị giới hạn bởi quota, biên cấu hình cùng hiệu năng thực tế trên mỗi instance hoặc mức đồng thời.",Giúp cân bằng capacity và tải thay vì giữ số lượng cố định; có thể quản lý instance capacity hoặc Serverless Provisioned Concurrency theo loại resource được hỗ trợ.,"Đăng ký scalable target → đặt min/max → policy/metric hoặc schedule → theo dõi scale events và kiểm thử.

Bổ sung — Provision and Configure Resources: Load test → chọn metric bão hòa phù hợp → target/headroom → min/max/cooldown → kiểm thử scale. So sánh target tracking, step scaling, scheduled scaling và thay đổi thủ công. Scheduled action chỉnh bounds; dynamic policy có thể chạy trong bounds đó.","Traffic tăng giảm, có nhu cầu duy trì SLA và giảm tài nguyên thừa.",Giữ ít nhất 2 instance production và cho phép scale out khi tải tăng; warm serverless trước giờ cao điểm.,Không tự biết latency SLO; cần chọn metric/target phù hợp. Scaling không tức thời và không gỡ quota hoặc giới hạn model.,Capacity management,Domain 3,3.2,Scaling,Skill Builder,"https://skillbuilder.aws/learn/6S4CUVPT9A/aws-ml-engineer-associate--manage-deployment-infrastructure/ZB46SU1CHZ
https://skillbuilder.aws/learn/HPMTZNTTZJ/aws-ml-engineer-associate--provision-and-configure-resources/R4K3BYBH3B",15/09/2026
SageMaker Inference Recommender,benchmark • instance selection • right-sizing,"SageMaker Inference Recommender helps assess model-serving configurations and select suitable computing resources using measured inference behavior. Teams prepare a compatible model and representative inputs, run the supported recommendation workflow and compare resulting performance information before choosing a deployment configuration. It reduces manual trial-and-error in right-sizing, but a recommendation must still be validated against the application's real traffic, latency objectives and operational constraints.","SageMaker Inference Recommender hỗ trợ đánh giá cấu hình serving model và chọn tài nguyên tính toán bằng hành vi inference được đo. Nhóm chuẩn bị model tương thích, input đại diện, chạy workflow khuyến nghị được hỗ trợ và so sánh thông tin hiệu năng trước khi chọn cấu hình deployment. Công cụ giảm thử-sai thủ công khi chọn tài nguyên, nhưng khuyến nghị vẫn phải được xác nhận theo traffic, mục tiêu latency và điều kiện vận hành thực tế của ứng dụng.",Giảm mò cấu hình bằng thử nghiệm có đo lường; hỗ trợ lựa chọn instance dựa trên model và nhu cầu inference. Vẫn cần kiểm chứng bằng tải/dữ liệu đại diện của ứng dụng.,Chuẩn bị model/input phù hợp → chạy đánh giá → xem khuyến nghị/metrics → kiểm thử cấu hình được chọn.,Chưa biết loại instance phù hợp hoặc muốn tối ưu cost/performance trước triển khai.,So sánh các cấu hình CPU/GPU cho model trước khi chốt endpoint.,Khuyến nghị phụ thuộc dữ liệu/cấu hình thử; không chứng minh tự động mọi traffic thực tế đạt SLA.,SageMaker deployment tool,Domain 3,3.1,Compute,Skill Builder,https://skillbuilder.aws/learn/6S4CUVPT9A/aws-ml-engineer-associate--manage-deployment-infrastructure/ZB46SU1CHZ,15/09/2026
SageMaker JumpStart / LMI containers,model starting point • large-model serving,"SageMaker JumpStart provides pretrained-model and solution starting points, while large model inference (LMI) containers provide supported runtimes for serving large models on SageMaker. Together they can reduce initial model and environment setup while allowing control of hardware, model parallelism and serving configuration where supported. They address different layers of deployment; compatibility, sufficient memory and workload benchmarking are still required.","SageMaker JumpStart cung cấp điểm khởi đầu từ model pretrained, giải pháp, còn large model inference (LMI) container cung cấp runtime được hỗ trợ để phục vụ model lớn trên SageMaker. Kết hợp có thể giảm công thiết lập model, môi trường ban đầu và cho kiểm soát phần cứng, model parallelism, cấu hình serving trong phạm vi hỗ trợ. Chúng giải quyết các lớp deployment khác nhau; vẫn cần tính tương thích, đủ bộ nhớ và benchmark workload.",Giảm công việc chuẩn bị model/runtime ban đầu; LMI cung cấp serving stack cho model lớn với các tối ưu/cấu hình phân tán tương thích. SageMaker cho chọn compute và điều khiển hosting.,Chọn model/artifact và container phù hợp → sizing → cấu hình serving/sharding → deploy → benchmark.,Muốn tự host FM với quyền kiểm soát hơn về phần cứng và runtime.,Triển khai model mở qua JumpStart; dùng LMI khi cần serving stack cho model lớn.,JumpStart không có nghĩa mọi model miễn phí hay dùng mọi hardware; LMI không tự làm model vừa bộ nhớ nếu chưa cấu hình đúng.,Model catalog / inference containers,Domain 3,3.1,Hosting FM,Skill Builder,https://skillbuilder.aws/learn/6S4CUVPT9A/aws-ml-engineer-associate--manage-deployment-infrastructure/ZB46SU1CHZ,15/09/2026
AWS Inferentia / Trainium / Neuron,purpose-built ML chips • compatible software stack,"AWS Inferentia and Trainium are AWS-designed ML accelerators used with the Neuron software stack. Inferentia targets inference workloads, while Trainium is oriented toward training and can also support compatible inference configurations. Neuron supplies framework integration, compilation and runtime components needed to use the hardware, so model operators, versions and supported instance configurations must be validated before comparing cost and performance with GPU alternatives.","AWS Inferentia và Trainium là accelerator ML do AWS thiết kế, sử dụng cùng software stack Neuron. Inferentia hướng đến workload inference, còn Trainium thiên về training và cũng có thể hỗ trợ cấu hình inference tương thích. Neuron cung cấp tích hợp framework, thành phần biên dịch và runtime cần để dùng phần cứng; phải kiểm tra operator model, phiên bản và cấu hình instance được hỗ trợ trước khi so sánh chi phí, hiệu năng với lựa chọn GPU.","Có thể tối ưu cost/performance ở quy mô phù hợp; Inferentia hướng tới inference, Trainium hướng tới training và có cấu hình inference được hỗ trợ. Neuron cung cấp công cụ/framework integration cần thiết.",Xác nhận model/operators hỗ trợ → chuẩn bị/compile theo stack → chọn instance hỗ trợ → benchmark.,Model deep learning muốn đánh giá lựa chọn tăng tốc ngoài GPU.,So sánh endpoint Inf2 với GPU cho một model đã tương thích Neuron.,"Không bảo đảm luôn rẻ hơn GPU; kiểm tra generation, Region, framework/operator và kiểu endpoint. Chỉ biết tên chip chưa đủ để deploy.",Accelerators / SDK,Domain 3,3.1,Compute,Skill Builder,https://skillbuilder.aws/learn/6S4CUVPT9A/aws-ml-engineer-associate--manage-deployment-infrastructure/ZB46SU1CHZ,15/09/2026
Amazon Bedrock — Managed foundation models,managed API • model access • inference options,"Amazon Bedrock is a managed generative AI service that provides API access to supported foundation models from multiple providers and capabilities for adapting and evaluating applications. Teams select a model, configure prompts and inference settings, and add retrieval or supported customization when needed. It reduces model-serving infrastructure work while requiring model-specific checks for capabilities, Region, data requirements, latency, cost and evaluation quality.","Amazon Bedrock là dịch vụ AI tạo sinh được quản lý, cung cấp truy cập API tới foundation model được hỗ trợ từ nhiều nhà cung cấp cùng khả năng điều chỉnh, đánh giá ứng dụng. Nhóm chọn model, cấu hình prompt và inference, bổ sung retrieval hoặc customization được hỗ trợ khi cần. Bedrock giảm công vận hành hạ tầng phục vụ model nhưng vẫn cần kiểm tra theo model về tính năng, Region, yêu cầu dữ liệu, latency, chi phí và chất lượng đánh giá.","Giảm công việc vận hành fleet/model serving; hỗ trợ các đường on-demand, capacity và custom model theo danh sách. Tích hợp Knowledge Bases/Guardrails cho ứng dụng FM.","Chọn model/path/Region → thiết lập quyền/capacity → gọi inference → theo dõi quota, latency và chi phí.",Ứng dụng FM muốn dùng API thay vì quản lý hosting instances.,"Sinh mô tả, tóm tắt và cung cấp model cho agent.",Không phải mọi model hỗ trợ mọi mode/Region; mô hình giá khác nhau theo đường dùng. Marketplace model có thể dùng endpoint SageMaker.,Managed FM platform,Domain 3,3.1,Hosting FM,Skill Builder,https://skillbuilder.aws/learn/6S4CUVPT9A/aws-ml-engineer-associate--manage-deployment-infrastructure/ZB46SU1CHZ,15/09/2026
Amazon Bedrock Provisioned Throughput,model units • committed serving capacity,"Amazon Bedrock Provisioned Throughput allocates serving capacity in advance for supported model configurations, using model-specific throughput units and purchase conditions. It can suit predictable, sustained demand when reserved capacity is sufficiently utilized and its cost is justified. Teams must validate the exact model, Region and inference path, because customization or importing a model does not universally imply that Provisioned Throughput is required.","Amazon Bedrock Provisioned Throughput cấp trước capacity phục vụ cho cấu hình model được hỗ trợ, sử dụng đơn vị thông lượng và điều kiện mua theo model. Lựa chọn có thể phù hợp với nhu cầu đều, dự đoán được khi capacity dành trước được sử dụng đủ và chi phí hợp lý. Nhóm phải xác nhận đúng model, Region, đường inference vì việc tùy chỉnh hoặc import model không phải lúc nào cũng đồng nghĩa bắt buộc dùng Provisioned Throughput.",Hữu ích cho tải cao/đều và nhu cầu thông lượng dự đoán được; giúp lập kế hoạch capacity input/output thay vì chỉ dựa quota on-demand. Chi phí cố định cho capacity đã mua cần được sử dụng hiệu quả.,Xác định model/Region → đo token throughput → chọn model units/điều kiện cam kết → cấp PT → gọi tài nguyên được cấp.,"FM có nhu cầu lâu dài ổn định, điều kiện PT phù hợp.",Hệ thống tạo nội dung liên tục xem xét unit cần thiết từ lượng input/output thực tế.,Không là Serverless Provisioned Concurrency; không mặc định bắt buộc cho mọi custom model hoặc CMI. Kiểm tra hỗ trợ hiện hành.,Bedrock capacity option,Domain 3,3.2,Capacity FM,Skill Builder,https://skillbuilder.aws/learn/6S4CUVPT9A/aws-ml-engineer-associate--manage-deployment-infrastructure/ZB46SU1CHZ,15/09/2026
Amazon Bedrock Custom Model Import,externally customized FM • managed import • on-demand,"Amazon Bedrock Custom Model Import brings externally prepared foundation-model artifacts with supported architectures and formats into Bedrock for managed inference. An import job validates the supplied model source and creates an imported-model resource that applications invoke through supported APIs. It reduces self-managed hosting work for eligible models, but is not a general importer for every ML algorithm and has its own compatibility, cold-start and billing conditions.","Amazon Bedrock Custom Model Import đưa artifact foundation model được chuẩn bị bên ngoài, có kiến trúc và định dạng được hỗ trợ, vào Bedrock để chạy inference được quản lý. Import job kiểm tra nguồn model được cung cấp và tạo imported-model resource để ứng dụng gọi qua API được hỗ trợ. Tính năng giảm công tự quản hosting cho model đủ điều kiện, nhưng không nhập được mọi thuật toán ML và có điều kiện riêng về tương thích, cold start, tính phí.","Tái sử dụng FM đã tùy chỉnh bên ngoài, giảm quản lý serving infrastructure. Import job kiểm định tính tương thích và tạo imported model để gọi theo đường API hỗ trợ.",S3/SageMaker source → CreateModelImportJob → chờ hoàn tất → imported model ARN → invoke/retry khi cần.,FM open architecture đã tùy chỉnh bên ngoài đáp ứng điều kiện import.,Nhập model dạng Safetensors kèm config/tokenizer.,"Tài liệu hiện tại không hỗ trợ batch inference/CloudFormation cho CMI; giới hạn architecture/size/context/Region. Tính phí CMU theo model copies, không mặc định giá token.",Bedrock model import feature,Domain 3,3.1,Model bên ngoài,Skill Builder,"https://skillbuilder.aws/learn/6S4CUVPT9A/aws-ml-engineer-associate--manage-deployment-infrastructure/ZB46SU1CHZ
https://docs.aws.amazon.com/bedrock/latest/userguide/model-customization-import-model.html
https://docs.aws.amazon.com/bedrock/latest/userguide/import-model-calculate-cost.html",15/09/2026
Bedrock Custom Model Deployment — On-demand,eligible custom model • Active deployment • ARN,"A Bedrock custom model deployment is a serving resource that enables on-demand inference for an eligible customized model under the supported model and Region conditions. Users create the deployment from the custom model, wait for it to become active and invoke it using the deployment ARN. It offers an alternative to provisioned capacity for supported cases, and is distinct from the resource created through Custom Model Import.","Custom model deployment của Bedrock là tài nguyên serving cho phép inference on-demand đối với custom model đủ điều kiện về model và Region được hỗ trợ. Người dùng tạo deployment từ custom model, chờ tài nguyên hoạt động rồi gọi bằng deployment ARN. Đây là lựa chọn thay cho capacity cấp trước trong trường hợp được hỗ trợ và khác tài nguyên được tạo qua Custom Model Import.","Hợp lượng request không lớn, tránh duy trì PT nếu model/Region có đường hỗ trợ. Đơn giản hóa inference cho custom model đã tạo thành công.",Chọn custom model → create custom model deployment → Active → gọi bằng deployment ARN.,"Model đã tùy chỉnh trong đường được hỗ trợ, ví dụ Nova Lite tại us-east-1.",Walkthrough khoảng 500 mô tả sản phẩm/ngày dùng custom model on-demand.,"Phải kiểm tra base model, Region, quyền/KMS và điều kiện ngày tùy chỉnh. CMI và custom deployment có nguồn model/tài nguyên khác nhau.",Bedrock deployment feature,Domain 3,3.1,Hosting FM,Skill Builder,https://skillbuilder.aws/learn/6S4CUVPT9A/aws-ml-engineer-associate--manage-deployment-infrastructure/ZB46SU1CHZ,15/09/2026
Bedrock Marketplace — Deployment distinction,model catalog • SageMaker-backed endpoint,"Bedrock Marketplace provides access to additional model offerings whose deployment and usage requirements depend on the selected offering. Some Marketplace models use SageMaker-backed hosting, requiring an endpoint and instance or capacity configuration rather than the ordinary managed catalog on-demand path. Teams must check the offering's supported deployment, permissions, commercial terms and operating requirements instead of assuming all models exposed through Bedrock have identical hosting behavior.","Bedrock Marketplace cung cấp truy cập tới các model offering bổ sung, với yêu cầu deployment, sử dụng phụ thuộc offering được chọn. Một số model Marketplace dùng hosting dựa trên SageMaker, cần endpoint và cấu hình instance hoặc capacity thay vì đường on-demand catalog quản lý thông thường. Nhóm phải kiểm tra kiểu deployment, quyền, điều kiện thương mại và vận hành của offering, không mặc định mọi model truy cập qua Bedrock có hành vi hosting giống nhau.",Mở rộng lựa chọn model; module nhấn mạnh đường này có thể yêu cầu chọn instance/capacity thay vì giả định mọi thứ là API catalog on-demand tiêu chuẩn.,Chọn offering được hỗ trợ → xem điều kiện deployment → cấu hình endpoint/instance theo đường của model → sử dụng.,Khi model cần dùng nằm trong Marketplace thay vì model catalog thông thường.,Một Marketplace model có endpoint SageMaker để hosting.,"Không suy ra toàn bộ model Bedrock cần chọn instance. Kiểm tra điều khoản, support, Region và pricing của từng offering trước dùng.",Marketplace model access / hosting path,Domain 3,3.1,Hosting FM,Skill Builder,https://skillbuilder.aws/learn/6S4CUVPT9A/aws-ml-engineer-associate--manage-deployment-infrastructure/ZB46SU1CHZ,15/09/2026
Amazon Bedrock AgentCore Runtime,agent hosting • session isolation • managed scaling,"Amazon Bedrock AgentCore Runtime provides managed execution infrastructure for agent and tool applications, including supported session and scaling behavior. It runs the application's orchestration logic while the application connects to its chosen model, tools and data services through configured access. Runtime reduces server-management work, but the agent's instructions, business logic, permissions, memory strategy and failure handling must still be designed by the application team.","Amazon Bedrock AgentCore Runtime cung cấp hạ tầng thực thi được quản lý cho ứng dụng agent, tool, bao gồm hành vi session và scaling được hỗ trợ. Runtime chạy logic điều phối của ứng dụng, còn ứng dụng kết nối model, tool, dịch vụ dữ liệu được chọn thông qua quyền đã cấu hình. Runtime giảm quản lý server, nhưng nhóm vẫn phải thiết kế instructions, logic nghiệp vụ, quyền, chiến lược memory và xử lý thất bại của agent.","Giảm vận hành server cho agent, hỗ trợ mở rộng và quản lý phiên; có thể sử dụng framework/model theo kiến trúc được hỗ trợ. Tách nơi chạy logic agent khỏi nơi host FM.","Chuẩn bị ứng dụng/entrypoint → cấu hình runtime, identity và kết nối model/tools → deploy → kiểm thử phiên/quan sát.",Agent production cần stateful interactions và gọi nhiều công cụ.,"Trợ lý mua sắm chạy trên Runtime, lấy catalog từ KB và gọi model Bedrock.","Runtime không tự định nghĩa nghiệp vụ, cấp mọi quyền hay tạo knowledge base; đóng gói/deployment mode phải theo hỗ trợ hiện hành.

Bổ sung — Provision and Configure Resources: Context trong memory/disk của runtime mặc định gắn với vòng đời compute. Dùng Memory để lưu event/insight; session storage là cấu hình riêng khi cần filesystem bền vững. Policy 30 phút/20 lượt trong walkthrough là cấu hình ví dụ của ứng dụng, không phải limit chung.

Module Automated Orchestration and CI/CD: Agent có thể đóng gói .zip hoặc ARM64 container theo contract; runtime update tạo immutable version. DEFAULT endpoint tự trỏ version mới nhất, nên quản lý endpoint version reference khi cần promotion gate. Version cả release set gồm code, instructions, tool schema, model/settings; runtime version không tự snapshot mọi dependency bên ngoài.",Managed agent runtime,Domain 3,3.1,AgentCore,Skill Builder,"https://skillbuilder.aws/learn/6S4CUVPT9A/aws-ml-engineer-associate--manage-deployment-infrastructure/ZB46SU1CHZ
https://skillbuilder.aws/learn/HPMTZNTTZJ/aws-ml-engineer-associate--provision-and-configure-resources/R4K3BYBH3B
https://skillbuilder.aws/learn/TY6PBD6U4C/aws-ml-engineer-associate--automated-orchestration-and-cicd/XSJPCRXXQ6
https://docs.aws.amazon.com/bedrock-agentcore/latest/devguide/agent-runtime-versioning.html",15/09/2026
Amazon Bedrock AgentCore Gateway,APIs to tools • MCP access • centralized integration,"Amazon Bedrock AgentCore Gateway provides managed connectivity between agents and supported tool targets such as APIs and Lambda functions. It exposes configured tools through compatible interfaces such as MCP, centralizing tool definitions and access integration so multiple agents can discover and invoke them consistently. Gateway simplifies connection management, while backend authorization, input validation and business rules still determine whether a requested action is allowed.","Amazon Bedrock AgentCore Gateway cung cấp kết nối được quản lý giữa agent và tool target được hỗ trợ như API, Lambda function. Gateway cung cấp tool đã cấu hình qua giao diện tương thích như MCP, tập trung định nghĩa tool và tích hợp truy cập để nhiều agent khám phá, gọi chúng nhất quán. Gateway đơn giản hóa quản lý kết nối, còn authorization ở backend, kiểm tra input và quy tắc nghiệp vụ vẫn quyết định hành động được yêu cầu có được phép hay không.","Tập trung tích hợp tool và giảm công viết adapter riêng cho mỗi agent; module nhấn mạnh chuyển API/Lambda thành tool qua MCP. Kết hợp identity/quyền để kiểm soát sử dụng.

Bổ sung — Provision and Configure Resources: Trong multi-agent system, một tool như currency conversion có thể được Gateway cấu hình một lần để nhiều agent được phép dùng. Agent-to-tool qua MCP khác agent-to-agent qua A2A; từng backend vẫn phải kiểm tra quyền hành động.",Chuẩn bị API/Lambda → cấu hình gateway target và auth → agent khám phá/gọi tool → xử lý kết quả.,Nhiều agent dùng các API doanh nghiệp hoặc công cụ chung.,Đưa API kiểm tra tồn kho thành tool để shopping assistant gọi.,Gateway không tự bảo đảm mọi tác vụ hợp lệ theo nghiệp vụ; tool discovery không đồng nghĩa cấp quyền cho người gọi.,Managed tool integration,Domain 3,3.2,AgentCore,Skill Builder,"https://skillbuilder.aws/learn/6S4CUVPT9A/aws-ml-engineer-associate--manage-deployment-infrastructure/ZB46SU1CHZ
https://skillbuilder.aws/learn/HPMTZNTTZJ/aws-ml-engineer-associate--provision-and-configure-resources/R4K3BYBH3B",15/09/2026
Amazon Bedrock AgentCore Memory,persisted conversation events • extraction strategies • cross-session recall,"Amazon Bedrock AgentCore Memory is a managed service for recording conversation events and retrieving context or learned information for agents. Short-term events are organized by actor and session and retained for a configured period, independently of temporary runtime compute. Configured long-term strategies extract facts, preferences or summaries into scoped namespaces, allowing later sessions to recall useful information without replaying every raw message.","Amazon Bedrock AgentCore Memory là dịch vụ được quản lý để ghi sự kiện hội thoại và truy xuất ngữ cảnh hoặc thông tin đã học cho agent. Sự kiện ngắn hạn được tổ chức theo actor/session và giữ trong thời hạn cấu hình, độc lập với compute runtime tạm thời. Các chiến lược dài hạn được cấu hình trích xuất fact, sở thích hoặc tóm tắt vào namespace có phạm vi, giúp phiên sau nhớ thông tin hữu ích mà không phải phát lại mọi message thô.","Duy trì mạch hội thoại, hỗ trợ phục hồi context khi đổi phiên và cá nhân hóa qua nhiều phiên. Phân biệt raw event history với insight được trích xuất giúp chọn đúng dữ liệu để đưa vào context.",Thiết kế actor/session và scope → cấu hình retention/strategies/namespaces → ghi events → extraction bất đồng bộ khi có strategy → retrieve events/records cần thiết → dựng context cho agent.,Agent nhiều lượt và nhu cầu nhớ sở thích qua các lần tương tác.,Nhớ kích cỡ giày người dùng chọn ở phiên trước khi được phép lưu.,Theo module mới: raw events có retention tối đa 365 ngày; extracted long-term records không tự hết hạn theo retention raw events. Runtime timeout và application turn limit khác retention. Phải kiểm soát ai được ghi/đọc; namespace không tự thay authorization.,Agent memory service,Domain 3,3.2,AgentCore,Skill Builder,"https://skillbuilder.aws/learn/6S4CUVPT9A/aws-ml-engineer-associate--manage-deployment-infrastructure/ZB46SU1CHZ
https://skillbuilder.aws/learn/HPMTZNTTZJ/aws-ml-engineer-associate--provision-and-configure-resources/R4K3BYBH3B",15/09/2026
Amazon Bedrock AgentCore Identity,agent credentials • delegated access • scoped authorization,"Amazon Bedrock AgentCore Identity supports authentication and credential handling when agent applications access protected tools and services, including configured delegated-access scenarios. It helps connect an agent's requests to the appropriate application or user identity instead of embedding unrestricted credentials in its logic. The service complements IAM and backend access controls; the application must still enforce resource-specific permissions and the allowed scope of business actions.","Amazon Bedrock AgentCore Identity hỗ trợ xác thực, xử lý thông tin xác thực khi ứng dụng agent truy cập tool và dịch vụ được bảo vệ, bao gồm tình huống truy cập ủy quyền được cấu hình. Dịch vụ giúp gắn request agent với danh tính ứng dụng hoặc người dùng phù hợp thay vì nhúng credential không giới hạn vào logic. Identity bổ trợ IAM và kiểm soát backend; ứng dụng vẫn phải thực thi quyền theo tài nguyên và phạm vi hành động nghiệp vụ được phép.",Giảm xử lý credential thủ công trong agent và hỗ trợ truy cập gắn với danh tính/phạm vi; cần kết hợp IAM và kiểm soát backend.,Xác định identity của agent/user → cấu hình auth/credential provider → giới hạn scope → agent gọi tool có quyền.,Agent gọi API thay mặt người dùng hoặc cần truy cập dịch vụ bảo vệ.,Thao tác giỏ hàng dưới danh tính người mua thay vì một quyền quản trị chung.,"Không thay thế kiểm tra quyền cho từng tài nguyên/hành động; identity không đồng nghĩa agent được làm mọi việc user có thể yêu cầu.

Bổ sung — Provision and Configure Resources: Supervisor/specialist cần danh tính và scope quyền riêng: payment agent được gọi payment API, flight agent không được. Authorization tại backend và trace từng action phải được cấu hình, không suy ra từ mô tả prompt.",Agent identity and access,Domain 3,3.2,AgentCore,Skill Builder,"https://skillbuilder.aws/learn/6S4CUVPT9A/aws-ml-engineer-associate--manage-deployment-infrastructure/ZB46SU1CHZ
https://skillbuilder.aws/learn/HPMTZNTTZJ/aws-ml-engineer-associate--provision-and-configure-resources/R4K3BYBH3B",15/09/2026
AgentCore Code Interpreter / Browser,isolated code execution • managed browsing,"AgentCore Code Interpreter and Browser are managed tools that let agents execute code or interact with web applications in supported environments. Code Interpreter supplies a controlled execution path for tasks such as calculations and data processing, while Browser supports web-page interaction. They reduce the need to build tool infrastructure, but the application must constrain task scope, protect data and validate tool outputs and consequential actions.","AgentCore Code Interpreter và Browser là công cụ được quản lý cho phép agent chạy mã hoặc tương tác ứng dụng web trong môi trường được hỗ trợ. Code Interpreter cung cấp đường thực thi có kiểm soát cho tính toán, xử lý dữ liệu, còn Browser hỗ trợ tương tác trang web. Chúng giảm nhu cầu xây hạ tầng tool, nhưng ứng dụng phải giới hạn nhiệm vụ, bảo vệ dữ liệu, kiểm tra output và các hành động có tác động thực tế.","Code Interpreter hỗ trợ tính toán/xử lý dữ liệu; Browser hỗ trợ thao tác web. Giảm tự xây môi trường tool, nhưng vẫn cần giới hạn nhiệm vụ và dữ liệu được truy cập.",Cấp tool phù hợp → agent gửi tác vụ → môi trường tool thực hiện → trả kết quả để agent dùng.,Agent cần tính toán chính xác hoặc thao tác web phục vụ nhiệm vụ.,Tính tổng giỏ hàng bằng code; đọc thông tin giao diện bằng Browser theo quyền.,Tool output có thể không đáng tin; không mặc định cho phép giao dịch/thay đổi trạng thái chỉ vì có browser. Hai tool có vai trò khác nhau.,Managed agent tools,Domain 3,3.2,AgentCore,Skill Builder,https://skillbuilder.aws/learn/6S4CUVPT9A/aws-ml-engineer-associate--manage-deployment-infrastructure/ZB46SU1CHZ,15/09/2026
AgentCore Observability / CloudWatch integration,agent traces • tool latency • operational insights,"AgentCore Observability integrates agent telemetry with operational monitoring so teams can inspect supported metrics, logs and instrumented traces of model, tool and runtime activity. This helps locate latency and failures within a multi-step agent interaction instead of observing only the final response time. Available evidence depends on telemetry configuration and instrumentation; recorded traces do not automatically reveal every internal reasoning process or guarantee that sensitive data is excluded.","AgentCore Observability tích hợp telemetry agent với giám sát vận hành để nhóm xem metric, log và trace đã instrument của hoạt động model, tool, runtime được hỗ trợ. Khả năng này giúp tìm latency, lỗi bên trong tương tác agent nhiều bước thay vì chỉ nhìn thời gian trả lời cuối. Bằng chứng khả dụng phụ thuộc cấu hình telemetry, instrumentation; trace được ghi không tự tiết lộ mọi suy luận nội bộ và không bảo đảm dữ liệu nhạy cảm đã được loại bỏ.","Giúp phân biệt lỗi model, tool và runtime; theo dõi hiệu năng và lần theo chuỗi thao tác đã instrument. Module đề cập cấu hình Transaction Search cho trace trong CloudWatch.",Bật/configure logs và traces → ghi span/metrics → xem workflow → xác định nút thắt → chỉnh và kiểm tra lại.,"Điều tra agent chậm, lỗi tool hoặc hành vi lệch quy trình.",Trace cho thấy phần lớn thời gian nằm ở tool catalog thay vì model.,Không coi trace là mọi reasoning nội bộ; kiểm soát thông tin nhạy cảm được ghi. Telemetry cần cấu hình/instrument phù hợp.,Agent observability,Domain 3,3.2,AgentCore,Skill Builder,https://skillbuilder.aws/learn/6S4CUVPT9A/aws-ml-engineer-associate--manage-deployment-infrastructure/ZB46SU1CHZ,15/09/2026
Amazon Bedrock Knowledge Bases,managed RAG • retrieval configuration • source grounding,"Amazon Bedrock Knowledge Bases is a managed retrieval-augmented generation capability that connects applications and foundation models to external information. It handles supported ingestion and retrieval workflows and exposes retrieval-only or retrieval-and-generation operations. The lesson distinguishes Bedrock Managed knowledge bases, which manage the datastore and default embeddings, from customer-managed configurations where teams choose compatible sources, chunking, embeddings and vector backends according to retrieval requirements.","Amazon Bedrock Knowledge Bases là khả năng RAG được quản lý để kết nối ứng dụng và foundation model với thông tin bên ngoài. Dịch vụ xử lý các workflow ingestion/retrieval được hỗ trợ và cung cấp thao tác chỉ truy xuất hoặc truy xuất kết hợp sinh câu trả lời. Bài học phân biệt Bedrock Managed knowledge base quản lý datastore/embedding mặc định với cấu hình customer-managed, nơi nhóm chọn nguồn, chunking, embedding và vector backend tương thích theo yêu cầu retrieval.","Giảm tự xây pipeline ingest/chunk/embed/index và query; cho chọn mức quản lý phù hợp. Với customer-managed, tối ưu theo 4 yêu cầu: freshness, accuracy/traceability, latency/cost và authorized scope; hỗ trợ quick-create hoặc backend hiện hữu theo điều kiện.",Nguồn S3 → cấu hình ingestion/index → đồng bộ → Retrieve hoặc RetrieveAndGenerate → đánh giá nguồn và trả lời.,"Chatbot/agent phải dùng catalog, chính sách hay tài liệu nội bộ cập nhật.",Shopping assistant tra thông số hàng từ Knowledge Base trước khi tư vấn.,"Nguồn phải sync thành công mới truy xuất được. Model/dimensions/index fields phải tương thích; backend quyết định khả năng hybrid/graph/filter. Metadata filter cần do backend có authorization áp dụng; citation không bảo đảm mọi câu trả lời chính xác. Loại KB/Region/tính năng cần đối chiếu khi triển khai.

Module Automated Orchestration and CI/CD: S3 thay đổi không tự cập nhật KB nếu thiếu cơ chế sync. StartIngestionJob bất đồng bộ; theo dõi GetIngestionJob, thống kê và khả năng truy xuất trước smoke test. Incremental sync xử lý thêm/sửa/xóa. Đổi embedding model cần rebuild/migration. Gate trước exposure cần staging/parallel index; sync tại chỗ vào production rồi test chỉ phát hiện sau thay đổi.",Managed RAG service,Domain 3,3.2,RAG,Skill Builder,"https://skillbuilder.aws/learn/6S4CUVPT9A/aws-ml-engineer-associate--manage-deployment-infrastructure/ZB46SU1CHZ
https://skillbuilder.aws/learn/HPMTZNTTZJ/aws-ml-engineer-associate--provision-and-configure-resources/R4K3BYBH3B
https://skillbuilder.aws/learn/TY6PBD6U4C/aws-ml-engineer-associate--automated-orchestration-and-cicd/XSJPCRXXQ6",15/09/2026
Amazon Bedrock Guardrails,content controls • prompt-attack mitigation,"Amazon Bedrock Guardrails applies configured policies to supported generative AI content and workflows, including controls for harmful content, sensitive information and other supported assessments. Applications integrate the selected guardrail and use its results to block, mask or otherwise handle content according to policy. It adds a control layer around model interactions, but does not replace tool authorization, application business checks or evaluation of answer correctness.","Amazon Bedrock Guardrails áp dụng policy được cấu hình cho nội dung, workflow AI tạo sinh được hỗ trợ, gồm kiểm soát nội dung gây hại, thông tin nhạy cảm và đánh giá khác được hỗ trợ. Ứng dụng tích hợp guardrail được chọn và dùng kết quả để chặn, che hoặc xử lý nội dung theo chính sách. Guardrails bổ sung lớp kiểm soát quanh tương tác model, nhưng không thay thế phân quyền tool, kiểm tra nghiệp vụ của ứng dụng hoặc đánh giá câu trả lời đúng.",Giúp hạn chế nội dung không phù hợp và giảm tác động từ prompt attacks theo policy; bổ sung lớp kiểm soát cho ứng dụng chatbot/agent.,Định nghĩa policy → tích hợp vào luồng inference được hỗ trợ → kiểm thử trường hợp hợp lệ/vi phạm → giám sát.,Shopping assistant hoặc ứng dụng FM cần chính sách nội dung rõ ràng.,Walkthrough kết hợp Guardrails với agentic RAG để kiểm soát nội dung tư vấn.,"Không đảm bảo chặn mọi prompt injection hoặc thay thế IAM/quyền tool, kiểm tra nghiệp vụ và đánh giá factual correctness.",Generative AI content controls,Domain 3,3.2,Agent và RAG,Skill Builder,https://skillbuilder.aws/learn/6S4CUVPT9A/aws-ml-engineer-associate--manage-deployment-infrastructure/ZB46SU1CHZ,15/09/2026
AWS CloudFormation,declarative JSON/YAML • stacks • change sets,"AWS CloudFormation is an infrastructure provisioning service that interprets JSON or YAML templates to create, update and manage resources as stacks. It determines resource dependencies from the template and applies lifecycle operations on the team's behalf. Templates, parameters, outputs and change sets support repeatable environments, shared infrastructure references and review of proposed updates before they are applied.","AWS CloudFormation là dịch vụ cấp phát hạ tầng, diễn giải template JSON hoặc YAML để tạo, cập nhật và quản lý tài nguyên theo stack. Dịch vụ xác định quan hệ phụ thuộc từ template và thực hiện thao tác vòng đời thay cho nhóm vận hành. Template, parameter, output và change set hỗ trợ tái tạo môi trường, chia sẻ tham chiếu hạ tầng và xem trước cập nhật trước khi áp dụng.",Repeatable provisioning giúp dev/test/prod dùng cấu trúc nhất quán; version control/code review cho thay đổi; dependency handling giảm lỗi thứ tự; stack lifecycle giảm thao tác thủ công.,Viết template Resources và các section cần thiết → truyền parameters → tạo stack → kiểm tra events/outputs. Khi update: tạo và review change set rồi execute.,"Hạ tầng AWS khai báo, nhiều môi trường dùng chung template, mô hình stack phân lớp và tự động provisioning.","Template tạo IAM role → SageMaker Model → EndpointConfig → Endpoint, tham chiếu bằng Ref/GetAtt và parameters.","Resources bắt buộc; tạo change set chưa update. Dependencies có thể implicit hoặc DependsOn; không cần imperative chỉ vì có thứ tự. Rollback/retention phải xét theo cấu hình.

Module Automated Orchestration and CI/CD: CloudFormation provisioning infrastructure trong release pipeline để các environment dùng cùng định nghĩa. Buildspec thực thi build, AppSpec mô tả CodeDeploy rollout, còn template CloudFormation mô tả AWS resources; ba artifact không thay thế nhau.",AWS IaC service,Domain 3,3.2,CloudFormation,Skill Builder,"https://skillbuilder.aws/learn/HPMTZNTTZJ/aws-ml-engineer-associate--provision-and-configure-resources/R4K3BYBH3B
https://skillbuilder.aws/learn/TY6PBD6U4C/aws-ml-engineer-associate--automated-orchestration-and-cicd/XSJPCRXXQ6",15/09/2026
AWS Cloud Development Kit (AWS CDK),code-defined infrastructure • constructs • synthesize CloudFormation,"The AWS CDK is an open-source framework for defining cloud infrastructure in supported programming languages using reusable constructs. A CDK app groups constructs into stacks, and synthesis generates CloudFormation templates that provision those stacks. Its libraries and toolkit allow teams to reuse code, apply tests and inspect changes while retaining CloudFormation as the underlying deployment engine.","AWS CDK là framework mã nguồn mở để định nghĩa hạ tầng cloud bằng ngôn ngữ lập trình được hỗ trợ thông qua các construct tái sử dụng. App CDK nhóm construct thành stack và quá trình synth sinh template CloudFormation để cấp phát các stack đó. Thư viện và toolkit cho phép dùng lại mã, áp dụng kiểm thử và xem thay đổi trong khi CloudFormation vẫn là bộ máy triển khai bên dưới.","Ngôn ngữ quen thuộc, abstraction L1/L2/L3, loops/functions/classes, reusable patterns và unit tests giúp giảm template lặp. Grant helpers hỗ trợ khai báo quyền giữa resource.",init project → bootstrap môi trường nếu cần → viết app/stacks/constructs → synth/test/diff → deploy qua CloudFormation → kiểm thử tài nguyên.,"Nhóm Python/TypeScript muốn xây hạ tầng có cấu trúc và tái dùng logic, vẫn quản lý theo stack.","Fraud detection dùng CDK Python để tạo network, role, image reference, model và cấu hình scaling.",Synth không deploy. Default construct cần được review; bootstrap có tài nguyên AWS thật; destroy tuân theo retention và dependency.,IaC framework/toolkit,Domain 3,3.2,AWS CDK,Skill Builder,https://skillbuilder.aws/learn/HPMTZNTTZJ/aws-ml-engineer-associate--provision-and-configure-resources/R4K3BYBH3B,15/09/2026
Terraform,declarative HCL • providers • plan/apply • state,"Terraform is an infrastructure-as-code tool that describes desired resources in configuration and uses provider integrations to manage them across supported platforms. It compares configuration with tracked resource state to plan and apply changes. A consistent workflow helps teams manage multi-provider infrastructure, while reliable state storage and access control remain essential to safe collaboration.","Terraform là công cụ IaC mô tả tài nguyên mong muốn bằng cấu hình và dùng các provider để quản lý trên nhiều nền tảng được hỗ trợ. Công cụ so sánh cấu hình với trạng thái tài nguyên được theo dõi để lập kế hoạch và áp dụng thay đổi. Workflow nhất quán giúp quản lý hạ tầng nhiều provider, còn lưu trữ state tin cậy và kiểm soát truy cập vẫn thiết yếu khi làm việc nhóm.",Workflow thống nhất cho nhiều cloud/provider; module tái dùng và plan giúp review thay đổi; phù hợp đội đã có quy trình Terraform.,Định nghĩa resource/provider → chuẩn bị state/backend → plan → review → apply → kiểm tra kết quả.,Hạ tầng trải nhiều nền tảng hoặc tổ chức đã chuẩn hóa Terraform.,Cùng workflow quản lý hạ tầng AWS và tài nguyên của provider khác theo hỗ trợ.,Không phải dịch vụ AWS managed và không tự sinh CloudFormation như CDK. State cần được bảo vệ; provider/version xác định khả năng cụ thể.,Third-party IaC tool,Domain 3,3.2,IaC tools,Skill Builder,https://skillbuilder.aws/learn/HPMTZNTTZJ/aws-ml-engineer-associate--provision-and-configure-resources/R4K3BYBH3B,15/09/2026
Pulumi,general-purpose languages • desired state • reusable components,"Pulumi is an infrastructure-as-code platform that lets teams describe supported cloud resources in general-purpose programming languages or YAML. Its deployment engine uses providers and tracked state to reconcile the infrastructure with the program's desired resources. Language tooling and reusable components support familiar development practices, while the selected state backend and provider versions govern deployment operations.",Pulumi là nền tảng IaC cho phép mô tả tài nguyên cloud được hỗ trợ bằng ngôn ngữ lập trình thông dụng hoặc YAML. Bộ máy triển khai dùng provider và state được theo dõi để đưa hạ tầng về tập tài nguyên mong muốn do chương trình mô tả. Công cụ ngôn ngữ và component tái sử dụng hỗ trợ cách phát triển quen thuộc; backend state và phiên bản provider chi phối hoạt động triển khai.,Dùng Python/TypeScript/Go và công cụ ngôn ngữ để tổ chức infrastructure code; tái dùng component và quản lý nhiều provider.,Viết program cấu hình resource → preview thay đổi → cập nhật stack → theo dõi state và outputs.,Đội muốn IaC đa nền tảng bằng ngôn ngữ lập trình sẵn có.,Program TypeScript định nghĩa network và compute bằng provider AWS.,Bài học mô tả hosted state service; đó không phải mọi lựa chọn backend. Viết bằng Python không tự có nghĩa tạo resource tuần tự như script imperative.,Third-party IaC platform,Domain 3,3.2,IaC tools,Skill Builder,https://skillbuilder.aws/learn/HPMTZNTTZJ/aws-ml-engineer-associate--provision-and-configure-resources/R4K3BYBH3B,15/09/2026
AWS CLI and Boto3 — Provisioning interfaces,command/API automation • service parameters • explicit orchestration,"The AWS CLI and Boto3 expose AWS service operations from shell commands and Python programs. They can create stacks, configure resources and invoke SageMaker APIs using explicit parameters and AWS credentials. These interfaces automate individual operations and workflows, while the caller or an orchestration layer must manage sequencing, error handling and resource cleanup where the chosen service does not provide them.","AWS CLI và Boto3 cung cấp thao tác dịch vụ AWS qua lệnh shell và chương trình Python. Chúng có thể tạo stack, cấu hình tài nguyên và gọi API SageMaker bằng tham số cụ thể và AWS credentials. Các interface này tự động hóa từng thao tác hoặc workflow; bên gọi hoặc lớp orchestration vẫn phải quản lý thứ tự, xử lý lỗi và dọn tài nguyên ở những phần dịch vụ được chọn chưa đảm nhận.","Phù hợp automation, tích hợp CI/CD và thao tác API chi tiết; dùng cùng IAM/credential chain và có thể gọi CloudFormation để giữ stack lifecycle.",Chuẩn bị quyền → gọi API hoặc CLI với parameters → kiểm tra trạng thái hoàn tất → xử lý lỗi/outputs → dọn tài nguyên tạm.,"Provisioning script, automation service calls và khi high-level SDK không bộc lộ cấu hình cần dùng.",aws cloudformation create-stack với --template-body và --parameters; Boto3 gọi SageMaker create_model.,"Boto3 là SDK AWS tổng quát, khác high-level SageMaker Python SDK. Nhận request thành công chưa đồng nghĩa thao tác bất đồng bộ hoàn tất.",CLI / SDK,Domain 3,3.2,SDK và tự động hóa,Skill Builder,https://skillbuilder.aws/learn/HPMTZNTTZJ/aws-ml-engineer-associate--provision-and-configure-resources/R4K3BYBH3B,15/09/2026
Amazon SageMaker Python SDK — v2/v3 deployment,high-level ML API • training • hosting • pipelines,"The SageMaker Python SDK is a high-level Python interface for managing SageMaker machine learning tasks, including processing, training, deployment and workflows. It wraps common service configuration and resource operations so users can work with task-oriented classes. Version 3 uses unified interfaces such as ModelTrainer and ModelBuilder, while older version 2 code commonly uses Estimator, Model and Predictor.","SageMaker Python SDK là interface Python cấp cao để quản lý các tác vụ ML trên SageMaker, gồm xử lý dữ liệu, training, deployment và workflow. SDK bao bọc cấu hình dịch vụ và thao tác tài nguyên phổ biến để người dùng làm việc với các lớp theo nhiệm vụ. V3 dùng interface hợp nhất như ModelTrainer và ModelBuilder, còn code v2 thường dùng Estimator, Model và Predictor.","Giảm boilerplate provisioning; liên kết model artifacts, container và compute; hỗ trợ parameterized workflows. Bản đồ version rõ giúp đọc code/đề cũ mà không trộn API.",Chọn version → định nghĩa task/model → thực hiện train hoặc build → deploy đúng inference configuration → invoke endpoint; đưa task vào pipeline khi cần.,Tự động hóa triển khai model bằng Python và tích hợp ML workflow.,V2: estimator.fit rồi deploy/predict; v3: trainer.train rồi ModelBuilder.build/deploy và endpoint.invoke.,Ví dụ module có cả v2/v3. Pin dependency và đối chiếu import/method theo docs; không coi SDK tự xóa mọi endpoint khi notebook kết thúc.,High-level ML SDK,Domain 3,3.2,SDK và tự động hóa,Skill Builder,"https://skillbuilder.aws/learn/HPMTZNTTZJ/aws-ml-engineer-associate--provision-and-configure-resources/R4K3BYBH3B
https://sagemaker.readthedocs.io/en/stable/",15/09/2026
Amazon EC2 — Container hosting compute,virtual machines • instance choice • compute control,"Amazon EC2 provides configurable virtual machine instances that can host container runtimes and application processes. Teams choose instance types to match CPU, memory, accelerator and networking needs, while controlling software and capacity more directly than with fully managed model hosting. Container orchestration services can run workloads on EC2, but image storage, orchestration and compute hosting remain distinct responsibilities.","Amazon EC2 cung cấp máy ảo có thể cấu hình để chạy container runtime và process ứng dụng. Nhóm chọn instance type theo nhu cầu CPU, memory, accelerator và networking, đồng thời kiểm soát phần mềm/capacity trực tiếp hơn so với hosting model được quản lý hoàn toàn. Dịch vụ orchestration có thể chạy workload trên EC2, nhưng lưu image, điều phối container và cung cấp compute vẫn là các trách nhiệm riêng.",Linh hoạt instance type và phần mềm; hỗ trợ CPU/GPU/accelerator theo dòng máy; phù hợp workload cần kiểm soát host và đội có năng lực vận hành.,Chọn instance và phương thức mua → cấu hình network/IAM/storage → cài hoặc dùng runtime/orchestrator → chạy container → đo và điều chỉnh capacity.,Hosting container qua ECS/EKS hoặc ML application tự quản cần quyền điều khiển host.,ECR giữ image; ECS/EKS quyết định task/pod; EC2 cung cấp máy chạy chúng.,Chọn EC2 On-Demand không có nghĩa capacity luôn sẵn. EC2 instance khác resource SageMaker có instance type ml.* và mô hình tính phí riêng.,Compute service,Domain 3,3.2,Cấp phát và chi phí,Skill Builder,https://skillbuilder.aws/learn/HPMTZNTTZJ/aws-ml-engineer-associate--provision-and-configure-resources/R4K3BYBH3B,15/09/2026
AWS Savings Plans — Pricing commitments,usage commitment • eligible discount • no capacity reservation,"AWS Savings Plans offer discounted rates for eligible usage in exchange for a commitment to a consistent amount of spend over a selected term. The chosen plan determines which services and configurations qualify. A Savings Plan changes billing for matching usage; it does not create instances, improve their hardware performance or by itself reserve compute capacity for a future launch.","AWS Savings Plans cung cấp đơn giá giảm cho usage đủ điều kiện để đổi lấy cam kết mức chi tiêu ổn định trong kỳ hạn đã chọn. Loại plan quyết định những dịch vụ và cấu hình nào được hưởng lợi. Savings Plan thay đổi cách tính phí usage phù hợp; nó không tạo instance, không tăng hiệu năng phần cứng và tự nó không giữ chỗ compute cho lần khởi chạy tương lai.",Giảm chi phí phần tải nền ổn định trong phạm vi plan; cho lựa chọn độ linh hoạt khác nhau theo loại plan thay vì chỉ tối ưu từng lần khởi chạy.,Phân tích usage ổn định → chọn loại/commitment phù hợp → áp chiết khấu cho usage đủ điều kiện → theo dõi utilization/coverage.,Workload kéo dài và có mức sử dụng dự báo được; phân biệt cost optimization với capacity planning.,"Usage SageMaker cần xem SageMaker AI Savings Plans phù hợp, không mặc định Compute Savings Plans bao mọi dịch vụ.",Cam kết dư gây trả tiền chưa dùng hết. Savings Plans không reserve capacity; cần xác nhận eligibility và điều khoản thực tế.,Pricing plan,Domain 3,3.2,Cấp phát và chi phí,Skill Builder,https://skillbuilder.aws/learn/HPMTZNTTZJ/aws-ml-engineer-associate--provision-and-configure-resources/R4K3BYBH3B,15/09/2026
EC2 On-Demand Capacity Reservations,reserve matching AZ capacity • availability • billed capacity,"EC2 On-Demand Capacity Reservations reserve matching EC2 instance capacity in a specified Availability Zone under the reservation's configuration and terms. Eligible instances use that reserved capacity when they match its attributes. This addresses the risk of unavailable capacity at launch, while pricing discounts are a separate consideration and unused reserved capacity can still incur charges.",EC2 On-Demand Capacity Reservations giữ chỗ capacity instance EC2 phù hợp trong một Availability Zone theo cấu hình và điều khoản reservation. Instance đủ điều kiện dùng capacity đó khi khớp thuộc tính. Cơ chế này xử lý rủi ro không còn capacity lúc launch; chiết khấu giá là vấn đề riêng và phần capacity đã giữ nhưng chưa dùng vẫn có thể phát sinh phí.,Hỗ trợ kế hoạch cần khả năng launch loại instance/AZ cụ thể; có thể kết hợp lợi ích giá phù hợp theo điều kiện.,Xác định attribute/AZ/count và thời gian cần → tạo reservation phù hợp → launch instance khớp → theo dõi sử dụng và vòng đời reservation.,Workload cần giảm rủi ro thiếu capacity khi bắt đầu hoặc khôi phục.,Có Savings Plan để giảm giá nhưng vẫn cần capacity trong AZ định trước → xem reservation riêng.,"Không tự là chiết khấu và không áp EC2 reservation trực tiếp cho mọi SageMaker managed endpoint. Thuộc tính, loại reservation và cancellation terms cần kiểm tra.",Capacity reservation,Domain 3,3.2,Cấp phát và chi phí,Skill Builder,https://skillbuilder.aws/learn/HPMTZNTTZJ/aws-ml-engineer-associate--provision-and-configure-resources/R4K3BYBH3B,15/09/2026
Amazon VPC — SageMaker model networking,subnets • security groups • private resource access,"Amazon VPC provides logically isolated virtual networking in which teams define IP ranges, subnets, routes and access controls for AWS resources. For SageMaker hosted models, VpcConfig identifies the subnets and security groups used for model-container network connectivity to VPC resources. This lets inference logic reach allowed private dependencies while keeping client API access and identity authorization as separate design decisions.","Amazon VPC cung cấp mạng ảo cô lập logic để nhóm định nghĩa dải IP, subnet, route và kiểm soát truy cập cho tài nguyên AWS. Với model SageMaker được host, VpcConfig xác định subnet và security group dùng cho kết nối mạng container tới tài nguyên VPC. Cấu hình này giúp logic inference truy cập dependency riêng được phép, còn đường gọi API của client và ủy quyền danh tính là các quyết định thiết kế riêng.","Tổ chức network boundaries, kiểm soát luồng tới database/feature store và lựa chọn private access; hỗ trợ nhiều AZ qua các subnet thích hợp.",Tạo subnet/route/security group → cấu hình model VpcConfig → cho phép đường cần dùng → kiểm thử từ container và client riêng biệt.,Model handler cần truy vấn dependency trong VPC hoặc hạ tầng có yêu cầu phân đoạn mạng.,Model kết nối database qua ENI do SageMaker tạo từ VpcConfig; DB security group chỉ cho nguồn được phép.,VpcConfig không tự tạo private client invocation; dùng Runtime interface endpoint/PrivateLink cho luồng đó. Network isolation có thể chặn model tự gọi DB.,Virtual networking service,Domain 3,3.2,Mạng triển khai,Skill Builder,https://skillbuilder.aws/learn/HPMTZNTTZJ/aws-ml-engineer-associate--provision-and-configure-resources/R4K3BYBH3B,15/09/2026
AWS PrivateLink — SageMaker Runtime interface endpoint,private invocation • interface ENIs • private DNS,"AWS PrivateLink enables private connectivity to supported services through interface VPC endpoints with private IP addresses in selected subnets. For SageMaker Runtime, it provides a private entry point for client inference API requests without an internet gateway or NAT device in that request path. Endpoint networking, DNS and access policies must be configured alongside the caller's IAM permissions.","AWS PrivateLink cho phép kết nối riêng tới dịch vụ được hỗ trợ qua interface VPC endpoint có private IP trong các subnet đã chọn. Với SageMaker Runtime, nó cung cấp điểm vào riêng cho yêu cầu inference API của client mà không cần internet gateway hoặc NAT trên luồng request đó. Network, DNS và access policy của endpoint phải được cấu hình cùng quyền IAM của bên gọi.",Giữ inference traffic trên đường private của AWS; private DNS có thể cho SDK dùng hostname chuẩn; endpoint security group kiểm soát nguồn được kết nối.,Tạo interface endpoint cho SageMaker Runtime → chọn subnet/SG/private DNS → cấu hình quyền → client invoke → kiểm thử DNS và đường mạng.,Yêu cầu client trong VPC gọi endpoint không đi qua public internet.,Client Application → interface VPC endpoint → SageMaker Runtime API → hosted model → response quay cùng đường.,Không thay VpcConfig của model hoặc S3 endpoint. Private path không bỏ yêu cầu xác thực/authorization; API management dùng endpoint dịch vụ tương ứng.,Private connectivity,Domain 3,3.2,Mạng triển khai,Skill Builder,https://skillbuilder.aws/learn/HPMTZNTTZJ/aws-ml-engineer-associate--provision-and-configure-resources/R4K3BYBH3B,15/09/2026
Amazon S3 gateway VPC endpoint,private S3 route • route tables • endpoint policy,An Amazon S3 gateway VPC endpoint provides a route from associated VPC subnets to S3 without using an internet gateway or NAT device for that traffic. Route-table associations and endpoint policies determine its network reach and allowed access alongside IAM and bucket policies. It supports private access to artifacts and data but does not provide a private SageMaker inference API endpoint.,Amazon S3 gateway VPC endpoint cung cấp đường từ các subnet VPC liên kết tới S3 mà không dùng internet gateway hoặc NAT cho traffic đó. Liên kết route table và endpoint policy xác định phạm vi mạng và quyền truy cập cùng IAM/bucket policy. Nó hỗ trợ truy cập riêng tới artifact và dữ liệu nhưng không cung cấp endpoint riêng cho SageMaker inference API.,Truy cập S3 từ subnet không internet; giảm phụ thuộc NAT cho luồng S3; có policy để thu hẹp tài nguyên được truy cập.,Tạo gateway endpoint S3 → gắn route tables đúng subnet → kiểm tra endpoint/bucket/IAM policies → kiểm thử artifact/data access.,Môi trường SageMaker liên quan VPC cần lấy artifact/data S3 qua đường riêng.,Model artifact trong S3; cấu hình private S3 access cho đường dịch vụ/container theo kiến trúc và mode được hỗ trợ.,Gateway endpoint khác PrivateLink interface endpoint. Không mở mọi bucket hoặc coi route riêng là quyền đọc dữ liệu; execution role vẫn cần quyền.,VPC endpoint feature,Domain 3,3.2,Mạng triển khai,Skill Builder,https://skillbuilder.aws/learn/HPMTZNTTZJ/aws-ml-engineer-associate--provision-and-configure-resources/R4K3BYBH3B,15/09/2026
Amazon OpenSearch Serverless — Vector store,managed capacity • vector index • semantic/hybrid search,"Amazon OpenSearch Serverless is a managed search and analytics option that separates workload capacity management from the operation of individual OpenSearch clusters. Its vector-search capabilities can store embeddings, text and metadata for a compatible Bedrock knowledge base. Teams can use a supported quick-create flow or configure a collection and index, while choosing access controls and retrieval settings for their workload.","Amazon OpenSearch Serverless là lựa chọn tìm kiếm và phân tích được quản lý, tách quản lý capacity workload khỏi việc vận hành từng cluster OpenSearch. Khả năng vector search có thể lưu embedding, text và metadata cho knowledge base Bedrock tương thích. Nhóm có thể dùng quick-create được hỗ trợ hoặc cấu hình collection/index, đồng thời chọn access control và thiết lập retrieval theo workload.",Giảm quản lý cluster; hỗ trợ vector similarity và hybrid trên cấu hình hỗ trợ; tích hợp Bedrock KB và metadata retrieval.,Tạo hoặc quick-create vector collection/index → khớp embedding dimensions/text/metadata fields → cấp quyền → ingest/sync → đo retrieval.,"RAG cần vector retrieval và khả năng kết hợp term matching, không cần tận dụng database quan hệ sẵn có.",Walkthrough IT helpdesk dùng OpenSearch Serverless và hierarchical chunking cho bộ tài liệu nội bộ.,"Serverless không đồng nghĩa miễn phí hay không cần policy/index design. Pure vector và hybrid là chiến lược query, không phải hai dịch vụ khác nhau.",Managed search/vector store,Domain 3,3.2,RAG infrastructure,Skill Builder,https://skillbuilder.aws/learn/HPMTZNTTZJ/aws-ml-engineer-associate--provision-and-configure-resources/R4K3BYBH3B,15/09/2026
Amazon Aurora PostgreSQL with pgvector,relational database • vector similarity • existing data,"Amazon Aurora PostgreSQL is a managed PostgreSQL-compatible relational database service, and the pgvector extension adds vector storage and similarity-search capabilities on supported versions. It can serve as a compatible vector backend for Bedrock Knowledge Bases while retaining relational data and SQL access. Teams must configure the required schema, permissions and capacity and verify which retrieval features their selected integration supports.","Amazon Aurora PostgreSQL là dịch vụ cơ sở dữ liệu quan hệ được quản lý tương thích PostgreSQL; extension pgvector bổ sung lưu vector và tìm kiếm độ tương tự trên phiên bản hỗ trợ. Nó có thể làm vector backend tương thích cho Bedrock Knowledge Bases trong khi vẫn giữ dữ liệu quan hệ và truy cập SQL. Nhóm phải cấu hình schema, quyền, capacity và xác nhận các tính năng retrieval mà integration đã chọn hỗ trợ.",Tận dụng kỹ năng/PostgreSQL database hiện có; lưu relational data và vectors trong cùng nền tảng; có tùy chọn Serverless và quick-create theo hỗ trợ.,Chuẩn bị Aurora/PostgreSQL version + pgvector → tạo bảng/index và field mapping → cấu hình quyền/network → kết nối KB → sync/test.,"Nhóm có Aurora, cần hệ sinh thái SQL hoặc tích hợp retrieval với dữ liệu quan hệ.",Tái sử dụng backend Aurora đủ điều kiện thay vì vận hành thêm vector platform riêng.,Có pgvector chưa đủ để mọi cấu hình Bedrock hoạt động; hybrid search/schema/version phải đúng hỗ trợ. Không nhầm S3 object store với relational vector store.,Relational/vector database,Domain 3,3.2,RAG infrastructure,Skill Builder,https://skillbuilder.aws/learn/HPMTZNTTZJ/aws-ml-engineer-associate--provision-and-configure-resources/R4K3BYBH3B,15/09/2026
Amazon Neptune Analytics — Graph/vector retrieval,graph relationships • connected data • vector search,"Amazon Neptune Analytics is a managed analytics database for graph workloads that combines relationship traversal with analytical processing and supported vector-search capabilities. In a compatible Bedrock knowledge-base architecture, it can support retrieval that uses connections among entities rather than similarity between isolated text chunks alone. The application still needs an appropriate graph model, ingestion design and retrieval evaluation.","Amazon Neptune Analytics là cơ sở dữ liệu phân tích được quản lý cho workload đồ thị, kết hợp duyệt quan hệ với xử lý phân tích và khả năng vector search được hỗ trợ. Trong kiến trúc knowledge base Bedrock tương thích, nó có thể hỗ trợ retrieval dùng liên kết giữa các thực thể thay vì chỉ so độ tương tự của những đoạn text riêng lẻ. Ứng dụng vẫn cần mô hình đồ thị, thiết kế ingestion và đánh giá retrieval phù hợp.",Thêm chiều quan hệ vào retrieval; hữu ích khi câu hỏi phụ thuộc nhiều entity liên kết. Module nêu một backend có thể quick-create trong luồng được hỗ trợ.,Chọn graph backend và kiến trúc KB tương thích → chuẩn bị ingestion/relations/index → cấp quyền → ingest → kiểm thử query cần relationships.,RAG/analytics có nội dung liên kết mà vector similarity đơn thuần chưa đủ.,"Tìm mối liên hệ giữa hệ thống IT, dependency và runbook thay vì chỉ đo similarity một đoạn văn.",Neptune Analytics khác relational Aurora và không phải chỉ đổi tên OpenSearch. Không mặc định mọi graph/query đều được Bedrock hỗ trợ.,Graph analytics/vector backend,Domain 3,3.2,RAG infrastructure,Skill Builder,https://skillbuilder.aws/learn/HPMTZNTTZJ/aws-ml-engineer-associate--provision-and-configure-resources/R4K3BYBH3B,15/09/2026
Amazon S3 Vectors,vector buckets/indexes • similarity search • cost-aware storage,"Amazon S3 Vectors provides purpose-built storage and query operations for vector data through vector buckets and indexes. Applications can store embeddings with metadata and perform similarity queries, including through supported Bedrock Knowledge Bases integrations. It is distinct from placing embedding files in an ordinary S3 object bucket, and its feature set should be evaluated against the workload's query frequency, latency and filtering requirements.","Amazon S3 Vectors cung cấp lưu trữ và thao tác truy vấn chuyên dụng cho vector thông qua vector bucket và index. Ứng dụng có thể lưu embedding kèm metadata rồi truy vấn độ tương tự, gồm integration Bedrock Knowledge Bases được hỗ trợ. Dịch vụ này khác với việc đặt tệp embedding trong S3 object bucket thông thường; cần đánh giá tính năng theo tần suất query, latency và yêu cầu filtering.",Module nhấn mạnh lưu vector tiết kiệm chi phí cho query không thường xuyên; giảm nhu cầu giữ một hệ thống search luôn hoạt động chỉ để lưu embedding.,Tạo/vector store được quick-create → cấu hình index/dimensions/metadata → ingest embeddings → query/test workload.,"KB/vector storage chú trọng cost, phù hợp đặc điểm truy vấn và features được hỗ trợ.",Lưu vector tài liệu ít được hỏi bằng S3 Vectors; S3 ordinary bucket vẫn chứa tài liệu nguồn riêng.,Không suy ra mọi tính năng hybrid/search của OpenSearch đều có trên S3 Vectors. Plain S3 bucket không tự hỗ trợ similarity query.,Vector storage service,Domain 3,3.2,RAG infrastructure,Skill Builder,https://skillbuilder.aws/learn/HPMTZNTTZJ/aws-ml-engineer-associate--provision-and-configure-resources/R4K3BYBH3B,15/09/2026
Amazon Titan Text Embeddings V2,text-to-vector • 1024/512/256 dimensions,Amazon Titan Text Embeddings V2 is an embedding model available through Amazon Bedrock that transforms text into numerical vectors for semantic retrieval and related similarity tasks. It offers supported output dimensions so teams can balance representation size against storage and retrieval needs. A knowledge base must use compatible vector-index dimensions and an aligned embedding approach for its documents and queries.,Amazon Titan Text Embeddings V2 là embedding model được cung cấp qua Amazon Bedrock để biến text thành vector số cho semantic retrieval và các tác vụ đo độ tương tự liên quan. Model có các kích thước đầu ra được hỗ trợ để nhóm cân bằng độ lớn biểu diễn với nhu cầu storage/retrieval. Knowledge base phải dùng index có số chiều tương thích và cách embedding nhất quán cho tài liệu lẫn query.,Tạo biểu diễn ngữ nghĩa phục vụ tìm đoạn liên quan; lựa chọn 1024/512/256 dimensions theo hỗ trợ giúp đánh đổi kích thước vector với kết quả đo.,Chọn model/dimension → cấu hình index tương ứng → embed chunks → embed query bằng model tương thích → similarity search.,Tạo vector cho RAG và tìm kiếm semantic trên text.,Walkthrough chọn 1024 dimensions cho IT documentation; cần benchmark để xác nhận lợi ích so với số chiều thấp.,Embedding model không tự sinh câu trả lời. Nhiều chiều hơn không bảo đảm luôn chính xác hơn; phải đo retrieval quality/cost.,Bedrock embedding model,Domain 3,3.2,RAG infrastructure,Skill Builder,https://skillbuilder.aws/learn/HPMTZNTTZJ/aws-ml-engineer-associate--provision-and-configure-resources/R4K3BYBH3B,15/09/2026
Amazon DynamoDB — Persistent agent application state,key-value/document • user ID • durable state,"Amazon DynamoDB is a managed key-value and document database that applications can use to store durable state with explicit keys and access patterns. In an agent application, it can hold user-associated records, task progress or resolved-issue history outside the runtime's temporary memory. The application defines the schema, permissions, update logic and retrieval behavior; DynamoDB does not automatically extract conversational insights.","Amazon DynamoDB là cơ sở dữ liệu key-value và document được quản lý để ứng dụng lưu state bền vững theo khóa và access pattern xác định. Trong ứng dụng agent, nó có thể lưu record theo người dùng, tiến độ nhiệm vụ hoặc lịch sử vấn đề đã giải quyết bên ngoài memory tạm của runtime. Ứng dụng định nghĩa schema, quyền, logic cập nhật và truy xuất; DynamoDB không tự trích xuất insight hội thoại.",Lưu trạng thái độc lập vòng đời agent compute; truy xuất theo key và thiết kế access pattern; tái dùng dữ liệu giữa các phiên.,Thiết kế key theo user/task → ghi record có quyền → cập nhật tiến độ/solution → đọc khi agent cần context → quản lý retention.,"Cần persistent app state có schema và lookup rõ, hoặc workflow đã dùng DynamoDB.",Walkthrough lưu resolved issues theo user ID để lần sau biết cách xử lý đã thành công.,Khác AgentCore Memory có chiến lược extraction/retrieval; dùng DynamoDB cần tự xây logic này nếu muốn. Phân quyền không dựa riêng vào user ID client gửi.,NoSQL database,Domain 3,3.2,Agent workflows,Skill Builder,https://skillbuilder.aws/learn/HPMTZNTTZJ/aws-ml-engineer-associate--provision-and-configure-resources/R4K3BYBH3B,15/09/2026
Amazon SQS — Tool request buffering,durable queue • decoupling • backpressure,"Amazon SQS is a managed message-queuing service that decouples producers from consumers by holding work until it can be processed. An agent application can place requests for a rate-limited tool into a queue and let consumers process them at controlled concurrency. Queueing improves burst handling, but applications must manage message processing, retries and completion reporting according to the queue's delivery semantics.","Amazon SQS là dịch vụ hàng đợi message được quản lý, tách producer khỏi consumer bằng cách giữ công việc cho đến khi được xử lý. Ứng dụng agent có thể đưa yêu cầu dành cho tool bị giới hạn tốc độ vào queue rồi để consumer xử lý với concurrency được kiểm soát. Queue giúp hấp thụ burst, nhưng ứng dụng phải quản lý xử lý message, retry và báo hoàn tất theo cơ chế delivery của loại queue.","Hấp thụ vượt tải, giảm kết nối chặt và bảo vệ downstream; consumers có thể xử lý dần khi API phụ thuộc sẵn sàng.",Producer gửi message → SQS giữ việc → Lambda/consumer nhận trong giới hạn → xử lý/idempotency → xóa message thành công hoặc retry/DLQ.,Tool create_ticket bị rate-limit hoặc workflow cần chấp nhận việc bất đồng bộ.,SQS đặt trước Lambda create_ticket; traffic burst được queue thay vì gọi thẳng hàng nghìn request xuống ServiceNow.,Không tự thiết lập queue chỉ bằng set concurrency Lambda. Standard delivery có thể lặp; ticket creation cần idempotency để tránh spam.,Message queue,Domain 3,3.2,Agent workflows,Skill Builder,https://skillbuilder.aws/learn/HPMTZNTTZJ/aws-ml-engineer-associate--provision-and-configure-resources/R4K3BYBH3B,15/09/2026
Amazon Connect — Human handoff,contact center • support queue • conversation context,"Amazon Connect is a managed contact-center service that applications can integrate with to route customer interactions to human support. In an agentic helpdesk, a handoff tool can transfer an unresolved case and the relevant conversation context to an appropriate queue or flow. The application must define escalation criteria, integration behavior and the information supplied so the human can continue with useful context.","Amazon Connect là dịch vụ contact center được quản lý để ứng dụng tích hợp và định tuyến tương tác khách hàng đến người hỗ trợ. Trong helpdesk dùng agent, tool bàn giao có thể chuyển vụ việc chưa giải quyết cùng context hội thoại liên quan đến queue hoặc flow phù hợp. Ứng dụng phải định nghĩa tiêu chí escalation, cách tích hợp và thông tin chuyển giao để người hỗ trợ tiếp tục có đủ ngữ cảnh.",Kết nối tự động hóa với hỗ trợ con người; giữ lịch sử giúp tránh bắt user kể lại; có thể định tuyến theo quy trình hỗ trợ.,Agent gặp điều kiện handoff → tạo tóm tắt/status và đính kèm history được phép → gọi integration → route vào queue/flow → ghi nhận kết quả.,"Vấn đề ngoài khả năng agent, quá turn limit hoặc workflow yêu cầu người xử lý.","Walkthrough escalate_to_human chuyển hội thoại và history sang Connect, với concurrency riêng cho integration.",AgentCore Memory không tự gọi Connect; turn limit và điều kiện handoff thuộc ứng dụng. Không phải cứ thêm tool là mọi lịch sử tự được chuyển.,Contact-center service,Domain 3,3.2,Agent workflows,Skill Builder,https://skillbuilder.aws/learn/HPMTZNTTZJ/aws-ml-engineer-associate--provision-and-configure-resources/R4K3BYBH3B,15/09/2026
AWS CodeConnections,external Git integration • source events • managed connection,"AWS CodeConnections connects supported third-party source providers with AWS developer tools through managed connection resources. It allows services such as CodePipeline to access authorized repositories and use source changes in release workflows. The connection supplies integration and access to the selected provider; the Git provider retains source history, and build or deployment services perform subsequent pipeline work.","AWS CodeConnections kết nối nhà cung cấp source bên thứ ba được hỗ trợ với công cụ developer AWS qua tài nguyên connection được quản lý. Nó cho phép dịch vụ như CodePipeline truy cập repository được cấp quyền và dùng source changes trong workflow phát hành. Connection cung cấp tích hợp và quyền truy cập provider đã chọn; Git provider giữ lịch sử source, còn dịch vụ build/deploy thực hiện phần việc pipeline tiếp theo.",Kết nối GitHub/GitLab/Bitbucket được hỗ trợ vào release flow; giảm tích hợp thủ công và gắn source revision với artifact được build.,Tạo/ủy quyền connection → chọn repository/branch → cấu hình source action và trigger → commit phù hợp cung cấp revision cho pipeline.,Dùng external Git nhưng muốn chạy CI/CD trên AWS.,PR được merge → CodePipeline nhận revision → CodeBuild test và build image.,"Connection không phải Git repository, không build code và không tự cấp quyền mọi repository. Kiểm tra trạng thái connection, provider/Region và phạm vi quyền khi source stage lỗi.",Source-provider integration,Domain 3,3.3,AWS developer tools,Skill Builder,https://skillbuilder.aws/learn/TY6PBD6U4C/aws-ml-engineer-associate--automated-orchestration-and-cicd/XSJPCRXXQ6,15/09/2026
AWS CodeDeploy,automated app deployment • AppSpec • rollback • EC2/ECS/Lambda,"AWS CodeDeploy automates application-revision deployment to EC2 instances, on-premises instances, Lambda functions and ECS services. It applies target-specific deployment configurations and lifecycle hooks, tracks deployment status, and supports suitable traffic-shifting or replacement strategies with rollback. This separates repeatable application rollout from compilation and packaging, which are normally handled by build tools earlier in the release pipeline.","AWS CodeDeploy tự động triển khai revision ứng dụng lên EC2, máy chủ tại chỗ, Lambda và ECS. Nó áp dụng cấu hình deployment cùng lifecycle hooks theo target, theo dõi trạng thái và hỗ trợ chiến lược chuyển traffic hoặc thay thế phù hợp cùng rollback. Dịch vụ tách rollout ứng dụng có thể lặp lại khỏi biên dịch và đóng gói, thường do công cụ build thực hiện ở phần trước pipeline.","Giảm thao tác triển khai thủ công; kiểm soát target health, tốc độ rollout và phục hồi revision; tập trung theo dõi lịch sử deployment.",Build revision → AppSpec/config → deployment group/target tương ứng → lifecycle hooks/traffic shift → monitor → hoàn tất hoặc rollback.,"Triển khai ứng dụng tích hợp ML trên EC2/on-prem, ECS hoặc Lambda.",CodePipeline gửi revision ứng dụng gọi model đến CodeDeploy để rollout lên ECS.,Không có compute platform SageMaker endpoint trực tiếp. Dùng API/SDK SageMaker hoặc CloudFormation/tích hợp phù hợp để cập nhật endpoint; diagram nối Registry→CodeDeploy không chứng minh hỗ trợ native. Deployment modes khác theo target.,Application deployment service,Domain 3,3.3,AWS developer tools,Skill Builder,"https://skillbuilder.aws/learn/TY6PBD6U4C/aws-ml-engineer-associate--automated-orchestration-and-cicd/XSJPCRXXQ6
https://docs.aws.amazon.com/codedeploy/latest/userguide/welcome.html",15/09/2026
Amazon SageMaker Projects,MLOps templates • build/deploy pipelines • reproducible setup,"Amazon SageMaker Projects provides template-based setup of the infrastructure and repositories used by an ML delivery workflow. Supported templates can assemble source control, build automation, model-building pipelines, a model registry and deployment pipelines, using AWS developer tools or supported external tools. It accelerates consistent MLOps project setup while leaving teams responsible for selecting templates and implementing suitable tests and release controls.","Amazon SageMaker Projects cung cấp cách thiết lập bằng template cho hạ tầng và repository của workflow phát hành ML. Template được hỗ trợ có thể ghép source control, build automation, model-building pipeline, registry và deployment pipeline bằng công cụ AWS hoặc công cụ ngoài phù hợp. Nó đẩy nhanh thiết lập MLOps nhất quán; nhóm vẫn phải chọn template, xây kiểm thử và kiểm soát release phù hợp.","Giảm thời gian dựng workflow từ đầu; cung cấp cấu trúc để cộng tác, trace artifact và tái sử dụng quy trình build/deploy.",Chọn template theo source provider và orchestrator → provision → đưa code vào repositories → tùy chỉnh test/gate → chạy pipeline.,Nhóm cần khởi tạo MLOps workflow theo mẫu thay vì tự ghép từng dịch vụ.,Template dùng third-party Git + CodePipeline hoặc Jenkins để kích hoạt SageMaker pipeline sau commit.,"Projects là lớp thiết lập dự án, không đồng nghĩa một pipeline execution. Template có sẵn không tự đảm bảo đủ test, compliance hay điều kiện nghiệp vụ; kiểm tra template/version được hỗ trợ.",MLOps project setup,Domain 3,3.3,MLOps orchestration,Skill Builder,"https://skillbuilder.aws/learn/TY6PBD6U4C/aws-ml-engineer-associate--automated-orchestration-and-cicd/XSJPCRXXQ6
https://docs.aws.amazon.com/sagemaker/latest/dg/sagemaker-projects-templates-sm.html",15/09/2026
Amazon EventBridge / EventBridge Scheduler,event filtering • scheduled invocation • workflow trigger,"Amazon EventBridge routes matching events from configured sources to targets such as Lambda functions or Step Functions workflows. EventBridge Scheduler provides managed scheduling for supported target invocations. In ML and RAG pipelines, these capabilities initiate work after data changes, model approval events or scheduled times, while the invoked workflow performs processing, evaluation and release decisions.","Amazon EventBridge định tuyến sự kiện khớp từ nguồn được cấu hình đến target như Lambda hoặc Step Functions. EventBridge Scheduler cung cấp lập lịch được quản lý cho lời gọi target được hỗ trợ. Trong pipeline ML/RAG, chúng khởi động công việc sau thay đổi dữ liệu, sự kiện phê duyệt model hoặc thời điểm theo lịch; workflow được gọi thực hiện processing, evaluation và quyết định release.","Tách producer khỏi workflow, lọc đúng sự kiện và tự động chạy theo freshness/retraining cadence; giảm thao tác kích hoạt tay.",S3 change / model approval / schedule → rule hoặc Scheduler → target qua execution role → workflow; cấu hình retry/error handling/monitoring.,"Nightly retraining, document-driven KB sync, approval-triggered deployment.",Tài liệu policy mới trên S3 → EventBridge → Lambda gọi StartIngestionJob.,"Scheduler và event-bus rule là các cách kích hoạt khác nhau; cấu hình đúng tính năng. Event chỉ báo thay đổi, không tự hoàn tất ingestion hay bảo đảm exactly-once tác động.",Event routing and scheduling,Domain 3,3.3,MLOps orchestration,Skill Builder,https://skillbuilder.aws/learn/TY6PBD6U4C/aws-ml-engineer-associate--automated-orchestration-and-cicd/XSJPCRXXQ6,15/09/2026
AWS CloudTrail — CI/CD configuration audit,API activity • who changed what • audit history,"AWS CloudTrail records supported AWS account activity and API events, including identity and request context useful for investigating changes to pipeline configuration and related resources. It helps establish who performed an action, when and against which resource. This audit evidence complements service execution logs and operational metrics rather than replacing them.","AWS CloudTrail ghi hoạt động tài khoản và API event AWS được hỗ trợ, gồm danh tính và ngữ cảnh request hữu ích để điều tra thay đổi cấu hình pipeline cùng tài nguyên liên quan. Nó giúp xác định ai thực hiện hành động, lúc nào và trên resource nào. Bằng chứng kiểm toán này bổ sung cho execution logs và metric vận hành, không thay thế chúng.","Truy nguyên thay đổi gây lỗi release, hỗ trợ accountability và audit dựa trên event đã được ghi/lưu phù hợp.",Xác định thời điểm lỗi → tìm API/config change liên quan → kiểm tra identity/request → đối chiếu pipeline history và logs.,"Pipeline từng chạy tốt nhưng hỏng sau khi role, source branch hoặc cấu hình được thay đổi.",Đối chiếu một lần UpdatePipeline với revision source configuration và caller.,"CloudTrail không phải build stdout/stderr và không đo model quality. Loại event, cấu hình thu thập và retention quyết định thông tin sẵn có.",API audit service,Domain 3,3.3,AWS developer tools,Skill Builder,https://skillbuilder.aws/learn/TY6PBD6U4C/aws-ml-engineer-associate--automated-orchestration-and-cicd/XSJPCRXXQ6,15/09/2026
Amazon Bedrock Prompt Management,central templates • variants • immutable versions • rollback,"Amazon Bedrock Prompt Management stores and manages prompt templates together with supported model and inference configuration. Teams can supply runtime variables, compare alternative variants and create numbered immutable versions for application use. Referencing a tested version makes prompt release and rollback deliberate, while external version control and evaluation pipelines preserve longer-term history and determine whether a candidate should be promoted.","Amazon Bedrock Prompt Management lưu và quản lý prompt template cùng model/inference configuration được hỗ trợ. Nhóm có thể cung cấp biến runtime, so sánh variants và tạo version đánh số bất biến để ứng dụng dùng. Tham chiếu version đã kiểm thử giúp release/rollback prompt có chủ đích; version control bên ngoài và evaluation pipeline giữ lịch sử dài hạn và quyết định candidate có được phát hành không.","Tập trung prompt và settings, giảm sửa tại chỗ không có lịch sử; thử variants và trở về cấu hình cũ bằng reference.",Draft/template → variants → golden suite/evaluation → create version → application reference → monitor/rollback.,Ứng dụng GenAI thay instructions thường xuyên và cần kiểm soát behavior.,"Candidate đạt kiểm thử thì tạo version mới; nếu production giảm chất lượng, trỏ về version trước.","Quota hiện đối chiếu 10 versions/prompt, không điều chỉnh; giữ lịch sử cần thiết trong Git. Dịch vụ không tự chạy mọi test hoặc canary-routing của ứng dụng.",Managed prompt lifecycle,Domain 3,3.3,GenAI CI/CD,Skill Builder,"https://skillbuilder.aws/learn/TY6PBD6U4C/aws-ml-engineer-associate--automated-orchestration-and-cicd/XSJPCRXXQ6
https://docs.aws.amazon.com/bedrock/latest/userguide/prompt-management.html
https://docs.aws.amazon.com/general/latest/gr/bedrock.html",15/09/2026
Amazon Bedrock Model Evaluation,automated metrics • LLM-as-a-judge • human review,"Amazon Bedrock model evaluation provides managed jobs for assessing model responses using supported programmatic metrics, judge-model evaluation or human review workflows. It helps compare candidates on selected datasets and criteria and produces results for analysis. A CI/CD pipeline can consume those results as release evidence, but the application team defines representative tests, acceptance thresholds and any required approval.","Amazon Bedrock model evaluation cung cấp job được quản lý để đánh giá response model bằng metric lập trình, judge model hoặc workflow human review được hỗ trợ. Nó giúp so candidate trên dataset và tiêu chí đã chọn, tạo kết quả để phân tích. Pipeline CI/CD có thể dùng kết quả làm bằng chứng phát hành; nhóm ứng dụng xác định test đại diện, ngưỡng chấp nhận và approval cần thiết.",Mở rộng kiểm định chất lượng trước release; so baseline/candidate có lưu kết quả và giảm đánh giá tay cho các tiêu chí phù hợp.,Chuẩn bị prompts/dataset và rubric → chạy job phù hợp → đọc report theo metric/case → pipeline pass hoặc block.,"Kiểm thử prompt mới, model version mới hoặc FM fine-tuned định kỳ.",Judge chấm helpfulness/coherence; code kiểm tra JSON và safety assertions; gate kết hợp cả hai.,Judge có bias/nondeterminism; kiểm định rubric và human calibration. Evaluation job hoàn tất không có nghĩa candidate pass; metric/dataset/model support cần kiểm tra.,Managed model evaluation,Domain 3,3.3,GenAI CI/CD,Skill Builder,"https://skillbuilder.aws/learn/TY6PBD6U4C/aws-ml-engineer-associate--automated-orchestration-and-cicd/XSJPCRXXQ6
https://docs.aws.amazon.com/bedrock/latest/userguide/evaluation.html",15/09/2026
Amazon Bedrock RAG Evaluation,retrieve-only • retrieve-and-generate • regression localization,"Amazon Bedrock RAG evaluation assesses supported retrieval systems by separating retrieval evidence from generated-answer quality. Jobs can evaluate retrieved context or retrieval combined with generation, using suitable datasets, reference information and supported evaluation criteria. Results help teams compare knowledge-base configurations and locate regressions before or after a refresh, migration or model change is promoted.","Amazon Bedrock RAG evaluation đánh giá hệ thống retrieval được hỗ trợ bằng cách tách bằng chứng truy xuất khỏi chất lượng câu trả lời sinh. Job có thể đánh giá context hoặc retrieval kết hợp generation, dùng dataset, thông tin tham chiếu và tiêu chí phù hợp. Kết quả giúp so cấu hình KB, định vị regression trước hoặc sau refresh, migration hay thay model.",Phân biệt lỗi retrieval và generation; hỗ trợ so KB/embedding/chunking và xác nhận nội dung sau refresh.,Golden queries → retrieve-only hoặc retrieve-and-generate job → context/answer metrics → so baseline → quyết định promotion hoặc alert.,"Đổi embedding model, refresh policy documents hoặc giảm chất lượng answer sau cập nhật.",Context relevance tốt nhưng faithfulness thấp hướng điều tra sang generation/prompt thay vì chỉ re-index.,Coverage cần ground truth thích hợp. Evaluation không tự khôi phục index cũ; muốn chặn trước exposure cần staging/parallel target. Không đánh đồng citation presence với citation correctness.,Managed RAG evaluation,Domain 3,3.3,GenAI CI/CD,Skill Builder,"https://skillbuilder.aws/learn/TY6PBD6U4C/aws-ml-engineer-associate--automated-orchestration-and-cicd/XSJPCRXXQ6
https://docs.aws.amazon.com/bedrock/latest/userguide/evaluation-kb.html
https://docs.aws.amazon.com/bedrock/latest/userguide/knowledge-base-eval-retrieve.html",15/09/2026
SageMaker deployment guardrails,blue/green or rolling • baking • CloudWatch auto-rollback,"SageMaker deployment guardrails control supported endpoint updates through blue/green or rolling deployments with configurable traffic transitions and monitoring periods. They use specified CloudWatch alarms to initiate rollback when a deployment breaches observed conditions. This manages endpoint rollout risk and capacity tradeoffs, while model-quality thresholds, alarm selection and compatibility checks remain responsibilities of the deployment workflow.","Deployment guardrails của SageMaker kiểm soát cập nhật endpoint được hỗ trợ qua blue/green hoặc rolling, với chuyển traffic và thời gian theo dõi cấu hình được. Chúng dùng CloudWatch alarms được chỉ định để kích hoạt rollback khi deployment vi phạm điều kiện quan sát. Khả năng này quản lý rủi ro rollout và capacity; workflow vẫn chịu trách nhiệm chọn ngưỡng model quality, alarm và kiểm tra tương thích.","Giảm blast radius khi update, tự rollback theo alarm; rolling giảm capacity tạm so với fleet kép; blue/green giữ fallback trong transition.",Tạo endpoint config mới + alarms → UpdateEndpoint với DeploymentConfig → shift/bake → hoàn tất và cleanup hoặc rollback.,Phát hành model mới sau endpoint đang phục vụ.,Canary 10% → bake → 100%; nếu cần nhiều bước tăng đều chọn linear; fleet lớn thiếu capacity cân nhắc rolling.,"Kiểm tra endpoint exclusions. Native canary hai bước; ví dụ 5→25→100 của video cần orchestration phù hợp khác. Thời gian rollback phụ thuộc cấu hình/trạng thái, không bảo đảm dưới 60 giây.",Managed endpoint rollout capability,Domain 3,3.3,Triển khai an toàn,Skill Builder,"https://skillbuilder.aws/learn/TY6PBD6U4C/aws-ml-engineer-associate--automated-orchestration-and-cicd/XSJPCRXXQ6
https://docs.aws.amazon.com/sagemaker/latest/dg/deployment-guardrails.html",15/09/2026