MLA-C01 • DOMAIN 3,THUẬT NGỮ & KEYWORD,"Manage Deployment Infrastructure
Provision and Configure Resources
Automated Orchestration and CI/CD",,,,,,,,,,,,,
147 mục • 16 cột,Định nghĩa EN/VI + chi tiết,Task 3.1 • 3.2 • 3.3,,,,,,,,,,,,,
Keyword cần nhớ: cột B,Lợi ích / Ví dụ / Điều kiện,Phạm vi: 3 module Domain 3,,,,,,,,,,,,,
Đối chiếu: 15/09/2026,Nguồn: O • Có ghi phạm vi,Ghi chú đối chiếu AWS nằm trong nội dung.,,,,,,,,,,,,,
Key / Thuật ngữ,Keyword cần nhớ,Nghĩa tiếng Việt,Definition (EN),Định nghĩa (VI),Cơ chế / Giải thích chi tiết,Ví dụ / Công thức,Vai trò / Khi áp dụng,Điểm dễ nhầm / Điều kiện,Dịch vụ liên quan,Domain,Task,Nhóm chủ đề,Phạm vi nguồn,Nguồn tham khảo,Ngày đối chiếu
Model deployment,operationalize • serving environment,Triển khai mô hình,Deployment makes a trained model usable by applications through a configured serving environment.,"Đưa mô hình đã huấn luyện và kiểm định vào môi trường phục vụ ứng dụng, kèm tài nguyên và cấu hình vận hành.","Ngoài trọng số, cần mã suy luận, thư viện, compute, cơ chế nhận/trả dữ liệu, quyền truy cập, giám sát và cách cập nhật phiên bản. Mục tiêu là đáp ứng yêu cầu nghiệp vụ về độ trễ, tải, chi phí và độ tin cậy.",Mô hình gợi ý sản phẩm được đóng gói và phục vụ qua endpoint để website lấy gợi ý lúc người dùng xem hàng.,Khi chuyển từ thử nghiệm mô hình sang sử dụng thực tế; bắt đầu bằng yêu cầu của ứng dụng.,Lưu model.tar.gz lên S3 hoặc đăng ký model chưa có nghĩa là đã có endpoint hoạt động.,SageMaker AI; Amazon Bedrock; EKS; ECS; Lambda,Domain 3,3.1,Nền tảng triển khai,Skill Builder,https://skillbuilder.aws/learn/6S4CUVPT9A/aws-ml-engineer-associate--manage-deployment-infrastructure/ZB46SU1CHZ,15/09/2026
Model framework vs inference infrastructure,build the model • serve predictions,Hai lớp của hệ thống triển khai,The model framework produces and validates model artifacts; inference infrastructure executes them for consumers.,Lớp xây dựng tạo mô hình; lớp hạ tầng suy luận chạy mô hình để phục vụ dữ liệu mới.,"Lớp đầu bao gồm xử lý dữ liệu, feature engineering, train, evaluate và optimize. Lớp sau giải quyết hosting, routing, capacity, latency, throughput, scaling và môi trường cloud/on-premises/edge.",Một pipeline train tạo artifact trên S3; endpoint GPU đọc artifact và đáp ứng request là lớp suy luận.,Tách trách nhiệm và chọn công cụ phù hợp ở từng giai đoạn.,Một training job không tự trở thành dịch vụ suy luận; có thể dùng cùng framework nhưng tài nguyên và vòng đời khác nhau.,SageMaker Training; SageMaker Hosting,Domain 3,3.1,Nền tảng triển khai,Skill Builder,https://skillbuilder.aws/learn/6S4CUVPT9A/aws-ml-engineer-associate--manage-deployment-infrastructure/ZB46SU1CHZ,15/09/2026
Deployment framework — eight components,version • CI/CD • build • deploy • monitor • secure • registry • test,Tám thành phần của khung triển khai,A deployment framework combines repeatable engineering controls around model delivery.,Khung triển khai tổ chức các thành phần giúp đưa mô hình ra môi trường sử dụng một cách lặp lại và có kiểm soát.,"1) Version control. 2) CI/CD. 3) Model building. 4) Deployment. 5) Monitoring. 6) Workflow security. 7) Model registry. 8) Testing. Các thành phần liên kết bằng artifact, metadata và điều kiện chất lượng; không phải tám API bắt buộc chạy nối tiếp.",Git lưu mã → CodeBuild kiểm tra/đóng gói → pipeline train và đánh giá → Registry → deploy → CloudWatch theo dõi; IAM xuyên suốt.,"Thiết kế MLOps có khả năng tái hiện, truy vết và tự động hóa.","Chỉ có CI/CD cho mã ứng dụng chưa đủ: còn dữ liệu, phiên bản model, kiểm định và vận hành sau triển khai.",Git; CodePipeline; CodeBuild; SageMaker; IAM; CloudWatch,Domain 3,3.3,Khung MLOps,Skill Builder,https://skillbuilder.aws/learn/6S4CUVPT9A/aws-ml-engineer-associate--manage-deployment-infrastructure/ZB46SU1CHZ,15/09/2026
Model artifact vs image vs registry,weights in S3 • runtime in ECR • metadata in registry,Phân biệt ba loại tài sản triển khai,"A model artifact contains learned assets, a container image supplies the runtime, and a registry tracks model versions and their references.",Artifact chứa trọng số/tài sản đã học; image chứa môi trường chạy; registry quản lý phiên bản và tham chiếu.,"Trong luồng SageMaker thông dụng, S3 chứa artifact, ECR chứa image Docker, Model Registry lưu model package cùng vị trí artifact/image và metadata đánh giá, phê duyệt. Endpoint kết hợp các thành phần để phục vụ.",Đổi trọng số có thể tạo model version mới mà tái sử dụng image; đổi dependency có thể cần image mới dù trọng số giữ nguyên.,"Câu hỏi chọn nơi lưu trữ, đăng ký và triển khai model.",Registry không phải nơi chạy inference và không thay S3 làm kho nhị phân; ECR không phải cơ sở dữ liệu theo dõi chất lượng model.,S3; ECR; SageMaker Model Registry,Domain 3,3.3,Artifact và phiên bản,Skill Builder,https://skillbuilder.aws/learn/6S4CUVPT9A/aws-ml-engineer-associate--manage-deployment-infrastructure/ZB46SU1CHZ,15/09/2026
Model-building pipeline vs deployment pipeline,build & validate • promote & host,Pipeline xây dựng và pipeline triển khai,A building pipeline produces validated model versions; a deployment pipeline promotes selected versions into serving environments.,Pipeline xây dựng tạo phiên bản đạt điều kiện; pipeline triển khai đưa phiên bản được chọn vào hạ tầng phục vụ.,Building: preprocess → train → evaluate → conditional register. Deployment: lấy model version phù hợp → cấu hình môi trường → deploy → kiểm tra và giám sát. Phân tách giúp cập nhật hạ tầng mà không luôn phải train lại.,Một model đã được phê duyệt có thể được triển khai lần lượt sang staging rồi production.,Thiết kế workflow có vòng đời model tách khỏi vòng đời hosting.,Không buộc mọi thay đổi endpoint đều chạy lại training; đăng ký thành công cũng không tự đồng nghĩa được phê duyệt để phục vụ.,SageMaker Pipelines; Model Registry; CodePipeline,Domain 3,3.3,Khung MLOps,Skill Builder,https://skillbuilder.aws/learn/6S4CUVPT9A/aws-ml-engineer-associate--manage-deployment-infrastructure/ZB46SU1CHZ,15/09/2026
Workflow orchestration,dependencies • sequence • branching,Điều phối workflow,"Orchestration coordinates dependent tasks, their execution order, and control flow.","Điều phối xác định công việc nào chạy, khi nào chạy và cách xử lý các nhánh trong một workflow.","Orchestrator gọi các dịch vụ thực hiện bước xử lý; nó không nhất thiết tự chạy thuật toán ML. Chọn theo hệ sinh thái: workflow ML tích hợp SageMaker, quy trình nhiều dịch vụ AWS, hay DAG Airflow sẵn có.",Chỉ đăng ký model sau khi Training hoàn tất và evaluation vượt ngưỡng.,Tự động hóa các job có phụ thuộc hoặc điều kiện chuyển bước.,CodeBuild thực thi build/test; ECR lưu image; các vai trò này khác orchestration cả quy trình.,SageMaker Pipelines; Step Functions; MWAA,Domain 3,3.3,Orchestration,Skill Builder,https://skillbuilder.aws/learn/6S4CUVPT9A/aws-ml-engineer-associate--manage-deployment-infrastructure/ZB46SU1CHZ,15/09/2026
DAG vs state machine,acyclic dependencies • states and transitions,DAG và máy trạng thái,A DAG encodes acyclic task dependencies; a state machine encodes states and transitions and can support loops.,"DAG là đồ thị phụ thuộc không có chu trình; state machine mô tả trạng thái và chuyển trạng thái, có thể có vòng lặp.","SageMaker Pipelines và Airflow biểu diễn workflow dạng DAG. Step Functions hỗ trợ nhánh điều kiện, xử lý song song và chuyển trạng thái lặp; không nên gọi mọi workflow Step Functions là DAG.",DAG: processing → training → evaluate. State machine: kiểm tra trạng thái → chờ → kiểm tra lại cho đến khi hoàn tất.,Chọn mô hình điều khiển luồng phù hợp độ phức tạp của workflow.,DAG không có nghĩa mọi bước nối tiếp; các nhánh độc lập có thể song song. State machine không đồng nghĩa chỉ là pipeline ML.,SageMaker Pipelines; Airflow; Step Functions,Domain 3,3.3,Orchestration,Skill Builder,https://skillbuilder.aws/learn/6S4CUVPT9A/aws-ml-engineer-associate--manage-deployment-infrastructure/ZB46SU1CHZ,15/09/2026
SageMaker pipeline step types,Processing • Training • Condition • Model • Transform • Fail,Các bước trong SageMaker Pipelines,"Pipeline steps wrap ML jobs, model operations, and control-flow decisions.","Các loại step đại diện cho job ML, thao tác model và điều kiện điều khiển workflow.",Processing xử lý/evaluate; Training huấn luyện; Condition kiểm tra biểu thức để chọn nhánh; thao tác Model tạo model hoặc đăng ký model package theo API/SDK; Transform chạy batch inference; Fail kết thúc workflow với trạng thái thất bại.,"Training → Processing đánh giá → Condition: đạt thì Register, không đạt thì Fail.",Câu hỏi ghép nhiệm vụ với đúng step.,"Transform là batch inference, không phải cách mặc định để train hay feature engineering. Tạo model resource chưa tạo endpoint.",SageMaker Pipelines,Domain 3,3.3,Orchestration,Skill Builder,"https://skillbuilder.aws/learn/6S4CUVPT9A/aws-ml-engineer-associate--manage-deployment-infrastructure/ZB46SU1CHZ
https://docs.aws.amazon.com/sagemaker/latest/dg/pipelines.html",15/09/2026
Quality gate in deployment,evaluate before promotion • condition,Cổng kiểm định trước khi triển khai,A quality gate permits promotion only when explicitly defined acceptance conditions pass.,Điều kiện chặn model không đạt yêu cầu trước khi đưa sang bước đăng ký hoặc triển khai.,"Dùng kết quả đánh giá, kiểm thử tích hợp, độ bền và yêu cầu fairness phù hợp để quyết định đi tiếp. Metric, threshold và tập kiểm định phải được thiết kế; dịch vụ không tự biết chuẩn nghiệp vụ.",Chỉ đăng ký candidate nếu metric đạt ngưỡng đã định và dữ liệu kiểm định hợp lệ; kiểm thử endpoint trước khi cho nhận traffic thực tế.,Ngăn bản phát hành kém chất lượng tự động đi vào production.,"Một training job Completed chỉ cho biết job chạy xong, không chứng minh model tốt hay công bằng.",SageMaker Pipelines; Model Registry; CodeBuild; Lambda,Domain 3,3.3,Kiểm thử và phát hành,Skill Builder,https://skillbuilder.aws/learn/6S4CUVPT9A/aws-ml-engineer-associate--manage-deployment-infrastructure/ZB46SU1CHZ,15/09/2026
Inference latency,response time • p95/p99,Độ trễ suy luận,Inference latency is the time required to produce a prediction in response to a request.,"Thời gian từ lúc gửi yêu cầu đến lúc nhận được dự đoán, tùy ranh giới đo.","Phân biệt độ trễ phía model, overhead của dịch vụ và end-to-end từ phía khách hàng. Đo dưới tải đại diện; percentile cao giúp thấy request chậm mà số trung bình che khuất. Cân nhắc cold start, queue, network và tiền/hậu xử lý.","Website yêu cầu gợi ý dưới 200 ms cần kiểm tra độ trễ khi traffic tăng, không chỉ gọi thử một request.","Ứng dụng tương tác, dự đoán tại thời điểm giao dịch.",Throughput cao không đảm bảo latency thấp; trung bình tốt không đảm bảo mọi request đạt SLA.,CloudWatch; SageMaker endpoints,Domain 3,3.1,Hiệu năng,Skill Builder,https://skillbuilder.aws/learn/6S4CUVPT9A/aws-ml-engineer-associate--manage-deployment-infrastructure/ZB46SU1CHZ,15/09/2026
Inference throughput,requests per second • capacity,Thông lượng suy luận,Throughput measures how much inference work a system completes per unit of time.,Lượng công việc suy luận hoàn tất trong một đơn vị thời gian.,"Thường dùng request/giây; với FM còn xét token/giây hoặc token/phút. Phụ thuộc kích thước đầu vào/đầu ra, batching, concurrency, model và phần cứng. So sánh khi giữ các điều kiện tải tương đương.",5.000 request/giây với prompt ngắn khác 5.000 request/giây với prompt dài và đầu ra lớn.,Ước tính capacity và so sánh phương án hosting.,"Số request đang xử lý đồng thời là concurrency, không phải throughput. Không suy ra throughput chỉ từ số instance.",SageMaker; Bedrock; CloudWatch,Domain 3,3.1,Hiệu năng,Skill Builder,https://skillbuilder.aws/learn/6S4CUVPT9A/aws-ml-engineer-associate--manage-deployment-infrastructure/ZB46SU1CHZ,15/09/2026
ModelLatency vs OverheadLatency,container processing • service overhead,Hai metric độ trễ của endpoint,ModelLatency measures model-container response time; OverheadLatency measures latency introduced outside that processing within the serving service.,ModelLatency phản ánh xử lý trong container; OverheadLatency giúp nhận diện chi phí thời gian ngoài phần xử lý đó.,"Dùng hai metric để định hướng tối ưu model/container hay hạ tầng phục vụ. Với Serverless, OverheadLatency còn hữu ích khi phân tích khởi tạo compute/cold start. End-to-end phía client còn có thành phần ngoài hai metric.",ModelLatency cao: xem model/tiền xử lý/hardware. Overhead cao sau thời gian idle: xem cold start và khả năng warm capacity.,Điều tra vì sao endpoint không đạt latency mục tiêu.,Không khẳng định mọi OverheadLatency đều là mạng hoặc đều là cold start; phải xét loại endpoint và dấu vết thực tế.,Amazon CloudWatch; SageMaker endpoints,Domain 3,3.2,Giám sát hạ tầng,Skill Builder,https://skillbuilder.aws/learn/6S4CUVPT9A/aws-ml-engineer-associate--manage-deployment-infrastructure/ZB46SU1CHZ,15/09/2026
Availability,uptime • redundancy • multiple AZs,Tính sẵn sàng,Availability is the ability of a service to remain accessible when users need it.,Khả năng dịch vụ luôn có thể được truy cập và sử dụng theo yêu cầu.,"Tăng bằng nhiều instance, phân bố Availability Zone, health checking và cơ chế phân phối request. Bài học khuyến nghị production có ít nhất hai instance; cấu hình VPC cần subnet ở nhiều AZ theo hướng dẫn.",Endpoint dùng nhiều instance giúp tiếp tục phục vụ khi một instance gặp sự cố.,Ứng dụng không chấp nhận một điểm lỗi đơn.,Autoscaling không thay thế capacity tối thiểu phục vụ HA; một model chính xác cao vẫn có thể không sẵn sàng.,SageMaker; EKS; ECS,Domain 3,3.1,Độ tin cậy,Skill Builder,"https://skillbuilder.aws/learn/6S4CUVPT9A/aws-ml-engineer-associate--manage-deployment-infrastructure/ZB46SU1CHZ
https://docs.aws.amazon.com/sagemaker/latest/dg/deployment-best-practices.html",15/09/2026
Scalability,grow with demand • scale out,Khả năng mở rộng,Scalability is the ability to handle increased work by adjusting system resources or architecture.,Khả năng đáp ứng tải thay đổi bằng cách tăng giảm tài nguyên hoặc phân chia công việc.,"Scale out tăng số bản sao/instance; scale up tăng năng lực mỗi instance. Kiến trúc modular, phân tán và queue bất đồng bộ giúp giảm liên kết chặt giữa nhận việc và xử lý.",Tăng replica inference khi tải lên; dùng queue để hấp thụ request dài không yêu cầu trả ngay.,Ứng dụng có lượng người dùng hoặc dữ liệu tăng.,Scale out không làm model quá lớn tự vừa vào một GPU; trường hợp đó cần đủ bộ nhớ hoặc sharding.,Application Auto Scaling; SageMaker; ECS; EKS,Domain 3,3.1,Độ tin cậy,Skill Builder,https://skillbuilder.aws/learn/6S4CUVPT9A/aws-ml-engineer-associate--manage-deployment-infrastructure/ZB46SU1CHZ,15/09/2026
Resiliency vs fault tolerance,recover from disruption • continue through failure,Khả năng phục hồi và chịu lỗi,Resiliency concerns withstanding and recovering from disruption; fault tolerance focuses on continued service despite component failures.,Resiliency nhấn mạnh chịu tác động và phục hồi; fault tolerance nhấn mạnh tiếp tục hoạt động khi thành phần hỏng.,"Hai khái niệm có phần giao nhau. Resiliency gồm backup, phục hồi và suy giảm có kiểm soát; fault tolerance thường dựa vào redundancy, phát hiện lỗi, thay thế và failover để giảm gián đoạn.",Container lỗi được khởi động lại; replica khác tiếp tục nhận request. Khôi phục artifact từ phiên bản an toàn hỗ trợ phục hồi.,Thiết kế hạ tầng ít gián đoạn và có đường phục hồi rõ ràng.,Backup đơn thuần không đảm bảo phục vụ liên tục; nhiều replica không tự giải quyết mọi lỗi logic chung của model.,SageMaker; ECS; EKS; CloudWatch,Domain 3,3.1,Độ tin cậy,Skill Builder,https://skillbuilder.aws/learn/6S4CUVPT9A/aws-ml-engineer-associate--manage-deployment-infrastructure/ZB46SU1CHZ,15/09/2026
Automatic scaling policy,min/max capacity • target metric • cooldown,Chính sách tự động mở rộng,An autoscaling policy adjusts serving capacity in response to a configured signal within defined bounds.,Chính sách tăng giảm tài nguyên theo tín hiệu và giới hạn đã cấu hình.,"Chọn metric đại diện tải, đặt capacity tối thiểu/tối đa, mục tiêu và cooldown; xác thực bằng load test. Chuẩn bị capacity trước sự kiện đã biết vì cấp tài nguyên mới và tải model cần thời gian.","Walkthrough dùng real-time min 2/max 20; đây là cấu hình ví dụ, chưa chứng minh đạt 5.000 RPS hoặc dưới 200 ms.",Duy trì hiệu năng khi tải biến động và thu nhỏ khi vắng tải.,"Không coi autoscaling là tức thời; max thấp có thể chặn scale out, min quá thấp làm tăng rủi ro latency/availability.",Application Auto Scaling; SageMaker; CloudWatch,Domain 3,3.2,Capacity và scaling,Skill Builder,https://skillbuilder.aws/learn/6S4CUVPT9A/aws-ml-engineer-associate--manage-deployment-infrastructure/ZB46SU1CHZ,15/09/2026
Real-time inference,"persistent endpoint • low, consistent latency",Suy luận thời gian thực,Real-time inference serves online requests through a persistent managed endpoint backed by provisioned instances.,"Phục vụ request trực tuyến qua endpoint luôn có tài nguyên chạy, phù hợp độ trễ thấp và ổn định.","Chọn loại/số instance và chính sách scale. Tài nguyên warm tránh khởi tạo từ zero cho mỗi đợt tải; vẫn cần đủ capacity, model tối ưu và kiểm thử. Trả dự đoán trong luồng request/response.",Gợi ý sản phẩm trong trang mua hàng hoặc chấm điểm giao dịch ngay khi phát sinh.,"Traffic liên tục, latency chặt, throughput cao; cả traffic biến động nếu latency không chịu được cold start.","Phải trả chi phí instance khi idle. Giới hạn payload có khác biệt giữa tài liệu tổng quan và API: xem mục riêng về giới hạn, không học một số cho mọi API.",SageMaker Real-time Inference,Domain 3,3.1,Kiểu suy luận,Skill Builder,https://skillbuilder.aws/learn/6S4CUVPT9A/aws-ml-engineer-associate--manage-deployment-infrastructure/ZB46SU1CHZ,15/09/2026
Serverless inference,intermittent traffic • scale to zero,Suy luận serverless,Serverless inference provisions serving compute on demand and scales it according to traffic.,Dịch vụ tự cấp và mở rộng compute suy luận theo request; người dùng cấu hình bộ nhớ và mức đồng thời.,"Không chọn instance type như real-time. Phù hợp tải ngắt quãng, có thời gian idle và chấp nhận cold start. Có lựa chọn Provisioned Concurrency để giữ một phần capacity warm, kèm chi phí.","Model nhỏ được gọi vài lần mỗi giờ, không yêu cầu thời gian phản hồi nhất quán ngay sau idle.",Giảm vận hành và tránh giữ fleet luôn chạy cho tải thưa.,"Không phải mọi model đều phù hợp: 4 MB/60 giây; tài liệu hiện tại loại trừ GPU, VPC configuration và một số tính năng hosting. Đọc cột dịch vụ trước khi chọn.",SageMaker Serverless Inference,Domain 3,3.1,Kiểu suy luận,Skill Builder,"https://skillbuilder.aws/learn/6S4CUVPT9A/aws-ml-engineer-associate--manage-deployment-infrastructure/ZB46SU1CHZ
https://docs.aws.amazon.com/sagemaker/latest/dg/serverless-endpoints.html",15/09/2026
Cold start vs provisioned concurrency,initialize on demand • keep capacity warm,Khởi động lạnh và mức đồng thời dự phòng,A cold start initializes serving resources on demand; provisioned concurrency keeps a configured number ready.,Cold start phát sinh khi phải khởi tạo tài nguyên/tải model; provisioned concurrency giữ sẵn capacity phục vụ.,"Thời gian lạnh phụ thuộc image, tải artifact và khởi tạo model. Provisioned Concurrency giúp giảm cold start trong mức đã giữ sẵn; request vượt capacity warm có thể vẫn cần mở rộng.",Dự báo giờ cao điểm: giữ đủ concurrency warm theo lịch rồi giảm sau cao điểm.,Serverless cần phản hồi ổn định hơn trong những đợt tải dự kiến.,"Provisioned Concurrency không biến endpoint thành GPU, không bỏ giới hạn payload, và không miễn chi phí khi đang giữ warm.",SageMaker Serverless; Application Auto Scaling,Domain 3,3.2,Capacity và scaling,Skill Builder,https://skillbuilder.aws/learn/6S4CUVPT9A/aws-ml-engineer-associate--manage-deployment-infrastructure/ZB46SU1CHZ,15/09/2026
Asynchronous inference,queue requests • S3 input/output • long running,Suy luận bất đồng bộ,Asynchronous inference queues individual requests and delivers predictions later through object storage.,Xếp hàng từng request và xử lý sau; đầu vào và kết quả dùng S3 thay vì giữ kết nối chờ kết quả cuối.,"Client gửi vị trí S3 input; dịch vụ trả thông tin theo dõi/vị trí output, xử lý queue và ghi kết quả. Hỗ trợ payload đến 1 GB, thời gian xử lý đến 1 giờ theo bài học; có thể scale về zero khi cấu hình phù hợp.",Phân tích một file lớn cần vài phút; ứng dụng thông báo khi kết quả sẵn sàng.,"Payload lớn, xử lý dài, chịu được chờ và cần xử lý từng yêu cầu.",Async vẫn là endpoint có queue; batch transform là job trên dataset. Scale-to-zero cần policy và khả năng scale lên khi backlog xuất hiện.,SageMaker Asynchronous Inference; S3,Domain 3,3.1,Kiểu suy luận,Skill Builder,https://skillbuilder.aws/learn/6S4CUVPT9A/aws-ml-engineer-associate--manage-deployment-infrastructure/ZB46SU1CHZ,15/09/2026
Batch transform,offline dataset • no persistent endpoint,Suy luận theo lô bằng job,Batch transform runs an inference job over a dataset without maintaining a persistent serving endpoint.,"Chạy job suy luận trên tập dữ liệu có sẵn, cấp tài nguyên cho job rồi kết thúc khi hoàn tất.","Dữ liệu đầu vào và kết quả thường nằm trên S3; chọn model resource, compute và cấu hình xử lý lô. Muốn chạy hàng đêm cần lịch/orchestrator bên ngoài job.",Chấm điểm toàn bộ khách hàng mỗi đêm và lưu file dự đoán để hệ thống marketing đọc hôm sau.,"Lượng dữ liệu lớn sẵn trước, không cần trả lời trực tiếp cho từng người dùng.","Không cần CreateEndpoint. Từ 'batch' ở đây là cách phục vụ, khác minibatch trong training hay batching bên trong server inference.",SageMaker Batch Transform; S3; Pipelines,Domain 3,3.1,Kiểu suy luận,Skill Builder,https://skillbuilder.aws/learn/6S4CUVPT9A/aws-ml-engineer-associate--manage-deployment-infrastructure/ZB46SU1CHZ,15/09/2026
Inference limits — source differences,payload limit • API-specific • response timeout,Giới hạn phải đọc theo đúng nguồn và API,"Inference limits depend on the serving option and invocation API, and documentation pages can differ.",Giới hạn payload và timeout phụ thuộc loại inference/API; các trang AWS hiện có điểm chưa thống nhất.,"Bài học nêu real-time 6 MB/60 giây. API InvokeEndpoint đang ghi Body tối đa 6.291.456 byte và xử lý 60 giây; trang Inference options nêu real-time đến 25 MB, phản hồi thường 60 giây, streaming 8 phút. Ghi cả hai để không biến khác biệt nguồn thành khẳng định tuyệt đối.",Đề ghi rõ giới hạn hoặc API thì bám dữ kiện đó; triển khai thực tế cần xác nhận bằng API/SDK và kiểm thử ở môi trường đích.,"Câu hỏi so sánh real-time, serverless, async và batch có số liệu.",Không áp 25 MB mặc định cho mọi InvokeEndpoint; không dùng giới hạn phản hồi streaming để suy ra API thường được chạy 8 phút.,SageMaker Runtime,Domain 3,3.1,Giới hạn và cập nhật,Bổ sung Domain 3,"https://skillbuilder.aws/learn/6S4CUVPT9A/aws-ml-engineer-associate--manage-deployment-infrastructure/ZB46SU1CHZ
https://docs.aws.amazon.com/sagemaker/latest/dg/deploy-model-options.html
https://docs.aws.amazon.com/sagemaker/latest/APIReference/API_runtime_InvokeEndpoint.html
https://skillbuilder.aws/learn/HPMTZNTTZJ/aws-ml-engineer-associate--provision-and-configure-resources/R4K3BYBH3B",15/09/2026
Multi-model endpoint (MME),many models • shared container • dynamic loading,Endpoint nhiều mô hình,A multi-model endpoint serves multiple models through a shared serving container and fleet.,Nhiều model dùng chung serving container và nhóm tài nguyên để cải thiện sử dụng và chi phí.,"Model được tải khi cần, giữ cache khi có thể và có thể bị gỡ khỏi bộ nhớ khi thiếu chỗ. Client chỉ định model đích. Hiệu quả khi có nhiều model nhưng không phải tất cả đều hot đồng thời.","Mỗi khách hàng một model dự báo nhỏ, tổng số model lớn nhưng mỗi model ít request.",Hợp nhất tài nguyên hosting của nhiều model tương thích với serving stack.,"Request đầu đến model chưa load có latency cao hơn. Bài học nói cùng framework; thực tế điều kiện phụ thuộc backend/container, tránh áp thành luật mọi triển khai. Không tự chạy ensemble.",SageMaker MME; S3,Domain 3,3.1,Mẫu hosting,Skill Builder,https://skillbuilder.aws/learn/6S4CUVPT9A/aws-ml-engineer-associate--manage-deployment-infrastructure/ZB46SU1CHZ,15/09/2026
Multi-container endpoint,multiple runtimes • serial or direct,Endpoint nhiều container,A multi-container endpoint hosts multiple inference containers within one endpoint.,"Một endpoint chứa nhiều container, cho phép tách logic hoặc framework phục vụ.","Có thể nối tiếp container cho luồng tiền xử lý → dự đoán → hậu xử lý, hoặc gọi trực tiếp container được chỉ định. Bài học nêu tối đa 15 container; phải kiểm tra tương thích kiểu inference và tài nguyên dùng chung.","Container A chuẩn hóa dữ liệu, B chạy model khác framework, C chuyển output sang định dạng ứng dụng.",Cần nhiều bước serving hoặc nhiều runtime trong một endpoint.,Multi-model là nhiều model trong serving stack dùng chung; multi-container là nhiều container. Nhiều container không tự nghĩa là mỗi container có instance riêng.,SageMaker multi-container endpoints,Domain 3,3.1,Mẫu hosting,Skill Builder,https://skillbuilder.aws/learn/6S4CUVPT9A/aws-ml-engineer-associate--manage-deployment-infrastructure/ZB46SU1CHZ,15/09/2026
Serial inference pipeline vs direct invocation,ordered containers • target container,Suy luận nối tiếp và gọi container trực tiếp,Serial invocation chains container outputs; direct invocation targets one named container.,Serial chuyển output của container trước thành input container sau; direct chỉ gọi container đích.,Với serial cần thống nhất hợp đồng input/output và thứ tự container. Với direct ứng dụng chọn TargetContainerHostname; các container không tự nối thành chuỗi. Dùng đúng mode tại cấu hình model.,Serial: preprocess → classifier → postprocess. Direct: chọn riêng một dịch vụ model trong endpoint chung.,Câu hỏi phân biệt xử lý nhiều bước với hợp nhất dịch vụ độc lập.,Một danh sách container không đủ xác định thứ tự xử lý nếu mode là Direct; serial pipeline không phải pipeline train của SageMaker Pipelines.,SageMaker endpoints,Domain 3,3.1,Mẫu hosting,Skill Builder,"https://skillbuilder.aws/learn/6S4CUVPT9A/aws-ml-engineer-associate--manage-deployment-infrastructure/ZB46SU1CHZ
https://docs.aws.amazon.com/sagemaker/latest/APIReference/API_runtime_InvokeEndpoint.html",15/09/2026
Managed image vs custom script vs BYOC,reuse runtime • extend logic • own container,Ba mức tùy biến môi trường inference,"A managed image supplies a supported runtime, a custom script adapts model logic, and BYOC provides a fully custom image.","Dùng image có sẵn, bổ sung script hoặc tự xây container tương ứng với mức tùy biến tăng dần.",Ưu tiên image hỗ trợ đúng framework/version nếu đủ nhu cầu; thêm script khi cần tiền/hậu xử lý hoặc loading tùy chỉnh; BYOC khi runtime/dependency không được đáp ứng. BYOC phải tuân thủ hợp đồng serving của SageMaker và do nhóm duy trì.,"Model PyTorch dùng framework container và inference script; framework riêng cần Dockerfile, dependency và server tùy chỉnh.",Chọn cách đóng gói model để giảm công việc nhưng vẫn đáp ứng yêu cầu.,"Không phải training image nào cũng dùng ngay cho inference; kiểm tra inference entrypoint, phiên bản, health check và phần cứng.",SageMaker; ECR; Docker,Domain 3,3.1,Container,Skill Builder,https://skillbuilder.aws/learn/6S4CUVPT9A/aws-ml-engineer-associate--manage-deployment-infrastructure/ZB46SU1CHZ,15/09/2026
CPU vs GPU for inference,traditional models • parallel computation • utilization,Chọn CPU hoặc GPU,"CPU and GPU choices balance model computation patterns, latency, throughput, memory and cost.","Chọn phần cứng theo dạng tính toán, bộ nhớ, latency, throughput và chi phí của model.","CPU thường hợp model truyền thống/nhỏ và tải thấp; GPU có lợi cho deep learning nhiều phép toán song song khi sử dụng hiệu quả. Đo chi phí trên lượng dự đoán đạt chất lượng/SLA, không chỉ giá giờ.",Một cây quyết định nhỏ có thể hiệu quả trên CPU; model thị giác lớn xử lý nhiều ảnh có thể tận dụng GPU.,Right-sizing hạ tầng suy luận.,"GPU không tự động nhanh/rẻ hơn trong mọi workload; model nhỏ, overhead truyền dữ liệu hoặc GPU idle có thể làm lựa chọn kém hiệu quả.",SageMaker; EC2; EKS; ECS,Domain 3,3.1,Compute,Skill Builder,https://skillbuilder.aws/learn/6S4CUVPT9A/aws-ml-engineer-associate--manage-deployment-infrastructure/ZB46SU1CHZ,15/09/2026
Instance family cues — t / m / r / c,burstable • balanced • memory • compute,Gợi nhớ họ instance CPU,Instance-family prefixes indicate broad resource emphasis rather than guaranteed suitability.,"Tiền tố họ instance gợi ý mục tiêu thiết kế tài nguyên, cần kết hợp kích thước và benchmark.","t: burstable, bài học gắn với notebook/tác vụ ngắn; m: cân bằng; r: ưu tiên bộ nhớ; c: ưu tiên tính toán CPU. Phải kiểm tra instance có được hỗ trợ cho loại job/endpoint và Region cụ thể.",Model cần giữ bảng/vector lớn trong RAM nên xét r; xử lý CPU nặng với nhu cầu RAM vừa phải xét c.,Nhận diện nhanh family phù hợp nút thắt tài nguyên.,Danh sách EC2 không đồng nghĩa tất cả đều là lựa chọn hợp lệ của mọi endpoint SageMaker; t không mặc định phù hợp tải CPU cao liên tục.,EC2; SageMaker,Domain 3,3.1,Compute,Skill Builder,https://skillbuilder.aws/learn/6S4CUVPT9A/aws-ml-engineer-associate--manage-deployment-infrastructure/ZB46SU1CHZ,15/09/2026
Accelerator family cues — p / g / inf / trn,GPU • Inferentia • Trainium,Họ instance tăng tốc ML,Accelerator families target different ML computation patterns and software stacks.,Các họ tăng tốc dùng GPU hoặc chip ML của AWS cho nhu cầu train/inference khác nhau.,"p: GPU mạnh cho train và inference; g: GPU thường dùng inference/đồ họa và một số training; inf: Inferentia tối ưu inference; trn: Trainium hướng tới training, cũng có khả năng inference trong cấu hình hỗ trợ. Neuron SDK hỗ trợ hệ sinh thái chip AWS.",So sánh g với inf cho model suy luận được hỗ trợ; chọn theo hiệu năng/chi phí đo được.,Câu hỏi chọn instance/chip cho model lớn hoặc chi phí inference.,"Không nói mọi trn chỉ chạy training; không chọn inf để training. Kiểm tra framework/operators, compile, Region và instance được SageMaker hỗ trợ.",AWS Inferentia; AWS Trainium; AWS Neuron; SageMaker,Domain 3,3.1,Compute,Skill Builder,https://skillbuilder.aws/learn/6S4CUVPT9A/aws-ml-engineer-associate--manage-deployment-infrastructure/ZB46SU1CHZ,15/09/2026
Bring your own model (BYOM),externally trained • serving compatibility,Mang mô hình đã huấn luyện từ bên ngoài,BYOM deploys a model trained outside the destination service using a compatible serving environment.,"Đưa model đã train ở nơi khác vào nền tảng hosting, không nhất thiết train lại.","SageMaker: chuẩn bị artifact trên S3, chọn/tạo image inference tương thích, tạo model resource rồi chọn endpoint hoặc batch. Bedrock Custom Model Import chỉ nhận kiến trúc/định dạng FM được hỗ trợ, không phải mọi model ML.","Một classifier tự train tại trung tâm dữ liệu có thể triển khai lên SageMaker nếu container, artifact và compute tương thích.",Tái sử dụng đầu tư training hiện có trong môi trường hosting AWS.,BYOM nói nguồn model; BYOC nói môi trường container. Hai khái niệm có thể đi cùng nhưng không đồng nghĩa.,SageMaker; S3; ECR; Bedrock CMI,Domain 3,3.1,Model bên ngoài,Skill Builder,https://skillbuilder.aws/learn/6S4CUVPT9A/aws-ml-engineer-associate--manage-deployment-infrastructure/ZB46SU1CHZ,15/09/2026
CreateModel → CreateEndpointConfig → CreateEndpoint,model reference • hosting configuration • live endpoint,Thứ tự tạo tài nguyên hosting SageMaker,A SageMaker model defines serving assets; an endpoint configuration defines hosting settings; an endpoint provisions the live service.,Model khai báo artifact/image/role; EndpointConfig định nghĩa cấu hình hosting; Endpoint thực sự cấp tài nguyên phục vụ.,"Luồng cơ bản: có S3 artifact và ECR image → CreateModel → CreateEndpointConfig với model, instance type/count hoặc cấu hình inference tương ứng → CreateEndpoint → chờ InService và gọi thử.",Đổi cấu hình production cần tạo cấu hình phù hợp rồi cập nhật endpoint theo quy trình triển khai được kiểm soát.,Câu hỏi sắp xếp bước deployment hoặc phân biệt ba resource.,"CreateModel không train model, không tạo endpoint và cũng không đồng nghĩa đăng ký model package trong Model Registry.",SageMaker control plane; SageMaker Runtime,Domain 3,3.2,Cấu hình triển khai,Skill Builder,https://skillbuilder.aws/learn/6S4CUVPT9A/aws-ml-engineer-associate--manage-deployment-infrastructure/ZB46SU1CHZ,15/09/2026
Endpoint configuration dimensions,compute • scaling • capture • rollout • security • monitoring,Các nhóm cấu hình endpoint,"Endpoint operations require coordinated compute, capacity, observability and security settings.","Triển khai endpoint cần cấu hình đồng bộ compute, scaling, thu thập dữ liệu, phát hành, bảo mật và giám sát.","Sáu nhóm trong bài học: loại/số compute; chính sách scale; capture input/output khi hỗ trợ; cách rollout; IAM/encryption/network; metrics/logs. Các thiết lập có thể nằm ở nhiều API/resource, không phải tất cả là trường của CreateEndpointConfig.","Endpoint gợi ý dùng instance vừa đủ, scale theo tải, quyền đọc đúng S3 prefix và alarm khi lỗi/latency tăng.",Chuẩn bị hạ tầng có thể vận hành sau khi endpoint InService.,Data capture không tự đánh giá drift; IAM khác network isolation. Không coi default của mọi inference type có đủ mọi tính năng.,SageMaker; IAM; KMS; CloudWatch,Domain 3,3.2,Cấu hình triển khai,Skill Builder,https://skillbuilder.aws/learn/6S4CUVPT9A/aws-ml-engineer-associate--manage-deployment-infrastructure/ZB46SU1CHZ,15/09/2026
Bedrock on-demand inference,managed API • usage-based • no instance selection,Suy luận theo nhu cầu trên Bedrock,On-demand inference accesses supported hosted foundation models through managed APIs without selecting hosting instances.,"Gọi FM được hỗ trợ qua API quản lý, không tự chọn instance hosting.","Hợp tải biến động, thử nghiệm và mức sử dụng chưa cần dành riêng capacity. Vẫn phải xem model/Region, request/token quotas và đơn vị giá. Văn bản thường tính token; các modality có đơn vị riêng.","Sinh mô tả sản phẩm với lượng request thấp dùng on-demand phù hợp hơn giữ capacity cố định suốt ngày, nếu model hỗ trợ.",Muốn giảm vận hành hạ tầng FM.,On-demand không đồng nghĩa không có quota hay không thể throttling; không đồng nghĩa mọi đường model tùy chỉnh đều trả tiền theo token.,Amazon Bedrock,Domain 3,3.1,Hosting FM,Skill Builder,https://skillbuilder.aws/learn/6S4CUVPT9A/aws-ml-engineer-associate--manage-deployment-infrastructure/ZB46SU1CHZ,15/09/2026
Provisioned Throughput and model units,reserved throughput • model units • steady demand,Thông lượng được cấp trước và model unit,Provisioned Throughput reserves model-serving throughput in model units at a fixed capacity cost.,Mua trước capacity phục vụ model bằng model unit để đáp ứng nhu cầu thông lượng.,"Một model unit tương ứng mức throughput input/output do model quy định, không phải một số instance do người dùng chọn. Phù hợp tải đều/cao và nhu cầu capacity dự đoán được; điều kiện mua, thời hạn và hỗ trợ phụ thuộc model/Region.",Ứng dụng FM có nhu cầu token/phút ổn định xem xét PT sau khi đo tải và chi phí.,Cần capacity ổn định thay vì dựa hoàn toàn vào hạn mức on-demand.,Không nhầm PT với Serverless Provisioned Concurrency. Không áp 'mọi custom/imported model đều cần PT': CMI có đường on-demand; custom deployment có hỗ trợ riêng.,Amazon Bedrock Provisioned Throughput,Domain 3,3.2,Capacity FM,Skill Builder,"https://skillbuilder.aws/learn/6S4CUVPT9A/aws-ml-engineer-associate--manage-deployment-infrastructure/ZB46SU1CHZ
https://docs.aws.amazon.com/bedrock/latest/userguide/prov-throughput.html
https://docs.aws.amazon.com/bedrock/latest/userguide/deploy-custom-model-on-demand.html
https://docs.aws.amazon.com/bedrock/latest/userguide/model-customization-import-model.html",15/09/2026
Bedrock service tiers,Standard • Priority • Flex • Reserved,Các tầng dịch vụ inference của Bedrock,"Service tiers offer different inference performance, priority and cost trade-offs for supported models.","Các tầng phục vụ cung cấp lựa chọn về mức ưu tiên, hiệu năng và chi phí theo model hỗ trợ.",Standard là mặc định; Priority ưu tiên request với giá cao hơn; Flex giảm chi phí cho tác vụ chịu được chậm hơn; Reserved dành capacity ưu tiên với cam kết. Kiểm tra hỗ trợ theo model thay vì giả định tier nào cũng dùng được.,Tác vụ đánh giá không gấp có thể xét Flex; ứng dụng quan trọng xét Priority hoặc capacity cam kết tùy tải.,Chọn trade-off về latency/cost của FM được host trên Bedrock.,Reserved tier không phải tên khác của Provisioned Throughput/model units; tier ưu tiên cũng không tạo lời đảm bảo tuyệt đối mọi request.,Amazon Bedrock,Domain 3,3.2,Capacity FM,Skill Builder,"https://skillbuilder.aws/learn/6S4CUVPT9A/aws-ml-engineer-associate--manage-deployment-infrastructure/ZB46SU1CHZ
https://docs.aws.amazon.com/bedrock/latest/userguide/service-tiers-inference.html",15/09/2026
"Requests, tokens and concurrency quotas",RPM • TPM • concurrent requests,"Hạn mức request, token và đồng thời",Inference quotas constrain different dimensions of workload volume and parallel execution.,"Hạn mức có thể giới hạn số request/phút, token/phút hoặc số request đồng thời.","Ước tính input và output thực tế; một request dài có thể tiêu tốn nhiều token dù RPM thấp. Đối chiếu Region, model, mode/tier và quota tài khoản; theo dõi throttling khi load test.",10 request với mỗi prompt rất dài có thể chạm TPM trước ứng dụng nhiều prompt ngắn.,Sizing FM và Serverless; xử lý vì sao tăng concurrency vẫn gặp throttling.,"Concurrency, RPM và TPM không thể thay thế trực tiếp cho nhau; có thể cần điều chỉnh quota hoặc workload bên cạnh scaling.",Bedrock; SageMaker Serverless; CloudWatch,Domain 3,3.2,Capacity FM,Skill Builder,https://skillbuilder.aws/learn/6S4CUVPT9A/aws-ml-engineer-associate--manage-deployment-infrastructure/ZB46SU1CHZ,15/09/2026
Custom Model Import (CMI),external FM • supported architecture • import job,Nhập mô hình tùy chỉnh vào Bedrock,Custom Model Import brings supported externally customized foundation-model artifacts into Bedrock for managed inference.,Nhập artifact FM được tùy chỉnh bên ngoài vào Bedrock để phục vụ suy luận theo kiến trúc được hỗ trợ.,"Dữ liệu model ở S3 hoặc nguồn SageMaker phù hợp; tạo import job để kiểm định cấu hình/weights và tạo imported model. Đây là đường nhập để hosting, không phải dịch vụ tự train lại model.","Fine-tune một model thuộc kiến trúc hỗ trợ ngoài Bedrock, chuẩn bị Safetensors rồi import để gọi API.",Muốn quản lý hosting FM bên ngoài qua Bedrock và đáp ứng danh sách hỗ trợ.,Không hỗ trợ mọi model/embedding model. Không nhầm với Deploy custom model on-demand cho model tùy chỉnh bằng job Bedrock/Nova tương ứng.,Bedrock Custom Model Import; S3; SageMaker,Domain 3,3.1,Model bên ngoài,Skill Builder,https://skillbuilder.aws/learn/6S4CUVPT9A/aws-ml-engineer-associate--manage-deployment-infrastructure/ZB46SU1CHZ,15/09/2026
CMI artifact compatibility,Safetensors • config.json • tokenizer • architecture,Tính tương thích artifact khi import,"Import compatibility requires a supported architecture and a complete, valid set of model and tokenizer files.","Import cần đúng kiến trúc và bộ file model, cấu hình, tokenizer hợp lệ.","Bài học/tài liệu nêu định dạng Hugging Face với .safetensors, config.json và tokenizer; context dưới 128K; tổng weights dưới 200 GB với text hoặc dưới 100 GB với multimodal. Kiểm tra danh sách kiến trúc, phiên bản và Region hiện hành khi thực hiện.",Một archive chỉ có file trọng số nhưng thiếu config/tokenizer không đủ để coi là sẵn sàng import.,"Kiểm tra trước khi tạo import job, tránh lỗi không tương thích.","Không suy ra khả năng hỗ trợ chỉ từ tên model family; biến thể architecture, operator/config và modality đều có thể quyết định.",Bedrock CMI,Domain 3,3.1,Model bên ngoài,Skill Builder,"https://skillbuilder.aws/learn/6S4CUVPT9A/aws-ml-engineer-associate--manage-deployment-infrastructure/ZB46SU1CHZ
https://docs.aws.amazon.com/bedrock/latest/userguide/model-customization-import-model.html",15/09/2026
Imported-model scaling and billing,model copies • CMUs • five-minute windows,Scaling và tính phí model đã import,Imported-model inference scales model copies and bills the custom model units required by running copies.,Bedrock điều chỉnh số bản sao model import; chi phí gắn với Custom Model Unit của các bản sao đang chạy.,CMU/copy được xác định cho model; tài liệu hiện hành tính theo cửa sổ 5 phút bắt đầu từ lần inference thành công đầu tiên. Không nên dự toán CMI bằng giá token của một model catalog khác.,Cùng số request nhưng model lớn hơn hoặc nhiều model copies hơn có thể có chi phí khác.,Ước tính chi phí và phân biệt các kiểu on-demand.,CMU của Custom Model Import khác model unit của Provisioned Throughput; 'on-demand' không tự quy định một mô hình tính phí duy nhất.,Bedrock CMI; CloudWatch,Domain 3,3.2,Capacity FM,Bổ sung Domain 3,"https://skillbuilder.aws/learn/6S4CUVPT9A/aws-ml-engineer-associate--manage-deployment-infrastructure/ZB46SU1CHZ
https://docs.aws.amazon.com/bedrock/latest/userguide/import-model-calculate-cost.html",15/09/2026
ModelNotReadyException for imported models,idle unload • restore • retry,Model import chưa sẵn sàng sau thời gian idle,An inactive imported model may need restoration before it can serve a new request.,Model import không hoạt động có thể đã được gỡ khỏi capacity phục vụ và cần tải lại trước khi đáp ứng.,"Request đầu có thể khởi động phục hồi và trả ModelNotReadyException. Ứng dụng cần cơ chế retry/backoff phù hợp, timeout trải nghiệm người dùng và quan sát thời gian warm-up.",Chat ít được dùng gọi model sau khoảng idle; xử lý thông báo đang chuẩn bị và thử lại theo chính sách.,Thiết kế khả năng chịu cold start cho CMI.,"Không đồng nghĩa artifact bị xóa hay model phải train/import lại; phân biệt ResourceNotFound, validation và lỗi capacity khác.",Bedrock Custom Model Import,Domain 3,3.2,Vận hành FM,Skill Builder,"https://skillbuilder.aws/learn/6S4CUVPT9A/aws-ml-engineer-associate--manage-deployment-infrastructure/ZB46SU1CHZ
https://docs.aws.amazon.com/bedrock/latest/userguide/invoke-imported-model.html",15/09/2026
Custom model on-demand deployment,customized model • deployment ARN • supported Region,Triển khai on-demand cho custom model Bedrock,A custom model deployment enables on-demand inference for an eligible customized model.,Tạo deployment để gọi on-demand cho custom model thuộc danh sách và điều kiện được hỗ trợ.,Chọn custom model hợp lệ → tạo custom model deployment → chờ Active → dùng deployment ARN làm modelId. Tài liệu hiện tại liệt kê Nova Lite/Micro/Pro và Nova 2 Lite ở us-east-1; Llama 3.3 70B Instruct ở us-west-2; có điều kiện thời điểm tùy chỉnh.,"Walkthrough dùng Nova Lite đã fine-tune, khoảng 500 mô tả/ngày; xác nhận model/Region trước khi chọn.",Muốn dùng custom FM tải thưa mà không cấp PT nếu đường triển khai này hỗ trợ.,"Tên đúng là Nova Lite. Không coi mọi custom model mọi Region đều hỗ trợ, không nhầm deployment ARN với model ARN hoặc imported model ARN.",Amazon Bedrock,Domain 3,3.1,Hosting FM,Skill Builder,"https://skillbuilder.aws/learn/6S4CUVPT9A/aws-ml-engineer-associate--manage-deployment-infrastructure/ZB46SU1CHZ
https://docs.aws.amazon.com/bedrock/latest/userguide/deploy-custom-model-on-demand.html",15/09/2026
FM memory footprint,weights + KV cache + runtime headroom,Bộ nhớ cần để phục vụ FM,Serving memory includes model weights plus request-dependent state and runtime overhead.,Bộ nhớ inference gồm trọng số và phần phát sinh khi xử lý request cùng overhead môi trường chạy.,"Ước lượng thô trọng số = số tham số × byte mỗi trọng số; sau đó cộng KV cache, buffers/activations và dự phòng. Context dài, batch/concurrency lớn thường tăng bộ nhớ. Dung lượng file weight chỉ là điểm bắt đầu.","Model 7B ở 2 byte/trọng số cần khoảng 14 GB thập phân cho weights, chưa tính bộ nhớ phục vụ bổ sung.","Chọn loại accelerator, số thiết bị và giới hạn context/concurrency.","Không chọn GPU chỉ vừa bằng kích thước file weights; streaming không tự giảm bộ nhớ weights. Công thức là ước lượng, không phải bảo đảm vận hành.",SageMaker; LMI containers; GPU; Inferentia; Trainium,Domain 3,3.1,Tối ưu hosting FM,Skill Builder,https://skillbuilder.aws/learn/6S4CUVPT9A/aws-ml-engineer-associate--manage-deployment-infrastructure/ZB46SU1CHZ,15/09/2026
Model sharding / model parallelism,split a model • multiple accelerators,Chia mô hình trên nhiều thiết bị,Model parallelism partitions a model across devices when a single device is insufficient or performance requires it.,Chia các phần của một model trên nhiều accelerator thay vì giữ bản sao đầy đủ trên từng thiết bị.,"Cần serving engine hỗ trợ, cấu hình số thiết bị/phân chia và liên lạc phù hợp. LMI container có thể hỗ trợ triển khai model lớn với cấu hình tương ứng; tăng số thiết bị có thêm overhead truyền dữ liệu.",FM không vừa một GPU được chia trên nhiều GPU bằng tensor/pipeline parallelism được serving stack hỗ trợ.,Model vượt bộ nhớ một thiết bị hoặc cần cấu hình phục vụ phân tán.,Tăng instance count để phục vụ nhiều bản sao không tự chia một model; model parallelism khác data parallelism.,SageMaker LMI; GPU; Neuron,Domain 3,3.1,Tối ưu hosting FM,Skill Builder,https://skillbuilder.aws/learn/6S4CUVPT9A/aws-ml-engineer-associate--manage-deployment-infrastructure/ZB46SU1CHZ,15/09/2026
Inference batching and concurrency,amortize work • throughput/latency trade-off,Gom lô và xử lý đồng thời khi inference,Batching groups work for efficient execution; concurrency allows multiple requests to be in progress.,Batching gom request để tận dụng compute; concurrency cho phép nhiều request đang xử lý đồng thời.,"Tăng batch hoặc concurrency có thể cải thiện sử dụng phần cứng và throughput nhưng tăng chờ/queue và bộ nhớ. Tối ưu theo workload, scheduler/serving engine và latency mục tiêu; benchmark nhiều mức.",Gom các request nhỏ lên GPU có thể tăng token/giây; batch quá lớn có thể không đạt thời gian phản hồi.,Tối ưu inference cost/performance khi đã chọn phần cứng tương thích.,Không khẳng định batch càng lớn luôn tốt; đây không phải chọn Batch Transform hay thay đổi training minibatch.,SageMaker serving containers; LMI,Domain 3,3.2,Tối ưu hosting FM,Skill Builder,https://skillbuilder.aws/learn/6S4CUVPT9A/aws-ml-engineer-associate--manage-deployment-infrastructure/ZB46SU1CHZ,15/09/2026
Response streaming and time to first token,incremental output • perceived latency,Phát dần phản hồi và thời gian tới token đầu,Streaming sends generated output incrementally so users can see early tokens before completion.,Trả dần token/chunk khi tạo thay vì đợi toàn bộ câu trả lời hoàn tất.,"Cải thiện cảm nhận phản hồi và hỗ trợ hiển thị từng phần. Cần client xử lý stream và mô hình/API hỗ trợ; vẫn đo thời gian tới token đầu, tốc độ tạo và thời gian hoàn tất.","Chatbot hiển thị các từ đầu ngay khi có, thay vì màn hình trống đến hết đoạn trả lời.",Ứng dụng hội thoại hoặc sinh nội dung dài.,"Không tự làm weights nhỏ đi, không đảm bảo model tính toán nhanh hơn hay tổng thời gian tạo giảm; các giới hạn API thường/streaming có thể khác.",Bedrock streaming APIs; SageMaker streaming,Domain 3,3.1,Tối ưu hosting FM,Skill Builder,https://skillbuilder.aws/learn/6S4CUVPT9A/aws-ml-engineer-associate--manage-deployment-infrastructure/ZB46SU1CHZ,15/09/2026
Agent deployment vs model deployment,reasoning + tools + context + state,Triển khai agent so với chỉ triển khai model,"An agent deployment hosts application logic that combines model calls, tools, context and state.","Triển khai agent bao gồm logic ứng dụng phối hợp model, công cụ, ngữ cảnh và trạng thái.","Cần instructions/phạm vi hành động, model access, tool integration, identity, session/memory và quan sát luồng. Runtime chạy ứng dụng agent; model serving có thể do Bedrock hoặc endpoint riêng cung cấp.","Trợ lý mua sắm cần tra catalog, kiểm tra tồn kho và thao tác giỏ hàng theo quyền người dùng.",Agent thực hiện nhiệm vụ có nhiều bước và tương tác hệ thống bên ngoài.,"Deploy trọng số FM không tự tạo công cụ, quyền hạn hay bộ nhớ hội thoại cho agent.",Bedrock AgentCore; Bedrock; Knowledge Bases,Domain 3,3.1,Agent,Skill Builder,https://skillbuilder.aws/learn/6S4CUVPT9A/aws-ml-engineer-associate--manage-deployment-infrastructure/ZB46SU1CHZ,15/09/2026
Agent instructions and tool boundaries,task scope • allowed actions • least privilege,Chỉ dẫn và giới hạn công cụ của agent,"Agent configuration defines the task, permitted tools and operational boundaries.","Cấu hình agent xác định nhiệm vụ, những công cụ được phép dùng và phạm vi hành động.","Viết hướng dẫn rõ, chỉ cấp tool cần thiết; xác thực quyền cho từng tài nguyên/hành động. Guardrails và kiểm tra ứng dụng hỗ trợ giảm tác động của nội dung không đáng tin trong dữ liệu/tool output.",Trợ lý tư vấn được đọc tồn kho; thao tác giỏ hàng cần identity và quyền tương ứng.,"Chuẩn bị agent phục vụ thực tế, đặc biệt có công cụ thay đổi trạng thái.",Prompt không thay thế kiểm soát quyền ở backend; không cấp mọi API vì cho rằng model sẽ tự quyết định an toàn.,AgentCore Identity/Gateway; IAM; Bedrock Guardrails,Domain 3,3.2,Agent,Skill Builder,https://skillbuilder.aws/learn/6S4CUVPT9A/aws-ml-engineer-associate--manage-deployment-infrastructure/ZB46SU1CHZ,15/09/2026
Short-term vs long-term agent memory,session context • retained raw events • extracted long-term records,Bộ nhớ ngắn hạn và dài hạn của agent,"Short-term agent memory stores raw conversation events associated with an actor and session for a configured retention period, which can outlast the runtime session. Long-term memory stores selected facts, preferences or summaries extracted under configured strategies and namespaces for use across sessions. Runtime execution context, stored events and extracted records have different lifecycles.","Bộ nhớ ngắn hạn của agent lưu sự kiện hội thoại thô gắn với actor và session trong thời hạn cấu hình, có thể lâu hơn phiên runtime. Bộ nhớ dài hạn lưu fact, sở thích hoặc tóm tắt được chọn và trích xuất theo chiến lược/namespace để dùng giữa nhiều phiên. Ngữ cảnh thực thi runtime, sự kiện đã lưu và record trích xuất có các vòng đời khác nhau.","Runtime microVM mặc định có context tạm; muốn phục hồi cần ghi trạng thái/event vào store bền vững và reload. Module Provision and Configure Resources nêu raw events có retention tối đa 365 ngày, còn extracted long-term memories được giữ đến khi xóa. Long-term extraction cần strategy và có thể bất đồng bộ.",Nhớ câu hỏi trước trong phiên khác với nhớ người dùng thích sản phẩm không chứa đường vào lần mua sau.,Agent nhiều lượt hoặc cá nhân hóa dài hạn.,"Scope 'trong phiên' không có nghĩa raw events bị xóa ngay khi session kết thúc. Timeout runtime, turn limit của ứng dụng và event retention khác nhau; memory không thay knowledge base chứa policy dùng chung.",Bedrock AgentCore Memory,Domain 3,3.2,Agent,Skill Builder,"https://skillbuilder.aws/learn/6S4CUVPT9A/aws-ml-engineer-associate--manage-deployment-infrastructure/ZB46SU1CHZ
https://skillbuilder.aws/learn/HPMTZNTTZJ/aws-ml-engineer-associate--provision-and-configure-resources/R4K3BYBH3B",15/09/2026
MCP vs A2A,agent-to-tool • agent-to-agent,Giao thức gọi công cụ và giao tiếp giữa agent,MCP standardizes tool connectivity; A2A supports communication and task exchange between agents.,"MCP giúp agent tìm/gọi tool; A2A hỗ trợ agent giao tiếp, trao đổi nhiệm vụ và kết quả với agent khác.","Gateway có thể trình bày API/Lambda thành tool MCP. Khi một agent phối hợp với agent chuyên môn, dùng cơ chế giao tiếp agent tương thích A2A theo kiến trúc ứng dụng.",Tra tồn kho qua tool là MCP; giao nhiệm vụ lập kế hoạch cho agent khác là giao tiếp agent–agent.,Câu ghép tên giao thức với loại tương tác.,"Giao thức không tự cấp quyền, tạo identity hay đảm bảo mọi dữ liệu/hành động an toàn.",AgentCore Gateway; agent frameworks,Domain 3,3.1,Agent,Skill Builder,https://skillbuilder.aws/learn/6S4CUVPT9A/aws-ml-engineer-associate--manage-deployment-infrastructure/ZB46SU1CHZ,15/09/2026
Agent observability,metrics • logs • traces,Khả năng quan sát agent,"Observability combines metrics, logs and traces to understand agent behavior and performance.","Dùng metric, log và trace để hiểu hiệu năng và các thao tác agent thực thi.","Theo dõi request latency, lỗi, model/tool calls và các span đã instrument. Module nhắc cấu hình CloudWatch Transaction Search để xem trace; cần bật/cấu hình dữ liệu quan sát thích hợp.",Truy vết trợ lý chậm do truy vấn catalog hay gọi công cụ tồn kho để sửa đúng thành phần.,Vận hành agent và tìm lỗi sau triển khai.,Trace phản ánh dữ liệu được ghi/instrument; không đồng nghĩa luôn hiển thị mọi suy nghĩ nội bộ của model. Cân nhắc dữ liệu nhạy cảm trong logs.,AgentCore Observability; CloudWatch,Domain 3,3.2,Agent,Skill Builder,https://skillbuilder.aws/learn/6S4CUVPT9A/aws-ml-engineer-associate--manage-deployment-infrastructure/ZB46SU1CHZ,15/09/2026
RAG ingestion configuration,chunking • embeddings • vector index,Cấu hình ingest của RAG,RAG ingestion prepares searchable document chunks and their embeddings before runtime retrieval.,Chuẩn bị các đoạn tài liệu và vector để hệ thống có thể truy xuất khi nhận câu hỏi.,"Chọn nguồn dữ liệu, parsing, chunking, embedding model và vector store tương thích; đồng bộ dữ liệu. Trong module D3, trọng tâm là cấu hình triển khai Knowledge Base, không lặp toàn bộ lý thuyết feature engineering D1.",Catalog trên S3 được chia đoạn và lập chỉ mục để chatbot lấy thông tin khi trả lời.,Xây phần nền cho RAG trước khi nối agent/API truy vấn.,"Không đổi embedding model tùy ý mà dùng lại vector không tương thích. Với KB, chunking strategy không đổi trực tiếp sau khi kết nối data source; cần kế hoạch tạo lại/re-ingest.",Bedrock Knowledge Bases; S3; vector store,Domain 3,3.2,Cấu hình RAG,Skill Builder,"https://skillbuilder.aws/learn/6S4CUVPT9A/aws-ml-engineer-associate--manage-deployment-infrastructure/ZB46SU1CHZ
https://docs.aws.amazon.com/bedrock/latest/userguide/kb-data-source-customize-ingestion.html",15/09/2026
Fixed-size / hierarchical / semantic chunking,token window • parent/child • meaning,Ba chiến lược chia đoạn cho Knowledge Base,Chunking controls the granularity and context of indexed document pieces.,Chia đoạn quyết định độ nhỏ/lớn và ngữ cảnh của phần tài liệu được lập chỉ mục.,"Fixed-size theo số token/overlap; hierarchical có đoạn con và đoạn cha, truy xuất con rồi trả ngữ cảnh cha; semantic tạo ranh giới theo nội dung có liên quan. Chọn theo cấu trúc tài liệu và cách truy vấn.",Hướng dẫn nhiều mục: hierarchical tìm đoạn con chính xác nhưng giữ đoạn cha để FM đọc đủ ngữ cảnh.,Chọn cấu hình KB để cân bằng tìm đúng nội dung và đủ context.,Hierarchical có thể trả ít kết quả hơn số child chunks được yêu cầu; semantic chunking không đồng nghĩa semantic search tại thời điểm query.,Bedrock Knowledge Bases,Domain 3,3.2,Cấu hình RAG,Skill Builder,https://skillbuilder.aws/learn/6S4CUVPT9A/aws-ml-engineer-associate--manage-deployment-infrastructure/ZB46SU1CHZ,15/09/2026
Semantic search vs hybrid search,meaning • lexical exact match,Tìm theo ngữ nghĩa và tìm kết hợp,Semantic search uses vector similarity; hybrid search combines semantic and lexical retrieval.,Semantic tìm tương đồng nghĩa bằng embedding; hybrid kết hợp embedding với so khớp từ khóa.,"Semantic hữu ích khi câu hỏi diễn đạt khác tài liệu. Hybrid giữ khả năng tìm mã, tên sản phẩm/ID chính xác và ngữ nghĩa; phụ thuộc vector backend có hỗ trợ và cấu hình.",'Máy pha cà phê cho phòng nhỏ' có lợi từ ngữ nghĩa; 'SKU AB-123' cần đặc biệt chú ý exact match.,Chọn retrieval strategy cho RAG theo kiểu dữ liệu và câu hỏi.,Hybrid không phải lúc nào cũng tốt hơn; phải đánh giá trên truy vấn đại diện. Semantic search khác semantic chunking.,Bedrock Knowledge Bases; vector store,Domain 3,3.2,Cấu hình RAG,Skill Builder,https://skillbuilder.aws/learn/6S4CUVPT9A/aws-ml-engineer-associate--manage-deployment-infrastructure/ZB46SU1CHZ,15/09/2026
numberOfResults and metadata filters,top-k maximum • scope by metadata,Số kết quả tối đa và lọc metadata,Retrieval settings limit the candidate set and constrain documents by metadata.,Cấu hình retrieval điều chỉnh số nguồn trả về và điều kiện metadata của tài liệu.,"numberOfResults là mức tối đa, mặc định KB trả đến 5 nguồn; hierarchical có thể gộp child cùng parent. Filter chọn phạm vi như phòng ban/ngày cập nhật trước khi dùng dữ liệu để tạo trả lời.",Chỉ lấy chính sách của bộ phận bán hàng còn hiệu lực; điều chỉnh k nếu thiếu context hoặc đưa vào quá nhiều nhiễu.,"Tối ưu relevance, token context và chi phí RAG.",k không đảm bảo đúng k kết quả; tăng k có thể tăng nhiễu. Filter client tự đặt không thay thế authorization đáng tin ở hệ thống.,Bedrock Knowledge Bases,Domain 3,3.2,Cấu hình RAG,Skill Builder,"https://skillbuilder.aws/learn/6S4CUVPT9A/aws-ml-engineer-associate--manage-deployment-infrastructure/ZB46SU1CHZ
https://docs.aws.amazon.com/en_en/bedrock/latest/userguide/kb-test-config.html",15/09/2026
Reranking,retrieve candidates • reorder relevance,Xếp hạng lại kết quả truy xuất,Reranking rescoring reorders an already retrieved candidate set for the query.,Chấm điểm lại các ứng viên đã truy xuất để sắp xếp mức liên quan với câu hỏi.,"Luồng: retrieval lấy candidate → reranker đánh giá query–document → chọn các mục tốt hơn đưa vào context. Thêm bước tính toán, latency và chi phí; hiệu quả cần đo thực tế.","Vector retrieval tìm 20 đoạn gần nghĩa, reranker chọn nhóm liên quan nhất để gửi FM.",Tìm được nhiều đoạn gần đúng nhưng thứ tự chưa tốt.,Reranker không lấy lại tài liệu đã bị retrieval/filter loại khỏi candidate set; không phải fine-tune FM hay tạo embedding lần đầu.,Bedrock Knowledge Bases; reranking model,Domain 3,3.2,Cấu hình RAG,Skill Builder,https://skillbuilder.aws/learn/6S4CUVPT9A/aws-ml-engineer-associate--manage-deployment-infrastructure/ZB46SU1CHZ,15/09/2026
Retrieve vs RetrieveAndGenerate,chunks only • retrieve + generate,Hai API sử dụng Knowledge Base,Retrieve returns source chunks; RetrieveAndGenerate also invokes generation grounded in retrieved context.,Retrieve trả tài liệu/metadata; RetrieveAndGenerate kết hợp lấy dữ liệu và tạo câu trả lời dựa trên context.,"Dùng Retrieve khi ứng dụng/agent muốn tự chọn model, dựng prompt hoặc xử lý tài liệu. Dùng RetrieveAndGenerate khi muốn luồng managed lấy nguồn → bổ sung prompt → tạo trả lời/citation.",Agent lấy catalog qua Retrieve như một tool; chatbot đơn giản gọi RetrieveAndGenerate để nhận trả lời có nguồn.,Chọn ranh giới trách nhiệm giữa ứng dụng và dịch vụ RAG.,Retrieve không tự trả câu trả lời sinh bằng FM; có citation không bảo đảm tất cả phát biểu đúng hoặc không có hallucination.,Bedrock Knowledge Bases,Domain 3,3.2,Cấu hình RAG,Skill Builder,https://skillbuilder.aws/learn/6S4CUVPT9A/aws-ml-engineer-associate--manage-deployment-infrastructure/ZB46SU1CHZ,15/09/2026
Infrastructure as Code (IaC),machine-readable definitions • version control • repeatability,Hạ tầng dưới dạng mã,"Infrastructure as Code defines and manages infrastructure through machine-readable files or programs. A provisioning tool interprets those definitions to create, update and remove resources, so environments can be reviewed, versioned and reproduced instead of being assembled manually.","Infrastructure as Code định nghĩa và quản lý hạ tầng bằng tệp hoặc chương trình mà máy có thể đọc. Công cụ cấp phát diễn giải các định nghĩa để tạo, cập nhật và gỡ tài nguyên, nhờ đó môi trường có thể được review, quản lý phiên bản và tái tạo thay cho việc thiết lập thủ công.","Áp dụng version control, code review và kiểm thử cho cấu hình compute, storage, networking, IAM. Tách tham số môi trường khỏi định nghĩa dùng chung; thiết kế cả bước dọn tài nguyên.",Cùng template tạo dev nhỏ và production nhiều instance bằng bộ parameters khác nhau.,"Cấp phát nhất quán, tái tạo môi trường thử nghiệm, phục hồi và audit thay đổi.",IaC chỉ triển khai điều đã khai báo; không tự bảo đảm thiết kế bảo mật hoặc ứng dụng hoạt động đúng.,CloudFormation; AWS CDK; Terraform; Pulumi,Domain 3,3.2,IaC,Skill Builder,https://skillbuilder.aws/learn/HPMTZNTTZJ/aws-ml-engineer-associate--provision-and-configure-resources/R4K3BYBH3B,15/09/2026
Declarative vs imperative IaC,desired state • ordered procedures,Khai báo trạng thái và mô tả thủ tục,"Declarative IaC describes the required final resources and properties, while imperative IaC describes procedures that perform changes. Declarative engines can infer dependencies and execute ordered operations; the presence of an execution order does not by itself require an imperative tool.",IaC khai báo mô tả các tài nguyên và thuộc tính cần có ở trạng thái cuối; IaC mệnh lệnh mô tả thủ tục thực hiện thay đổi. Công cụ khai báo vẫn có thể suy ra quan hệ phụ thuộc và thực hiện theo thứ tự; yêu cầu có thứ tự không tự đồng nghĩa phải chọn công cụ mệnh lệnh.,"CloudFormation dùng Ref/GetAtt và DependsOn để quyết định thứ tự. Code Python/TypeScript CDK có vòng lặp khi sinh template, nhưng CloudFormation triển khai template khai báo được sinh ra.","Model phải tồn tại trước EndpointConfig, rồi mới tạo Endpoint: có thể mô tả trực tiếp bằng CloudFormation.",Chọn cách định nghĩa hạ tầng và giải thích vai trò CDK/CloudFormation.,Knowledge check của module đơn giản hóa 'có thứ tự → imperative'. Ghi nhận cách diễn đạt đó nhưng không học thành giới hạn của CloudFormation.,CloudFormation; AWS CDK,Domain 3,3.2,IaC,Skill Builder,"https://skillbuilder.aws/learn/HPMTZNTTZJ/aws-ml-engineer-associate--provision-and-configure-resources/R4K3BYBH3B
https://docs.aws.amazon.com/AWSCloudFormation/latest/TemplateReference/aws-attribute-dependson.html",15/09/2026
Provisioning vs pricing commitment vs capacity reservation,create resources • discount • reserve capacity,"Cấp phát, cam kết chi tiêu và giữ chỗ capacity","Provisioning creates usable resources, a pricing commitment reduces eligible usage charges, and a capacity reservation secures matching compute availability under its conditions. These are related decisions with different purposes; a discounted billing rate does not make identical hardware faster or automatically reserve it.",Provisioning tạo ra tài nguyên sử dụng được; cam kết giá làm giảm phí sử dụng đủ điều kiện; capacity reservation giữ chỗ khả năng cung cấp compute theo điều kiện cụ thể. Ba quyết định liên quan nhưng có mục đích khác nhau; đơn giá được giảm không làm phần cứng giống nhau chạy nhanh hơn và không tự giữ chỗ phần cứng.,"Đánh giá riêng: tải bao nhiêu, có cần bảo đảm khởi chạy ở AZ nhất định không, và mức chi tiêu nào ổn định đủ để cam kết. On-Demand vẫn có thể gặp InsufficientInstanceCapacity.","Tải EC2 ổn định: dùng Savings Plans phù hợp để giảm giá; nếu cần capacity ở AZ cụ thể, xem Capacity Reservation riêng.",Câu hỏi so sánh on-demand và provisioned; tránh gộp cost với availability.,Bài học dùng 'provisioned' theo nghĩa tổng quát. Savings Plans không reserve capacity; Regional RI và Zonal RI khác nhau về giữ chỗ. Không áp chiết khấu EC2 cho mọi SageMaker job.,EC2; Savings Plans; Capacity Reservations,Domain 3,3.2,Cấp phát và chi phí,Skill Builder,"https://skillbuilder.aws/learn/HPMTZNTTZJ/aws-ml-engineer-associate--provision-and-configure-resources/R4K3BYBH3B
https://docs.aws.amazon.com/pdfs/whitepapers/latest/cost-optimization-reservation-models/cost-optimization-reservation-models.pdf",15/09/2026
Test vs production provisioning,iterate cheaply • production availability • controlled rollout,Cấp phát cho thử nghiệm và production,"Test provisioning favors temporary resources and rapid experiments while retaining the properties needed for representative tests. Production provisioning emphasizes service availability, measured performance and controlled changes, with sufficient baseline capacity, monitoring and a recovery path.","Cấp phát thử nghiệm ưu tiên tài nguyên tạm và thử nghiệm nhanh nhưng vẫn giữ các đặc tính cần cho phép thử đại diện. Cấp phát production chú trọng tính sẵn sàng, hiệu năng đã đo và thay đổi có kiểm soát, với capacity nền đủ dùng, giám sát và đường phục hồi.","Test: instance nhỏ, Spot cho việc chịu gián đoạn, tạo khi cần và dọn sau kiểm thử. Production: benchmark, nhiều instance/AZ, autoscaling, rollout và rollback được kiểm chứng.",Load test cấu hình gần production; dev có thể giảm số bản sao nhưng vẫn kiểm tra đúng dependency và network.,Thiết kế hai môi trường có mục tiêu khác nhau mà dùng lại IaC.,Test quá nhỏ hoặc khác phần cứng có thể không dự báo được production. Spot không phải lựa chọn mặc định cho mọi endpoint production.,EC2; SageMaker; CloudFormation; CDK,Domain 3,3.2,Cấp phát và chi phí,Skill Builder,https://skillbuilder.aws/learn/HPMTZNTTZJ/aws-ml-engineer-associate--provision-and-configure-resources/R4K3BYBH3B,15/09/2026
Well-Architected — six pillars for provisioning,security • reliability • performance • cost • sustainability • operations,Sáu trụ cột khi cấp phát hạ tầng ML,"The AWS Well-Architected Framework evaluates architecture through six complementary pillars: operational excellence, security, reliability, performance efficiency, cost optimization and sustainability. Applied to ML provisioning, it links resource choices and operational controls to requirements rather than optimizing instance speed or price alone.","AWS Well-Architected Framework đánh giá kiến trúc qua sáu trụ cột bổ trợ nhau: vận hành xuất sắc, bảo mật, độ tin cậy, hiệu quả hiệu năng, tối ưu chi phí và tính bền vững. Khi cấp phát ML, framework gắn lựa chọn tài nguyên và kiểm soát vận hành với yêu cầu thay vì chỉ tối ưu tốc độ hoặc giá instance.",Security: encryption/least privilege/isolation. Reliability: retry/checkpoint/backup/failover. Performance: đúng loại tài nguyên. Cost: right-size/autoscale. Sustainability: sử dụng hiệu quả và quản lý vòng đời dữ liệu. Operations: automation/visibility/improvement.,"Một endpoint GPU có latency tốt vẫn cần baseline HA, quyền tối thiểu, telemetry và scale-in khi vắng tải.",Rà thiết kế provisioning và chọn đáp án best practice theo mục tiêu.,"Sáu trụ cột là góc đánh giá, không phải sáu bước API chạy nối tiếp hay sáu dịch vụ cần mua.",AWS Well-Architected; SageMaker; CloudWatch,Domain 3,3.2,Nguyên tắc thiết kế,Skill Builder,https://skillbuilder.aws/learn/HPMTZNTTZJ/aws-ml-engineer-associate--provision-and-configure-resources/R4K3BYBH3B,15/09/2026
Three ML infrastructure layers,build/deploy • inference • application,Ba phạm vi hạ tầng ML,"ML resource planning separates infrastructure for building and deploying models, infrastructure that serves predictions, and the wider application infrastructure that consumes those predictions. Each scope has different dependencies and resource lifetimes, although the scopes share networking, access and observability controls.","Lập kế hoạch tài nguyên ML phân biệt hạ tầng xây dựng/triển khai model, hạ tầng phục vụ dự đoán và hạ tầng ứng dụng sử dụng dự đoán. Mỗi phạm vi có phụ thuộc và vòng đời tài nguyên khác nhau, dù cùng cần mạng, quyền truy cập và khả năng quan sát.","Build/deploy: job compute, image registry, artifact storage, IAM và orchestration. Inference: hosting compute và dữ liệu vào/ra. Application: web, database, cache, VPC, logs và monitoring.",Training job kết thúc có thể giải phóng compute; production endpoint và database ứng dụng vẫn phải chạy.,"Xác định tài nguyên nào tạo tạm, tài nguyên nào duy trì lâu dài và ai sở hữu.",Pipeline hoàn tất không có nghĩa phải xóa endpoint production. Cleanup phải theo vòng đời từng tài nguyên.,SageMaker; ECR; S3; EC2; Lambda; VPC,Domain 3,3.2,Nguyên tắc thiết kế,Skill Builder,https://skillbuilder.aws/learn/HPMTZNTTZJ/aws-ml-engineer-associate--provision-and-configure-resources/R4K3BYBH3B,15/09/2026
CloudFormation template vs stack,definition file • deployed resource unit,Template và stack CloudFormation,A CloudFormation template is a JSON or YAML definition of resources and configuration. A stack is the set of resources CloudFormation creates and manages from a template as a deployment unit; changing the file alone does not update the running stack.,Template CloudFormation là định nghĩa JSON hoặc YAML của tài nguyên và cấu hình. Stack là tập tài nguyên CloudFormation tạo và quản lý từ template như một đơn vị triển khai; chỉ sửa tệp chưa làm stack đang chạy thay đổi.,"Template khai báo logical IDs, resource types, properties và tham chiếu. Tạo hoặc cập nhật stack mới áp dụng định nghĩa vào tài khoản/Region theo quyền cho phép.","Một template định nghĩa execution role, model, endpoint config và endpoint; stack là bốn tài nguyên được quản lý sau triển khai.",Phân biệt mã nguồn hạ tầng với trạng thái tài nguyên đã triển khai.,Stack lifecycle không đồng nghĩa dữ liệu luôn bị xóa cùng stack; cần xem DeletionPolicy/retention và behavior từng resource.,CloudFormation,Domain 3,3.2,CloudFormation,Skill Builder,https://skillbuilder.aws/learn/HPMTZNTTZJ/aws-ml-engineer-associate--provision-and-configure-resources/R4K3BYBH3B,15/09/2026
CloudFormation Resources section,required section • logical ID • Type • Properties,Phần Resources bắt buộc,"The Resources section declares the infrastructure objects CloudFormation should manage. Each declaration has a template-local logical identifier, a resource type and the properties required by that type; it is the required section in a CloudFormation template.","Phần Resources khai báo các đối tượng hạ tầng CloudFormation cần quản lý. Mỗi khai báo có logical ID dùng trong template, loại tài nguyên và những thuộc tính mà loại đó yêu cầu; đây là phần bắt buộc của template CloudFormation.","Logical ID dùng để tham chiếu trong template, khác physical ID/name của tài nguyên thực tế. Type xác định schema thuộc tính, ví dụ AWS::SageMaker::Endpoint.",Resources → FraudEndpoint → Type: AWS::SageMaker::Endpoint → Properties: EndpointConfigName.,Câu ghép chức năng các section của template.,"Parameters, Outputs hay Description không thay thế Resources; không lấy ARN làm logical ID tùy ý.",CloudFormation,Domain 3,3.2,CloudFormation,Skill Builder,https://skillbuilder.aws/learn/HPMTZNTTZJ/aws-ml-engineer-associate--provision-and-configure-resources/R4K3BYBH3B,15/09/2026
CloudFormation Parameters,input at create/update • reuse template,Tham số đầu vào template,"Parameters are values supplied when a CloudFormation stack is created or updated. Resources and outputs can reference them, allowing one infrastructure definition to support different environments without duplicating the template or hard-coding every deployment choice.","Parameters là giá trị được cung cấp khi tạo hoặc cập nhật stack CloudFormation. Các resource và output có thể tham chiếu chúng, giúp một định nghĩa hạ tầng dùng cho nhiều môi trường mà không sao chép template hoặc ghi cứng mọi lựa chọn.","Khai báo type, default, allowed values và description theo nhu cầu. Truyền instance type, tên artifact hay môi trường dev/prod vào lúc triển khai.",Dev truyền instance nhỏ; production truyền loại instance và capacity đã benchmark.,Tái sử dụng template với giá trị cấu hình khác nhau.,Parameter không tự tạo resource và không phải bảng tra cứu Mappings. Kiểm soát input trước khi triển khai.,CloudFormation,Domain 3,3.2,CloudFormation,Skill Builder,https://skillbuilder.aws/learn/HPMTZNTTZJ/aws-ml-engineer-associate--provision-and-configure-resources/R4K3BYBH3B,15/09/2026
CloudFormation Mappings / FindInMap,static lookup • Region-specific value,Bảng ánh xạ và hàm tra cứu,"Mappings hold named lookup values inside a CloudFormation template, and Fn::FindInMap retrieves a value by its keys. They support predefined configuration differences such as Region-specific resource settings without requiring a separate template for each deployment environment.","Mappings chứa các giá trị tra cứu có tên trong template CloudFormation, còn Fn::FindInMap lấy giá trị theo khóa. Chúng biểu diễn các khác biệt cấu hình đã biết như thiết lập theo Region mà không cần một template riêng cho từng môi trường triển khai.",Khai báo mapping Region → tên thuộc tính → giá trị; dùng AWS::Region làm khóa tra nếu phù hợp. Kiểm tra image URI đúng Region và image còn được hỗ trợ.,Model tra URI image ECR tương ứng Region từ mapping trước khi tạo.,Cùng kiến trúc triển khai ở nhiều Region hoặc cấu hình cố định theo môi trường.,"Mapping là bảng tra trong template, không phải API tự tìm image mới nhất hoặc cơ chế phân bổ capacity.",CloudFormation; ECR,Domain 3,3.2,CloudFormation,Skill Builder,https://skillbuilder.aws/learn/HPMTZNTTZJ/aws-ml-engineer-associate--provision-and-configure-resources/R4K3BYBH3B,15/09/2026
CloudFormation Conditions vs Rules,conditional resources • validate inputs,Điều kiện tạo tài nguyên và quy tắc kiểm tra tham số,Conditions control whether selected resources or property values are included during stack creation or update. Rules validate supplied parameter combinations before provisioning; a valid parameter set and a conditional resource decision are separate concerns.,Conditions điều khiển việc có đưa resource hoặc giá trị thuộc tính vào lúc tạo/cập nhật stack hay không. Rules kiểm tra các tổ hợp tham số đầu vào trước khi cấp phát; tính hợp lệ của input và quyết định tạo tài nguyên có điều kiện là hai vấn đề khác nhau.,Condition thường đánh giá Environment=prod; Rules kiểm tra quan hệ giữa các parameter. Gắn condition vào resource hoặc dùng hàm điều kiện trong cấu hình được hỗ trợ.,Chỉ tạo tài nguyên monitoring bổ sung ở production; từ chối tổ hợp parameter không phù hợp trước khi tạo.,Câu ghép Conditions/Rules và thiết kế template có nhiều môi trường.,Conditions không phải alarm theo dõi runtime và không tự thực thi autoscaling khi traffic tăng.,CloudFormation,Domain 3,3.2,CloudFormation,Skill Builder,https://skillbuilder.aws/learn/HPMTZNTTZJ/aws-ml-engineer-associate--provision-and-configure-resources/R4K3BYBH3B,15/09/2026
CloudFormation Outputs / Export / ImportValue,return resource values • cross-stack reference,Đầu ra và tham chiếu giữa các stack,"Outputs expose values produced by a CloudFormation stack, such as a subnet ID or endpoint name. An exported output can be imported by another stack where supported, allowing separately managed infrastructure layers to share resource references instead of duplicating the resources.","Outputs công bố giá trị do stack CloudFormation tạo ra, như subnet ID hoặc endpoint name. Output được export có thể được stack khác import trong phạm vi hỗ trợ, giúp các lớp hạ tầng quản lý riêng dùng chung tham chiếu thay vì tạo trùng tài nguyên.",Stack network export subnet/security group IDs; stack serving import để cấu hình model. Mô hình Export/ImportValue truyền thống yêu cầu cùng account/Region và có ràng buộc khi thay/xóa export đang được dùng.,Đổi subnet ID của stack nền cần xét các stack consumer trước khi cập nhật.,Tổ chức hạ tầng nhiều stack và trao đổi thông tin giữa stack.,Output không tự cấp IAM permission. Không mặc định ImportValue truyền thống dùng tùy ý xuyên account/Region.,CloudFormation,Domain 3,3.2,CloudFormation,Skill Builder,https://skillbuilder.aws/learn/HPMTZNTTZJ/aws-ml-engineer-associate--provision-and-configure-resources/R4K3BYBH3B,15/09/2026
CloudFormation change set,preview add/modify/remove • execute to apply,Bản xem trước thay đổi stack,"A change set previews how a proposed template or parameter update would affect an existing CloudFormation stack. It identifies planned resource additions, modifications and removals so the team can review the impact before explicitly executing the update.","Change set cho xem trước template hoặc parameter mới dự kiến tác động đến stack CloudFormation như thế nào. Nó chỉ ra các tài nguyên sẽ thêm, sửa hoặc gỡ để nhóm xem xét ảnh hưởng trước khi thực thi cập nhật.","Review cả replacement và ảnh hưởng tài nguyên đang phục vụ, rồi execute change set. Theo dõi stack events sau khi thực thi; lưu phiên bản ổn định cho khôi phục.",Thay thuộc tính dẫn đến replacement của endpoint hoặc storage cần được thấy trước khi áp dụng.,Triển khai cập nhật IaC có kiểm soát.,Tạo change set chưa áp dụng thay đổi; preview không bảo đảm ứng dụng sẽ pass health/load test hoặc update chắc chắn thành công.,CloudFormation,Domain 3,3.2,CloudFormation,Skill Builder,https://skillbuilder.aws/learn/HPMTZNTTZJ/aws-ml-engineer-associate--provision-and-configure-resources/R4K3BYBH3B,15/09/2026
Stack rollback and resource retention,failed operation • recovery • deletion policy,Rollback stack và giữ lại tài nguyên,"CloudFormation can roll back a failed stack operation to avoid leaving a partially applied deployment. The result depends on the operation, rollback settings and resource policies; retention policies can preserve selected resources instead of deleting them with the stack.","CloudFormation có thể rollback thao tác stack thất bại để tránh để lại triển khai chỉ áp dụng một phần. Kết quả phụ thuộc loại thao tác, cấu hình rollback và policy của resource; policy giữ lại có thể bảo toàn tài nguyên được chọn thay vì xóa cùng stack.","Bài học mô tả mặc định create thất bại thì dọn resource đã tạo. Thực tế kiểm tra stack events, trạng thái rollback và DeletionPolicy/UpdateReplacePolicy cho dữ liệu cần giữ.",Giữ bucket artifact khi dọn stack thử nghiệm; endpoint tạm được xóa để ngừng phí.,Thiết kế recovery và cleanup có chủ đích.,Không học 'mọi lỗi đều xóa mọi dữ liệu'. Có tùy chọn giữ resource khi lỗi và những resource rollback không thành công.,CloudFormation,Domain 3,3.2,CloudFormation,Skill Builder,https://skillbuilder.aws/learn/HPMTZNTTZJ/aws-ml-engineer-associate--provision-and-configure-resources/R4K3BYBH3B,15/09/2026
Layered CloudFormation architecture,identity → network → shared → backend → frontend,Kiến trúc CloudFormation phân lớp,"A layered stack architecture separates resources by responsibility and dependency, allowing stable shared foundations to be managed independently from frequently changing application components. Higher layers consume outputs from lower layers rather than recreating the same network, identity and storage resources.","Kiến trúc stack phân lớp tách tài nguyên theo trách nhiệm và phụ thuộc, giúp nền tảng dùng chung ổn định được quản lý riêng với các thành phần ứng dụng thay đổi thường xuyên. Lớp trên dùng output của lớp dưới thay vì tạo lại cùng mạng, identity và storage.",Ví dụ bài học: identity → base network → shared resources → backend → frontend. Ownership và vòng đời quyết định cách tách thực tế; các thành phần độc lập có thể triển khai song song.,"Network stack xuất subnet IDs, backend stack dùng để tạo endpoint; frontend dùng API backend.",Nhiều team dùng hạ tầng chung và cần cập nhật độc lập.,"Năm lớp là ví dụ kiến trúc, không phải thứ tự bắt buộc cho mọi ứng dụng; subnet thường cũng có thể thuộc network stack.",CloudFormation; IAM; VPC; SageMaker,Domain 3,3.2,CloudFormation,Skill Builder,https://skillbuilder.aws/learn/HPMTZNTTZJ/aws-ml-engineer-associate--provision-and-configure-resources/R4K3BYBH3B,15/09/2026
CDK app → stack → construct → template,programming language • synthesis • CloudFormation deployment,Cấu trúc ứng dụng CDK,"An AWS CDK application contains stacks, and each stack contains constructs that describe infrastructure components. Synthesizing the application produces CloudFormation templates for those stacks; CloudFormation then performs resource provisioning and lifecycle operations from the generated definitions.","Ứng dụng AWS CDK chứa các stack, mỗi stack chứa các construct mô tả thành phần hạ tầng. Synth ứng dụng tạo template CloudFormation cho các stack; sau đó CloudFormation thực hiện cấp phát và quản lý vòng đời tài nguyên từ những định nghĩa được sinh ra.","Construct Library cung cấp building blocks; Toolkit/CLI hỗ trợ init, bootstrap, synth, diff, deploy, destroy. Code có thể dùng vòng lặp, hàm, class và unit test.",Một app Python có Network Stack và Serving Stack; synth tạo hai template tương ứng.,Định nghĩa hạ tầng bằng ngôn ngữ quen thuộc và tái dùng logic.,CDK không thay CloudFormation bằng một loạt lời gọi SDK tạo resource độc lập; synth chưa triển khai tài nguyên ứng dụng.,AWS CDK; CloudFormation,Domain 3,3.2,AWS CDK,Skill Builder,https://skillbuilder.aws/learn/HPMTZNTTZJ/aws-ml-engineer-associate--provision-and-configure-resources/R4K3BYBH3B,15/09/2026
CDK L1 / L2 / L3 constructs,CFN resource • higher-level defaults • architecture pattern,Ba cấp construct CDK,"L1 constructs closely mirror individual CloudFormation resources and expose their properties. L2 constructs add convenient defaults and methods around resources, while L3 patterns compose multiple resources into a reusable architecture for a particular use case.",Construct L1 gần tương ứng từng resource CloudFormation và cung cấp các thuộc tính của resource đó. L2 bổ sung default và phương thức thuận tiện quanh resource; L3 kết hợp nhiều resource thành một mẫu kiến trúc tái sử dụng cho một use case.,"L1: sagemaker.CfnEndpoint. L2: S3 Bucket/DynamoDB Table cùng grant helpers. L3: QueueProcessingEc2Service kết hợp ECS service, SQS và scaling.",Cần cấu hình property CFN chi tiết → L1; cần queue-processing architecture có sẵn → L3.,Ghép yêu cầu mức kiểm soát và tái sử dụng với construct level.,L3 không đảm bảo mọi default đúng nghiệp vụ; đọc synthesized template và kiểm tra quyền/chi phí của tài nguyên được tạo thêm.,AWS CDK,Domain 3,3.2,AWS CDK,Skill Builder,https://skillbuilder.aws/learn/HPMTZNTTZJ/aws-ml-engineer-associate--provision-and-configure-resources/R4K3BYBH3B,15/09/2026
cdk init vs bootstrap,create project • prepare account/Region,Khởi tạo dự án và chuẩn bị môi trường CDK,cdk init creates the source project and language scaffolding for a CDK application. cdk bootstrap prepares the target AWS environment with deployment-support resources such as asset storage and roles; it does not deploy the application's business infrastructure.,cdk init tạo cấu trúc mã nguồn và ngôn ngữ cho dự án CDK. cdk bootstrap chuẩn bị môi trường AWS đích bằng các tài nguyên hỗ trợ triển khai như kho asset và role; lệnh này không triển khai hạ tầng nghiệp vụ của ứng dụng.,Phân biệt thao tác local project với thao tác chuẩn bị account/Region. Môi trường đã bootstrap phù hợp không cần tạo lại cho mỗi lần deploy.,Init app Python tại thư mục mới; bootstrap account/Region trước lần triển khai cần upload assets.,Sắp xếp các bước bắt đầu dự án CDK.,Bootstrap tạo tài nguyên AWS thật và cần quyền; không đồng nghĩa synth hoặc deploy app.,AWS CDK,Domain 3,3.2,AWS CDK,Skill Builder,https://skillbuilder.aws/learn/HPMTZNTTZJ/aws-ml-engineer-associate--provision-and-configure-resources/R4K3BYBH3B,15/09/2026
cdk synth / diff / deploy / destroy,generate • compare • provision • remove,Bốn lệnh trong vòng đời triển khai CDK,"cdk synth produces deployment templates, cdk diff compares the proposed infrastructure with a reference deployment, and cdk deploy applies the application through CloudFormation. cdk destroy removes selected stacks subject to resource-retention policies and dependencies.","cdk synth sinh template triển khai, cdk diff so sánh hạ tầng đề xuất với bản triển khai tham chiếu, còn cdk deploy áp dụng ứng dụng qua CloudFormation. cdk destroy gỡ các stack được chọn theo policy giữ tài nguyên và quan hệ phụ thuộc.",Luồng thường dùng: viết code → synth/test → diff/review → deploy → kiểm thử runtime. Dọn stack tạm sau khi xong; giữ artifact/data cần dùng lại.,"Diff cho biết endpoint config sẽ đổi, deploy mới áp thay đổi đó vào AWS.",Câu pipeline IaC và phân biệt kết quả từng lệnh.,Destroy không bảo đảm xóa resource có Retain và không nên chạy cho production chỉ vì pipeline kết thúc.,AWS CDK; CloudFormation,Domain 3,3.2,AWS CDK,Skill Builder,https://skillbuilder.aws/learn/HPMTZNTTZJ/aws-ml-engineer-associate--provision-and-configure-resources/R4K3BYBH3B,15/09/2026
Container image vs running container vs VM,packaged runtime • running process • shared host kernel,"Image, container đang chạy và máy ảo","A container image packages application code, runtime dependencies and configuration. A running container is an isolated execution of that image using the host operating-system kernel, while a virtual machine normally includes its own guest operating system above a virtualization layer.","Container image đóng gói mã ứng dụng, dependency của runtime và cấu hình. Container đang chạy là một lần thực thi image trong môi trường cô lập sử dụng kernel hệ điều hành của host; máy ảo thường có hệ điều hành khách riêng chạy trên lớp ảo hóa.",ECR lưu image; SageMaker/ECS/EKS quản lý việc chạy container; EC2 cung cấp compute. Training và inference có thể dùng image riêng hoặc chung nếu đáp ứng cả hai contract.,Image có Python + PyTorch + inference handler được dùng để khởi tạo nhiều bản sao phục vụ.,"Phân biệt registry, orchestration, hosting và đơn vị đóng gói.",Containers không có nghĩa mọi ứng dụng cùng dùng một bộ user-space libraries; từng image vẫn có dependency của nó.,Docker; ECR; ECS; EKS; EC2,Domain 3,3.2,Container,Skill Builder,https://skillbuilder.aws/learn/HPMTZNTTZJ/aws-ml-engineer-associate--provision-and-configure-resources/R4K3BYBH3B,15/09/2026
/opt/ml training directory contract,code • config • channels • checkpoints • output • model,Cấu trúc thư mục training SageMaker,"SageMaker training containers use designated paths to exchange code, configuration, input data, checkpoints and outputs with the managed training service. Each path has a distinct purpose, so the training program must write final model artifacts and intermediate results to the appropriate locations.","Container training SageMaker dùng các đường dẫn quy định để trao đổi mã, cấu hình, dữ liệu vào, checkpoint và đầu ra với dịch vụ training được quản lý. Mỗi đường dẫn có chức năng riêng, nên chương trình phải ghi artifact model cuối cùng và kết quả trung gian vào đúng nơi.",/opt/ml/code: scripts; /opt/ml/input/config: hyperparameters/resource configuration; /opt/ml/input/data/<channel>: data channels theo input mode; /opt/ml/checkpoints: checkpoint khi cấu hình; /opt/ml/output/data: output khác model; /opt/ml/model: model cuối.,Save trọng số cuối ở /opt/ml/model; báo cáo tùy chọn ở /opt/ml/output/data; checkpoint phục hồi ở đường dẫn checkpoint.,Chuẩn bị image/handler tương thích SageMaker và ghép thư mục với chức năng.,Không mọi input mode đều materialize dữ liệu như File mode. Viết file tùy ý ngoài đường dẫn được xử lý không bảo đảm sẽ được upload S3.,SageMaker Training; S3,Domain 3,3.2,Container,Skill Builder,https://skillbuilder.aws/learn/HPMTZNTTZJ/aws-ml-engineer-associate--provision-and-configure-resources/R4K3BYBH3B,15/09/2026
model.tar.gz vs output.tar.gz vs checkpoints,final artifacts • other outputs • resume state,Ba loại đầu ra của training container,"Final model artifacts, auxiliary job outputs and checkpoints serve different lifecycle purposes. SageMaker normally packages files from the model directory for later deployment, packages other output data separately, and can synchronize configured checkpoints to support recovery while training is in progress.","Artifact model cuối, đầu ra phụ của job và checkpoint phục vụ những mục đích vòng đời khác nhau. SageMaker thường đóng gói tệp trong thư mục model để triển khai sau này, đóng gói output dữ liệu khác riêng và có thể đồng bộ checkpoint đã cấu hình để phục hồi khi training còn chạy.",/opt/ml/model thường → model.tar.gz trên S3; /opt/ml/output/data → output.tar.gz; checkpoint được đồng bộ theo cấu hình checkpoint S3. Handler quyết định file cần chứa để reload model.,Resume job bị gián đoạn dùng checkpoint có optimizer/training state; deploy dùng bộ artifact model tương thích inference.,Ghép vị trí lưu và kết quả pipeline trước khi deploy.,Không dùng output.tar.gz thay model.tar.gz chỉ vì đều là tar archive; checkpoint không tự là gói inference hoàn chỉnh.,SageMaker Training; S3,Domain 3,3.2,Container,Skill Builder,https://skillbuilder.aws/learn/HPMTZNTTZJ/aws-ml-engineer-associate--provision-and-configure-resources/R4K3BYBH3B,15/09/2026
Inference container serving contract,8080 • ENTRYPOINT • /invocations • /ping,Giao ước phục vụ của container inference,"A SageMaker real-time inference container starts an executable inference server, loads the model from its expected location and serves the HTTP routes required by hosting. The server listens on port 8080, handles inference requests and exposes a health-check route that shows whether the model can serve.","Container inference real-time của SageMaker khởi động một inference server thực thi được, tải model từ vị trí được quy định và phục vụ các HTTP route mà hosting yêu cầu. Server lắng nghe cổng 8080, xử lý yêu cầu suy luận và cung cấp route health check thể hiện model đã sẵn sàng phục vụ hay chưa.","Dockerfile cần ENTRYPOINT phù hợp; artifact được đặt ở /opt/ml/model. POST /invocations xử lý suy luận; health checks gửi GET /ping, trả HTTP 200 khi ready. Bài học nêu timeout health check 2 giây và cửa sổ khởi tạo 8 phút.",Image chạy server ở 8000 sẽ không đáp ứng contract cổng 8080 của bài; health 200 nhưng model chưa load vẫn có thể làm request thất bại.,Kiểm tra BYOC trước khi tạo endpoint.,Tài liệu requirement có chỗ ghi POST /ping trong khi mục health check ghi GET. Triển khai phải đáp ứng GET thực tế; xem giới hạn payload/API ở thuật ngữ 'Inference limits — source differences'.,SageMaker Hosting; Docker,Domain 3,3.2,Container,Skill Builder,"https://skillbuilder.aws/learn/HPMTZNTTZJ/aws-ml-engineer-associate--provision-and-configure-resources/R4K3BYBH3B
https://docs.aws.amazon.com/sagemaker/latest/dg/your-algorithms-inference-code.html",15/09/2026
Nginx → Gunicorn → Flask serving example,reverse proxy • WSGI • model handler,Ví dụ kiến trúc server inference,"In the lesson's Python serving example, Nginx receives HTTP traffic, Gunicorn runs the Python WSGI workers, and Flask implements the health and inference handlers. These components separate network serving, process concurrency and model logic within the container.","Trong ví dụ phục vụ Python của bài học, Nginx nhận HTTP traffic, Gunicorn chạy các worker WSGI Python, và Flask cài đặt handler health check/suy luận. Các thành phần tách việc phục vụ mạng, xử lý đồng thời ở cấp process và logic model trong container.","Nginx nghe 8080 và chuyển /ping, /invocations đến Gunicorn; Flask load model và dự đoán. Số worker và concurrency phải phù hợp RAM/GPU của model.",Tăng worker có thể tạo nhiều bản sao model trong memory; benchmark trước khi tăng.,Hiểu sơ đồ BYOC và phân công vai trò từng component.,"Đây là implementation mẫu, không bắt buộc mọi container SageMaker phải dùng Nginx/Gunicorn/Flask; model server khác hợp lệ nếu đáp ứng contract.",Nginx; Gunicorn; Flask; SageMaker,Domain 3,3.2,Container,Skill Builder,https://skillbuilder.aws/learn/HPMTZNTTZJ/aws-ml-engineer-associate--provision-and-configure-resources/R4K3BYBH3B,15/09/2026
SageMaker Python SDK v2 vs v3,Estimator.fit • ModelTrainer.train • ModelBuilder,Hai thế hệ API SDK SageMaker,"SageMaker Python SDK versions 2 and 3 use different high-level interfaces. Version 2 commonly uses Estimator, Model and Predictor, whereas version 3 consolidates training around ModelTrainer and serving around ModelBuilder; examples must be interpreted with their intended SDK version.","SageMaker Python SDK phiên bản2 và3 dùng các interface cấp cao khác nhau. V2 thường dùng Estimator, Model và Predictor; v3 hợp nhất training quanh ModelTrainer và serving quanh ModelBuilder; cần đọc ví dụ theo đúng phiên bản SDK được thiết kế cho nó.",V2: Processor.run; Estimator.fit; Model/Estimator.deploy → Predictor.predict. V3: ModelTrainer.train; ModelBuilder.build → deploy → endpoint.invoke. Đây là bản đồ khái niệm; import/parameter phải theo docs của version.,Knowledge check Estimator + fit là câu v2; không đổi thành run vì nhầm với Processing.,"Đọc đề và code cũ, triển khai code mới có kiểm soát dependency.",Không trộn lớp v2 với method/parameter v3 trong cùng ví dụ rồi coi là runnable. Bài học hiện đặt hai thế hệ cạnh nhau.,SageMaker Python SDK; Boto3,Domain 3,3.2,SDK và tự động hóa,Skill Builder,"https://skillbuilder.aws/learn/HPMTZNTTZJ/aws-ml-engineer-associate--provision-and-configure-resources/R4K3BYBH3B
https://sagemaker.readthedocs.io/en/stable/",15/09/2026
ModelBuilder build → deploy → invoke,model resource • endpoint resource • prediction,Ba bước inference của SDK v3,"ModelBuilder prepares a deployable SageMaker model from supported model inputs and serving configuration. Its build operation creates the model representation, deploy provisions serving resources and returns an endpoint object, and invocation sends new input to that deployed endpoint for predictions.","ModelBuilder chuẩn bị model SageMaker có thể triển khai từ đầu vào model được hỗ trợ và cấu hình serving. Build tạo biểu diễn model, deploy cấp phát tài nguyên phục vụ và trả endpoint object, còn invoke gửi dữ liệu mới tới endpoint đã triển khai để nhận dự đoán.",Chỉ định model/artifacts và role; build tên model; deploy compute hoặc inference configuration tương ứng; chờ endpoint sẵn sàng rồi gọi invoke với payload/content type.,Serverless v3 truyền cấu hình vào inference_config; không thêm instance_type như endpoint provisioned.,Sắp xếp pipeline deployment bằng SDK.,Build thành công chưa có endpoint đang phục vụ; deploy không train model lại. Serialization và runtime phải khớp model.,SageMaker Python SDK v3,Domain 3,3.2,SDK và tự động hóa,Skill Builder,"https://skillbuilder.aws/learn/HPMTZNTTZJ/aws-ml-engineer-associate--provision-and-configure-resources/R4K3BYBH3B
https://sagemaker.readthedocs.io/en/stable/api/generated/sagemaker.serve.model_builder.html",15/09/2026
VpcConfig vs PrivateLink vs S3 endpoint,container-to-VPC • client-to-runtime • private S3 access,Ba cấu hình mạng khác vai trò,"SageMaker VpcConfig connects model-container networking to selected VPC subnets and security groups. A SageMaker Runtime interface endpoint provides private client access to the inference API, while an S3 VPC endpoint provides a private path to S3 resources; each solves a different network path.","VpcConfig của SageMaker kết nối mạng container model với các subnet và security group được chọn trong VPC. Interface endpoint SageMaker Runtime cung cấp đường gọi inference API riêng cho client, còn S3 VPC endpoint cung cấp đường riêng tới S3; mỗi cấu hình giải quyết một luồng mạng khác nhau.",Cần DB nội bộ → VpcConfig + SG/route. Client không qua internet → Runtime interface endpoint/PrivateLink. Subnet không internet cần S3 → S3 endpoint và policy phù hợp.,Ứng dụng → PrivateLink → Runtime API → hosted model; model → ENI từ VpcConfig → database nội bộ.,Câu tình huống chọn đúng control cho đúng hướng traffic.,VpcConfig không tự biến hostname API thành private. Endpoint S3 không thay Runtime endpoint; IAM vẫn cần ngoài kiểm soát mạng.,SageMaker; VPC; PrivateLink; S3,Domain 3,3.2,Mạng triển khai,Skill Builder,https://skillbuilder.aws/learn/HPMTZNTTZJ/aws-ml-engineer-associate--provision-and-configure-resources/R4K3BYBH3B,15/09/2026
Network isolation vs VPC access,no container network calls • no credentials in container,Cô lập mạng và quyền truy cập VPC,"SageMaker network isolation prevents the model container from making network calls and does not provide AWS credentials inside that container. The managed service still handles supported artifact transfers using the execution role, so isolation differs from giving a container restricted access through a VPC.","Network isolation của SageMaker ngăn container model thực hiện lời gọi mạng và không đưa AWS credentials vào container. Dịch vụ được quản lý vẫn xử lý việc chuyển artifact được hỗ trợ bằng execution role, nên isolation khác với việc cho container truy cập có giới hạn thông qua VPC.","Nếu inference handler cần gọi database hoặc API bên ngoài, phải xét yêu cầu đó trước khi bật isolation. VpcConfig/SG giới hạn đường truy cập; isolation ngăn container tự gọi mạng.",Model dự đoán hoàn toàn từ artifact có thể dùng isolation; model tra DB trong handler cần kiến trúc truy cập khác.,Thiết kế hạn chế egress và tránh xung đột yêu cầu chức năng.,Không học rằng bật cả mọi control luôn đúng; network isolation không phải cách để container được gọi DB an toàn.,SageMaker; IAM; VPC,Domain 3,3.2,Mạng triển khai,Skill Builder,https://skillbuilder.aws/learn/HPMTZNTTZJ/aws-ml-engineer-associate--provision-and-configure-resources/R4K3BYBH3B,15/09/2026
Private DNS for interface endpoints,standard hostname → private IP • client path,DNS riêng cho interface endpoint,Private DNS lets supported service hostnames resolve to the private addresses of an interface VPC endpoint for clients using the configured VPC DNS environment. Applications can then use the usual AWS SDK service hostname while their requests follow the private endpoint path.,Private DNS giúp hostname dịch vụ được hỗ trợ phân giải thành địa chỉ riêng của interface VPC endpoint đối với client sử dụng môi trường DNS VPC đã cấu hình. Ứng dụng có thể dùng hostname dịch vụ AWS SDK quen thuộc trong khi request đi qua đường endpoint riêng.,"Kiểm tra VPC DNS settings, endpoint subnets/security groups và quyền gọi API. Với SageMaker inference cần đúng service Runtime; API quản lý và Runtime là luồng khác nhau.",SDK invoke endpoint bằng hostname chuẩn nhưng DNS trả private address của ENI endpoint.,Giữ code client ổn định khi chuyển invocation sang mạng riêng.,"Tạo interface endpoint chưa đảm bảo mọi client/nguồn DNS tự dùng nó; DNS, routing và endpoint policy cần phù hợp.",AWS PrivateLink; SageMaker Runtime; VPC,Domain 3,3.2,Mạng triển khai,Skill Builder,https://skillbuilder.aws/learn/HPMTZNTTZJ/aws-ml-engineer-associate--provision-and-configure-resources/R4K3BYBH3B,15/09/2026
Load test → bottleneck metric → scaling target,representative traffic • saturation • headroom,Chọn metric từ nút thắt đo được,"A useful scaling metric reflects the resource or workload pressure that limits endpoint performance under representative load. Load testing identifies where latency degrades, and the policy target is set with headroom before that point rather than selected from an arbitrary utilization percentage.",Metric scaling hữu ích phản ánh tài nguyên hoặc áp lực công việc giới hạn hiệu năng endpoint dưới tải đại diện. Load test xác định điểm latency xấu đi; target policy được đặt có khoảng dự phòng trước điểm đó thay vì chọn tùy ý một phần trăm utilization.,"Đo CPU, memory, invocations per instance, GPU/concurrency/queue theo model. Theo dõi latency làm tiêu chí kiểm định; metric target tracking cần có quan hệ thích hợp với thay đổi capacity.","Nếu memory hoặc GPU đạt nút thắt khi CPU thấp, target CPU 90% có thể không bao giờ scale kịp.",Thiết lập chính sách vừa giữ SLA vừa tránh trả tiền capacity nhàn rỗi.,ModelLatency hữu ích để đánh giá/trigger alarm nhưng không mặc định là metric target tracking tốt trong mọi workload.,SageMaker; CloudWatch; Application Auto Scaling,Domain 3,3.2,Autoscaling,Skill Builder,https://skillbuilder.aws/learn/HPMTZNTTZJ/aws-ml-engineer-associate--provision-and-configure-resources/R4K3BYBH3B,15/09/2026
Target tracking scaling,maintain target • proportional capacity adjustment,Scaling bám giá trị mục tiêu,Target tracking adjusts a scalable resource's capacity to keep a selected supported metric near a configured target. The scaling service calculates the required adjustments within minimum and maximum capacity bounds; the application team selects a metric and target that represent safe operating load.,Target tracking điều chỉnh capacity của tài nguyên có thể scale để giữ metric được hỗ trợ gần target đã cấu hình. Dịch vụ scaling tính mức điều chỉnh trong giới hạn min/max; nhóm ứng dụng phải chọn metric và target đại diện cho tải vận hành an toàn.,Ví dụ bài học target average CPU 50%; hoặc invocations/concurrent requests per instance sau load test. Cấu hình cooldown và baseline phù hợp thời gian tạo instance/tải model.,"3 instance trung bình 66% CPU → thêm capacity để tiến gần 50%; đây là minh họa, không phải cam kết số instance trong mọi tình huống.",Traffic biến động liên tục và metric có quan hệ phù hợp với capacity.,Không bảo đảm metric luôn bằng target hoặc scale tức thời; min/max và thời gian khởi tạo vẫn giới hạn phản ứng.,Application Auto Scaling; SageMaker,Domain 3,3.2,Autoscaling,Skill Builder,https://skillbuilder.aws/learn/HPMTZNTTZJ/aws-ml-engineer-associate--provision-and-configure-resources/R4K3BYBH3B,15/09/2026
Step scaling,CloudWatch alarm • breach ranges • adjustments,Scaling theo các bậc ngưỡng,"Step scaling changes capacity by configured adjustments when a CloudWatch alarm enters a breach condition. Different breach ranges can apply different adjustments, allowing a stronger scale-out response to a larger overload instead of trying to hold one target value.","Step scaling thay đổi capacity theo mức điều chỉnh cấu hình khi CloudWatch alarm phát hiện vi phạm ngưỡng. Các khoảng vi phạm khác nhau có thể áp dụng mức tăng/giảm khác nhau, giúp phản ứng mạnh hơn khi quá tải lớn thay vì chỉ giữ một target.","Định nghĩa metric, alarm threshold/evaluation periods và các bậc adjustment. Ví dụ bài học 50 invocations/instance → thêm 1,80 → thêm 2; cần hiểu đơn vị và chu kỳ đo của metric thật.","Overload nhẹ tăng 1 instance, overload lớn tăng 2; giữ giới hạn capacity và cooldown.",Muốn kiểm soát mức phản ứng theo độ lớn của vi phạm.,"Không chỉ đặt alarm là đủ: alarm phải nối scaling policy và scalable target. Số 50/80 là ví dụ, không chuẩn thi cố định.",CloudWatch; Application Auto Scaling,Domain 3,3.2,Autoscaling,Skill Builder,https://skillbuilder.aws/learn/HPMTZNTTZJ/aws-ml-engineer-associate--provision-and-configure-resources/R4K3BYBH3B,15/09/2026
Scheduled scaling vs manual scaling,predictable calendar • explicit capacity change,Scaling theo lịch và chỉnh thủ công,"Scheduled scaling changes capacity bounds at known times to prepare for predictable demand, while manual scaling changes capacity through an explicit operator or API action. Scheduled actions can work with dynamic policies, which continue adjusting resources within the scheduled bounds.",Scheduled scaling thay đổi giới hạn capacity vào thời điểm xác định để chuẩn bị nhu cầu có quy luật; manual scaling thay đổi capacity qua hành động người vận hành hoặc API. Lịch có thể kết hợp dynamic policy tiếp tục điều chỉnh tài nguyên trong giới hạn được đặt theo lịch.,"Scheduled đặt min/max mới trước cao điểm và hạ sau sự kiện. Manual/on-demand scaling trong bài là tăng giảm chủ động, khác On-Demand pricing của EC2.",Traffic cao mỗi thứ Tư → đặt lịch tăng baseline trước đó; target tracking điều chỉnh tiếp trong ngày.,Nhu cầu có giờ cao điểm biết trước hoặc cần override tạm thời.,Không suy ra traffic không dự đoán được thì chỉ được scale thủ công; dynamic policies thường phù hợp chính cho tải biến động.,SageMaker; Application Auto Scaling,Domain 3,3.2,Autoscaling,Skill Builder,https://skillbuilder.aws/learn/HPMTZNTTZJ/aws-ml-engineer-associate--provision-and-configure-resources/R4K3BYBH3B,15/09/2026
GPU scale-out readiness delay,launch + image pull + weights load • scale early,Độ trễ sẵn sàng khi thêm instance GPU,"GPU scale-out only adds usable serving capacity after the instance starts, the container image is available and model weights areloaded into accelerator memory. Large-model startup can take minutes, so scaling must begin before existing instances exhaust their safe concurrency or memory capacity.","Scale-out GPU chỉ bổ sung capacity phục vụ thực tế sau khi instance khởi động, image container có sẵn và trọng số model được tải vào bộ nhớ accelerator. Khởi tạo model lớn có thể mất nhiều phút, nên scaling cần bắt đầu trước khi các instance hiện có hết concurrency hoặc memory an toàn.","Dùng warm minimum, target sớm và scheduled pre-scaling khi biết trước tải. Theo dõi readiness và latency; không đếm instance vừa launch là capacity đã nhận request.","Bài học đo tối đa 8 request đồng thời/instance, đặt target 5 và min 2; toàn bộ là số benchmark ví dụ.",LLM endpoint phản ứng chậm dù policy đã thêm GPU instance.,"Không áp mặc định target 5 cho mọi LLM. Context/output tokens, batching và model size thay đổi capacity.",SageMaker; GPU instances; CloudWatch,Domain 3,3.2,Autoscaling GPU,Skill Builder,https://skillbuilder.aws/learn/HPMTZNTTZJ/aws-ml-engineer-associate--provision-and-configure-resources/R4K3BYBH3B,15/09/2026
GPU concurrency and memory headroom,weights + runtime + KV cache • queue depth,Concurrency và bộ nhớ dự phòng trên GPU,"GPU serving capacity depends on memory for model weights, the serving runtime and concurrent requests, including the key-value cache used during LLM generation. Safe concurrency is the load the instance can sustain within its latency target without exhausting that memory budget.","Capacity phục vụ GPU phụ thuộc bộ nhớ cho trọng số model, runtime serving và các request đồng thời, gồm KV cache khi LLM sinh token. Concurrency an toàn là mức tải instance giữ được trong latency mục tiêu mà không dùng cạn ngân sách bộ nhớ đó.","Quan sát GPU utilization, GPU memory, queue/concurrent requests cùng input/output token lengths. CPU thấp vẫn có thể GPU bão hòa; queue/concurrency thường phản ánh áp lực latency rõ hơn CPU.",Hai request context rất dài có thể tốn memory hơn nhiều request ngắn dù requests/sec thấp.,Right-size GPU và chọn metric scaling sát workload.,Memory usage cao do weights cố định không tự là metric target tracking tốt; scale-out cũng không giúp một model không vừa một replica.,SageMaker; GPU; CloudWatch,Domain 3,3.2,Autoscaling GPU,Skill Builder,https://skillbuilder.aws/learn/HPMTZNTTZJ/aws-ml-engineer-associate--provision-and-configure-resources/R4K3BYBH3B,15/09/2026
Customer-managed vs Bedrock Managed knowledge base,choose vector backend • managed datastore,Hai mức quản lý knowledge base,"The lesson distinguishes a Bedrock Managed knowledge base, where the service manages the datastore and default embedding choices, from a customer-managed knowledge base, where the team configures the vector store, embedding model, data sources and chunking. The choice determines which infrastructure decisions remain with the team.","Bài học phân biệt Bedrock Managed knowledge base, nơi dịch vụ quản lý datastore và lựa chọn embedding mặc định, với customer-managed knowledge base, nơi nhóm cấu hình vector store, embedding model, data sources và chunking. Lựa chọn này quyết định những phần hạ tầng nào nhóm vẫn phải thiết kế.","Phần cấu hình chi tiết của module tập trung customer-managed. Chọn backend theo tìm kiếm, chi phí, tích hợp, khả năng vận hành; xác nhận kiểu KB/model/Region hỗ trợ trước khi triển khai.",Đội đã có Aurora/pgvector có thể kết nối store hiện hữu thay vì tạo store mới nếu cấu hình tương thích.,Phân biệt managed ingestion với ai quản lý cấu hình vector backend.,Customer-managed không có nghĩa tự viết mọi bước ingestion; Bedrock vẫn quản lý ingestion. Không coi mọi KB đều bắt buộc chọn OpenSearch.,Bedrock Knowledge Bases,Domain 3,3.2,RAG infrastructure,Skill Builder,https://skillbuilder.aws/learn/HPMTZNTTZJ/aws-ml-engineer-associate--provision-and-configure-resources/R4K3BYBH3B,15/09/2026
Quick-create vs existing vector store,create index and fields • reuse supported backend,Tạo nhanh và kết nối vector store sẵn có,"Quick-create provisioning lets Bedrock configure a supported new vector store and the index fields needed by a knowledge base. Connecting an existing store reuses a compatible backend, but requires the correct index, vector dimensions, text and metadata mappings, access permissions and network configuration.","Quick-create cho Bedrock cấu hình vector store mới được hỗ trợ cùng các trường index cần cho knowledge base. Kết nối store sẵn có tái sử dụng backend tương thích nhưng đòi hỏi đúng index, số chiều vector, ánh xạ text/metadata, quyền truy cập và mạng.","Module nêu quick-create: OpenSearch Serverless, Aurora PostgreSQL Serverless, Neptune Analytics, S3 Vectors. Các store hiện hữu/partner có điều kiện riêng. Vector dimension phải khớp embedding model.","Chọn Titan V2 1024 dimensions → index tương thích 1024, không tái dùng index 1536 mà không thay đổi cấu hình.",Chọn lộ trình provisioning KB theo nền tảng hiện có.,Quick-create giảm setup không có nghĩa miễn phí hoặc backend nào cũng hỗ trợ hybrid/binary vector giống nhau.,Bedrock Knowledge Bases; vector stores,Domain 3,3.2,RAG infrastructure,Skill Builder,https://skillbuilder.aws/learn/HPMTZNTTZJ/aws-ml-engineer-associate--provision-and-configure-resources/R4K3BYBH3B,15/09/2026
Retrieval requirements → configuration,freshness • traceability • latency/cost • access scope,Ánh xạ yêu cầu vào thiết kế retrieval,"Retrieval pipeline design maps business requirements to ingestion and query-time settings. Freshness controls synchronization, traceability shapes metadata and citations, latency and cost constrain candidate counts and reranking, and access scope determines how authorized document sets are isolated and filtered.",Thiết kế retrieval pipeline ánh xạ yêu cầu nghiệp vụ vào cấu hình ingestion và lúc truy vấn. Độ mới quyết định đồng bộ; khả năng truy nguồn định hình metadata/citation; latency và cost giới hạn số candidates/reranking; phạm vi truy cập quyết định cách cô lập/lọc tài liệu được phép.,"Tách 4 nhóm yêu cầu rồi chọn sync trigger/frequency, chunking/embedding/store, top-k/rerank/citation, metadata schema/filter. Đo end-to-end trên bộ query đại diện.",HR assistant: policy mới trong 1 ngày → sync đêm; chỉ policy đúng country → metadata/filter từ identity backend.,Thiết kế có thể review được bằng chuỗi yêu cầu→quyết định→kiểm thử.,Rerank không làm dữ liệu mới hơn; sync thường hơn không thay authorization. Các lựa chọn cần đánh đổi và đo.,Bedrock Knowledge Bases,Domain 3,3.2,RAG infrastructure,Skill Builder,https://skillbuilder.aws/learn/HPMTZNTTZJ/aws-ml-engineer-associate--provision-and-configure-resources/R4K3BYBH3B,15/09/2026
Session compute vs stored short-term events,ephemeral runtime • retained events • reload context,Compute phiên tạm và sự kiện hội thoại được lưu,"A runtime session's in-memory execution context is temporary, while short-term conversation events stored in AgentCore Memory can persist for a configured retention period. Restoring a conversation requires retrieving the stored events and rebuilding the context; the term short-term does not mean immediate deletion when a session ends.",Ngữ cảnh thực thi trong memory của phiên runtime là tạm thời; sự kiện hội thoại ngắn hạn đã ghi vào AgentCore Memory có thể tồn tại trong thời hạn lưu cấu hình. Khôi phục hội thoại cần đọc các sự kiện đã lưu và dựng lại context; 'ngắn hạn' không có nghĩa xóa ngay khi phiên kết thúc.,"Theo bài học: raw events có retention tối đa 365 ngày; runtime microVM mặc định ephemeral. Nhận diện actor/session, ghi tiến độ cần phục hồi và kiểm thử reconnect.",Khách mất kết nối giữa workflow đặt vé; phiên mới đọc task state đã lưu để tiếp tục đúng bước.,Tránh mất progress và phân biệt scope dữ liệu với thời gian tồn tại compute.,Không mặc định runtime tự bền vững mọi biến Python. Runtime có cấu hình session storage riêng trong docs hiện hành; không nhầm với Memory.,AgentCore Runtime; AgentCore Memory,Domain 3,3.2,Agent state,Skill Builder,"https://skillbuilder.aws/learn/HPMTZNTTZJ/aws-ml-engineer-associate--provision-and-configure-resources/R4K3BYBH3B
https://docs.aws.amazon.com/bedrock-agentcore/latest/devguide/runtime-sessions.html",15/09/2026
Long-term extraction strategies and namespaces,facts • preferences • summaries • actor scope,Chiến lược trích xuất và namespace bộ nhớ dài hạn,"Long-term memory strategies select useful information from recorded interactions and organize the resulting records under configured namespaces. This supports recall of user facts, preferences or summaries across sessions while preserving the distinction between raw conversation events and extracted knowledge.","Chiến lược bộ nhớ dài hạn chọn thông tin hữu ích từ tương tác đã ghi và tổ chức các record kết quả theo namespace cấu hình. Nhờ đó agent nhớ fact, sở thích hoặc tóm tắt của người dùng giữa nhiều phiên, đồng thời phân biệt sự kiện hội thoại thô với tri thức đã trích xuất.","Cấu hình strategy, actor/session IDs và namespace; lưu event → extraction bất đồng bộ → retrieve record phù hợp context. Theo bài học, retention raw event không tự áp thời hạn xóa cho long-term records.",Sở thích liên hệ qua email dùng ở lần truy cập sau; refund đang xử lý thuộc task state; policy chung thuộc KB.,Cá nhân hóa và quản lý scope/retention dữ liệu agent.,Namespace tổ chức dữ liệu không tự thay authorization. Không có strategy thì không tự trích xuất long-term insight; không coi memory là model weights.,AgentCore Memory,Domain 3,3.2,Agent state,Skill Builder,"https://skillbuilder.aws/learn/HPMTZNTTZJ/aws-ml-engineer-associate--provision-and-configure-resources/R4K3BYBH3B
https://docs.aws.amazon.com/bedrock-agentcore/latest/devguide/memory-organization.html",15/09/2026
Supervisor–specialist collaboration,decompose • delegate • aggregate • scoped agents,Phối hợp agent giám sát và agent chuyên môn,"A supervisor–specialist system uses a coordinating agent to break a user goal into subtasks, delegate work to specialized agents and combine their results. Separate agents can own different tools, permissions and release cycles, while the supervisor maintains workflow-level progress and shares only the context needed for each subtask.","Hệ thống supervisor–specialist dùng agent điều phối chia mục tiêu người dùng thành subtasks, giao việc cho agent chuyên môn và kết hợp kết quả. Các agent có thể có tool, quyền và vòng đời phát hành khác nhau; supervisor giữ tiến độ toàn workflow và chỉ chia sẻ context cần cho từng nhiệm vụ.","Nên tách khi tool set quá rộng, nhiệm vụ cần quyền khác nhau hoặc team muốn deploy độc lập. A2A hỗ trợ trao đổi task/result; MCP cho phép agent gọi tool.","Supervisor du lịch giao flight, hotel, payment cho specialist riêng; flight không có quyền payment.",Thiết kế multi-agent infrastructure theo trách nhiệm.,"Multi-agent không tự tốt hơn một agent; có overhead, lỗi phân tán và nhu cầu tracing. Shared tools chỉ dành agent được phép.",AgentCore Runtime; Gateway; Identity; Memory; A2A,Domain 3,3.2,Agent workflows,Skill Builder,https://skillbuilder.aws/learn/HPMTZNTTZJ/aws-ml-engineer-associate--provision-and-configure-resources/R4K3BYBH3B,15/09/2026
Backpressure and downstream concurrency limits,buffer overflow • protect bottleneck • queue consumers,Áp lực ngược và giới hạn đồng thời phía sau,"Backpressure limits how quickly upstream components send work to a constrained downstream service. A queue can buffer excess work while consumer concurrency limits keep processing within downstream capacity, allowing the system to recover from bursts without assuming every accepted request completes immediately.","Backpressure giới hạn tốc độ thành phần phía trước đẩy việc vào dịch vụ phía sau bị giới hạn. Queue có thể giữ phần việc vượt tải trong khi concurrency của consumer giữ tốc độ xử lý trong capacity downstream, giúp hệ thống phục hồi sau burst mà không giả định mọi request được nhận đều hoàn tất ngay.","Đặt SQS trước Lambda tool chịu API rate limit; consumer giới hạn đồng thời, retry/DLQ và idempotency. Đo queue age/backlog cùng completion/failure, không chỉ số request đã nhận.","Walkthrough create_ticket 100 concurrent, check_status 500, escalate 50: giới hạn riêng theo hệ thống phụ thuộc.","Agent gọi nhiều tool có tốc độ, quota và kiểu thất bại khác nhau.",Concurrency không đồng nghĩa requests/second; queue không tự có nếu chỉ giảm Lambda concurrency. Cần thiết kế đường bất đồng bộ và thông báo kết quả.,SQS; Lambda; CloudWatch,Domain 3,3.2,Agent workflows,Skill Builder,https://skillbuilder.aws/learn/HPMTZNTTZJ/aws-ml-engineer-associate--provision-and-configure-resources/R4K3BYBH3B,15/09/2026
Application turn limit vs runtime timeout vs event retention,20 turns • 30 minutes • stored event lifetime,Ba giới hạn khác nhau của hội thoại,"An application turn limit caps dialogue or reasoning iterations, a runtime timeout controls the lifetime or idleness of execution, and event retention controls how long stored conversation records remain available. They operate at different layers and must be configured and tested separately.","Giới hạn lượt của ứng dụng chặn số vòng hội thoại/suy luận, runtime timeout kiểm soát tuổi thọ hoặc thời gian nhàn rỗi của thực thi, còn event retention quyết định record hội thoại được lưu bao lâu. Chúng thuộc các lớp khác nhau và phải được cấu hình, kiểm thử riêng.","Walkthrough dùng session timeout 30 phút, max 20 turns để escalate; đây là policy ứng dụng mẫu. Lưu task state và lịch sử cần thiết để bàn giao người hỗ trợ, kể cả khi runtime kết thúc.",Hết 20 lượt chưa giải quyết → handoff; không suy ra raw conversation event đã bị xóa.,"Thiết kế stop condition, recovery và trải nghiệm human handoff.",Không học 30 phút/20 turns là limit bắt buộc của AgentCore. AgentCore Memory không tự quyết định gọi Amazon Connect.,AgentCore; application logic; Amazon Connect,Domain 3,3.2,Agent workflows,Skill Builder,https://skillbuilder.aws/learn/HPMTZNTTZJ/aws-ml-engineer-associate--provision-and-configure-resources/R4K3BYBH3B,15/09/2026
CloudFormation Description vs Metadata,template purpose • structured context • optional sections,Mô tả mục đích và siêu dữ liệu của template,"Description is an optional text field that explains a CloudFormation template's purpose. Metadata is an optional section for structured JSON or YAML information, such as deployment context or console parameter organization. These sections help people and tools understand the template; they do not replace resource declarations or supply deployment inputs in the way Parameters do.","Description là trường văn bản tùy chọn giải thích mục đích của template CloudFormation. Metadata là phần tùy chọn lưu thông tin có cấu trúc JSON hoặc YAML, chẳng hạn bối cảnh triển khai hoặc cách tổ chức tham số trên console. Hai phần này giúp người và công cụ hiểu template; chúng không thay thế khai báo tài nguyên và không cung cấp đầu vào triển khai theo cách của Parameters.",Description trả lời template dùng để làm gì; Metadata bổ sung ngữ cảnh hoặc cấu hình giao diện tham số qua AWS::CloudFormation::Interface. Phân biệt Metadata cấp template với thuộc tính Metadata gắn vào từng resource.,Template triển khai endpoint chống gian lận: Description ghi mục đích; Metadata nhóm các tham số mạng và inference để người triển khai dễ chọn; Resources vẫn khai báo model và endpoint.,"Dùng khi đọc cấu trúc template, chọn đúng section cho phần mô tả hoặc tổ chức thông tin, và duy trì hạ tầng để người khác có thể kiểm tra.","Metadata không phải dữ liệu huấn luyện, runtime configuration hay nơi lưu secret; CloudFormation không tự che nội dung của section này. Description khác description riêng của một parameter.",CloudFormation,Domain 3,3.2,CloudFormation,Skill Builder,"https://skillbuilder.aws/learn/HPMTZNTTZJ/aws-ml-engineer-associate--provision-and-configure-resources/R4K3BYBH3B
https://docs.aws.amazon.com/AWSCloudFormation/latest/UserGuide/template-formats.html
https://docs.aws.amazon.com/AWSCloudFormation/latest/UserGuide/metadata-section-structure.html",15/09/2026
CloudFormation Transform / macro / AWS SAM,template preprocessing • macro expansion • AWS::Serverless-2016-10-31,Tiền xử lý và mở rộng template,"The optional Transform section identifies macros that process a CloudFormation template before its resulting resource changes are applied. Macros can rewrite or expand template content. The AWS::Serverless transform expands AWS SAM resource syntax into standard CloudFormation resources, allowing concise serverless definitions to produce the infrastructure that CloudFormation manages as a stack.","Phần Transform tùy chọn xác định các macro xử lý template CloudFormation trước khi áp dụng những thay đổi tài nguyên được tạo ra. Macro có thể sửa hoặc mở rộng nội dung template. Transform AWS::Serverless chuyển cú pháp tài nguyên AWS SAM thành tài nguyên CloudFormation tiêu chuẩn, giúp định nghĩa serverless ngắn gọn sinh ra hạ tầng được CloudFormation quản lý trong stack.","Nếu có nhiều macro ở Transform, CloudFormation xử lý theo thứ tự khai báo. Với SAM, dùng literal Transform: AWS::Serverless-2016-10-31 ở cấp cao nhất. Kiểm tra nội dung đã mở rộng trong change set trước khi execute.",AWS::Serverless::Function có thể được mở rộng thành AWS::Lambda::Function và execution role tương ứng; xem template sau xử lý để biết tài nguyên và quyền thực tế.,Nhận diện section dùng macro hoặc cú pháp SAM; hiểu bước xử lý template trong quy trình IaC và lý do template ngắn vẫn tạo nhiều resource.,CloudFormation Transform không phải SageMaker Batch Transform và không thực hiện feature engineering trên dataset. Macro xử lý template; việc tạo change set chưa áp dụng tài nguyên.,CloudFormation; AWS SAM; Lambda,Domain 3,3.2,CloudFormation,Skill Builder,"https://skillbuilder.aws/learn/HPMTZNTTZJ/aws-ml-engineer-associate--provision-and-configure-resources/R4K3BYBH3B
https://docs.aws.amazon.com/AWSCloudFormation/latest/UserGuide/transform-section-structure.html
https://docs.aws.amazon.com/AWSCloudFormation/latest/TemplateReference/transform-aws-serverless.html",15/09/2026
CloudFormation Ref / GetAtt / DependsOn,reference value • resource attribute • implicit or explicit dependency,Tham chiếu giá trị và thứ tự phụ thuộc,"Ref resolves a parameter value or a resource-specific return value, while Fn::GetAtt retrieves a supported attribute of a resource. References in resource properties can establish implicit dependencies. DependsOn explicitly declares a dependency when references do not express the required ordering, allowing CloudFormation to coordinate resource operations while retaining a declarative template.","Ref lấy giá trị của parameter hoặc giá trị trả về được quy định cho từng loại resource; Fn::GetAtt lấy một thuộc tính được resource hỗ trợ. Tham chiếu trong thuộc tính resource có thể tạo phụ thuộc ngầm. DependsOn khai báo phụ thuộc tường minh khi tham chiếu chưa thể hiện đủ thứ tự cần thiết, giúp CloudFormation điều phối thao tác tài nguyên trong template khai báo.","Resource được tham chiếu phải được tạo trước resource sử dụng nó. Các resource độc lập có thể tạo song song. DependsOn bổ sung quan hệ cần thiết, chẳng hạn một service phải chờ policy riêng của role được tạo xong.",!Ref InstanceType lấy input; !GetAtt ExecutionRole.Arn lấy ARN của role; EndpointConfig tham chiếu Model và Endpoint tham chiếu EndpointConfig tạo chuỗi phụ thuộc khi triển khai.,Dùng khi ghép các tài nguyên trong template và giải câu hỏi phải tạo role/model/configuration trước endpoint; tránh chuyển sang script imperative chỉ vì có thứ tự.,"Ref không luôn trả về ARN; giá trị trả về phụ thuộc loại resource. DependsOn không truyền giá trị, không cấp IAM permission và không chứng minh ứng dụng đã vượt qua kiểm thử nghiệp vụ.",CloudFormation; IAM; SageMaker,Domain 3,3.2,CloudFormation,Skill Builder,"https://skillbuilder.aws/learn/HPMTZNTTZJ/aws-ml-engineer-associate--provision-and-configure-resources/R4K3BYBH3B
https://docs.aws.amazon.com/AWSCloudFormation/latest/TemplateReference/aws-attribute-dependson.html",15/09/2026
CDK grant helpers / grantee,resource-scoped permissions • grant read • grant read/write,Hàm hỗ trợ cấp quyền trong CDK,"CDK grant helpers are construct methods that add the IAM permissions needed for a specified principal, called the grantee, to perform supported operations on a resource. Higher-level constructs provide read or read/write helpers that generate appropriate policy statements and, where supported, related encryption-key permissions. The resulting permissions become part of the synthesized infrastructure.","Grant helpers trong CDK là các phương thức của construct bổ sung quyền IAM cần thiết để một principal được chỉ định, gọi là grantee, thực hiện thao tác được hỗ trợ trên tài nguyên. Construct cấp cao cung cấp hàm cấp quyền đọc hoặc đọc/ghi, sinh policy phù hợp và quyền khóa mã hóa liên quan khi được hỗ trợ. Các quyền này trở thành một phần của hạ tầng được tổng hợp.","Grantee có thể là Lambda function với execution role tương ứng. Bài học dùng bucket.grants.read(function) và table.grants.read_write_data(function). Kiểm tra policy được sinh, phạm vi resource và yêu cầu KMS trước khi deploy.","Lambda đọc tài liệu S3 và ghi trạng thái DynamoDB: cấp read cho bucket và read/write data cho table, thay vì thêm quyền quản trị toàn tài khoản.","Dùng L2 constructs để nối quyền giữa các thành phần, giảm việc tự viết policy lặp lại và hỗ trợ nguyên tắc least privilege.",Grant không tạo đường mạng VPC và không bỏ qua explicit deny hoặc permissions boundary. Tên API phụ thuộc ngôn ngữ và phiên bản; helper kiểu grant_read vẫn có thể xuất hiện trong code cũ.,AWS CDK; IAM; S3; DynamoDB; Lambda; KMS,Domain 3,3.2,AWS CDK,Skill Builder,"https://skillbuilder.aws/learn/HPMTZNTTZJ/aws-ml-engineer-associate--provision-and-configure-resources/R4K3BYBH3B
https://docs.aws.amazon.com/cdk/v2/guide/permissions.html
https://docs.aws.amazon.com/cdk/api/v2/docs/aws-cdk-lib.aws_s3.BucketGrants.html
https://docs.aws.amazon.com/cdk/api/v2/docs/aws-cdk-lib.aws_dynamodb.TableGrants.html",15/09/2026
SageMaker Processor / Processing job / run,managed processing compute • inputs/outputs • Processor.run,Đối tượng cấu hình và job xử lý dữ liệu,"A Processor configures the container, execution role, compute resources and related settings for a managed SageMaker Processing job. Its run method supplies inputs, outputs and job arguments for tasks such as preprocessing, feature engineering or model evaluation. In a pipeline context, the SDK can capture these arguments for a ProcessingStep instead of immediately starting the job.","Processor cấu hình container, execution role, tài nguyên tính toán và các thiết lập liên quan cho một SageMaker Processing job được quản lý. Phương thức run cung cấp đầu vào, đầu ra và đối số của job để tiền xử lý, tạo đặc trưng hoặc đánh giá model. Trong ngữ cảnh pipeline, SDK có thể ghi nhận các đối số cho ProcessingStep thay vì khởi chạy job ngay.","Chọn image hoặc processor theo framework, instance type/count và IAM role; khai báo ProcessingInput/ProcessingOutput; dùng script processor như SKLearnProcessor cho mã xử lý phù hợp. Đầu ra của bước trước có thể được tham chiếu làm đầu vào bước sau.","Processing job đọc validation data và model artifact trên S3, chạy script đánh giá rồi ghi evaluation.json; ConditionStep sau đó đọc metric để quyết định đăng ký model.","Trong module này, trọng tâm Domain 3 là cấp tài nguyên và tự động hóa job bằng SDK. Kiến thức thuật toán làm sạch dữ liệu tiếp tục thuộc Domain 1.","Processor.run không đồng nghĩa Estimator.fit và không tạo inference endpoint. Với PipelineSession, không mặc định gọi run là một job đã chạy; cần bắt đầu pipeline execution.",SageMaker Processing; SageMaker Pipelines; SageMaker Python SDK; S3,Domain 3,3.2,SDK và tự động hóa,Skill Builder,"https://skillbuilder.aws/learn/HPMTZNTTZJ/aws-ml-engineer-associate--provision-and-configure-resources/R4K3BYBH3B
https://sagemaker.readthedocs.io/en/v2.248.0/api/training/processing.html",15/09/2026
HyperparameterTuner — SDK job orchestration,estimator configuration • objective metric • search ranges • parallel jobs,Đối tượng điều phối job tìm siêu tham số,"HyperparameterTuner is a SageMaker Python SDK interface for configuring and starting automatic hyperparameter tuning jobs. It uses an estimator's training configuration, an objective metric and parameter search ranges to run and compare candidate training jobs. Job-count and parallelism settings control the search workload; the selected model can then be evaluated, registered or deployed through separate operations.","HyperparameterTuner là interface của SageMaker Python SDK để cấu hình và khởi chạy job tự động tìm siêu tham số. Nó sử dụng cấu hình training của estimator, metric mục tiêu và miền tìm kiếm để chạy và so sánh các training job ứng viên. Thiết lập tổng số job và số job song song kiểm soát khối lượng tìm kiếm; model được chọn sau đó có thể được đánh giá, đăng ký hoặc triển khai bằng thao tác riêng.","Cấu hình estimator, objective_metric_name, objective_type, hyperparameter_ranges, max_jobs và max_parallel_jobs theo API đang dùng. Ví dụ v2 gọi tuner.fit(inputs) để bắt đầu tuning; estimator cung cấp cấu hình cho những training job được tạo.","Muốn thử learning rate và depth với tối đa 20 training job, chạy đồng thời 3 job: đặt search ranges và giới hạn tương ứng. Đây là ví dụ cấu hình, không phải quota dịch vụ.",Dùng để nhận diện đối tượng SDK thực hiện HPO và lập kế hoạch compute/cost cho các job. Nguyên lý chiến lược tối ưu thuộc Domain 2; ở đây ghi phần điều phối tài nguyên trong module.,"max_jobs là tổng ngân sách số job, còn max_parallel_jobs là mức đồng thời. MSE cần Minimize, accuracy thường Maximize. Tuning hoàn tất không tự chứng minh model đủ chuẩn production hoặc endpoint đã tồn tại.",SageMaker Automatic Model Tuning; SageMaker Python SDK,Domain 3,3.2,SDK và tự động hóa,Skill Builder,"https://skillbuilder.aws/learn/HPMTZNTTZJ/aws-ml-engineer-associate--provision-and-configure-resources/R4K3BYBH3B
https://sagemaker.readthedocs.io/en/v2.248.0/api/training/tuner.html",15/09/2026
SageMaker pipeline execution parameters,default value • override per execution • reusable workflow,Tham số đầu vào cho mỗi lần chạy pipeline,"Pipeline parameters are typed inputs declared in a SageMaker pipeline definition and referenced by its steps. Each parameter can have a default value that is overridden when an execution starts, allowing the same workflow to use different datasets, compute settings or acceptance thresholds. A parameter affects execution only where the pipeline definition connects it to a supported field.","Pipeline parameters là các đầu vào có kiểu được khai báo trong định nghĩa pipeline SageMaker và được các step tham chiếu. Mỗi tham số có thể có giá trị mặc định được ghi đè khi bắt đầu một lần chạy, giúp cùng workflow dùng dataset, cấu hình compute hoặc ngưỡng chấp nhận khác nhau. Tham số chỉ tác động nơi định nghĩa pipeline nối nó với một trường được hỗ trợ.","Module dùng input_data, processing_instance_type/count, training_instance_type, mse_threshold và model_approval_status. Khai báo parameter → truyền vào cấu hình step → đăng ký/cập nhật pipeline → bắt đầu execution với giá trị phù hợp.",Dùng cùng pipeline cho test và production: đổi S3 input và loại instance đã được cho phép; giữ nguyên logic xử lý và điều kiện kiểm định. Ghi lại giá trị của từng execution để tái hiện kết quả.,"Tái sử dụng workflow, tránh ghi cứng lựa chọn môi trường và kiểm soát compute cũng như quality gate từ cấu hình của lần chạy.",Đừng nhầm với CloudFormation Parameters của stack hoặc hyperparameters của thuật toán. Chỉ khai báo tên parameter mà không tham chiếu trong step sẽ không thay đổi hành vi; không mọi SDK field đều hỗ trợ pipeline variable.,SageMaker Pipelines; SageMaker Python SDK,Domain 3,3.3,Pipeline và cấu hình,Skill Builder,"https://skillbuilder.aws/learn/HPMTZNTTZJ/aws-ml-engineer-associate--provision-and-configure-resources/R4K3BYBH3B
https://docs.aws.amazon.com/sagemaker/latest/dg/build-and-manage-parameters.html",15/09/2026
MSE threshold / ConditionStep acceptance gate,lower is better • evaluation result • compare before registration,Ngưỡng MSE và nhánh điều kiện chấp nhận model,"An MSE acceptance gate compares the mean squared prediction error from an evaluation step with an explicitly configured threshold. Because lower MSE indicates smaller average squared errors on the evaluated data, a pipeline can continue only when the selected comparison passes. This is a release decision based on measured model quality, separate from whether the training job completed successfully.","Cổng chấp nhận theo MSE so sánh sai số bình phương trung bình từ bước đánh giá với ngưỡng được cấu hình rõ ràng. Vì MSE thấp hơn thể hiện sai số bình phương trung bình nhỏ hơn trên dữ liệu đánh giá, pipeline có thể chỉ đi tiếp khi phép so sánh đã chọn đạt yêu cầu. Đây là quyết định phát hành theo chất lượng model đo được, tách biệt với việc training job chạy thành công.",Train model → Processing đánh giá và ghi metric → ConditionStep so sánh metric với mse_threshold → nhánh đạt đăng ký model; nhánh không đạt dùng FailStep hoặc luồng xử lý đã thiết kế. Chọn phép < hoặc ≤ đúng yêu cầu.,"MSE = Σ(yᵢ − ŷᵢ)² / n. Ví dụ quy định MSE ≤ 5: kết quả 4.2 đi nhánh đạt, 6.1 đi nhánh không đạt. Ngưỡng 5 chỉ minh họa, phải được xác định theo bài toán.",Giải câu hỏi thứ tự pipeline và phân biệt metric chấp nhận với trạng thái job. Domain 3 tập trung tự động hóa gate; công thức và đánh giá metric thuộc Domain 2.,MSE phụ thuộc thang đo target và nhạy với sai số lớn. Chỉ so sánh các kết quả trên dữ liệu/cách đo phù hợp. RegisterModel chưa đồng nghĩa approved hoặc đã deploy endpoint; approval và deployment là các quyết định tiếp theo.,SageMaker Pipelines; SageMaker Processing; Model Registry,Domain 3,3.3,Pipeline và kiểm định,Skill Builder,"https://skillbuilder.aws/learn/HPMTZNTTZJ/aws-ml-engineer-associate--provision-and-configure-resources/R4K3BYBH3B
https://docs.aws.amazon.com/sagemaker/latest/dg/define-pipeline.html",15/09/2026
DevOps vs MLOps,collaboration • automation • code + data + model,DevOps và vận hành vòng đời ML,"DevOps aligns development and operations through shared responsibility, automation and feedback. MLOps applies these practices to systems whose behavior also depends on data and trained models, extending release workflows with experiment tracking, model evaluation, version management, retraining and production monitoring.","DevOps kết nối phát triển và vận hành bằng trách nhiệm chung, tự động hóa và phản hồi. MLOps áp dụng các thực hành này cho hệ thống có hành vi còn phụ thuộc dữ liệu và model đã huấn luyện, bổ sung theo dõi thử nghiệm, đánh giá model, quản lý phiên bản, retraining và giám sát production vào quy trình phát hành.","Phải quản lý đồng thời code, dữ liệu, model, pipeline và cấu hình. GenAI còn thêm prompt, tool schema, KB và guardrail; thay đổi một thành phần có thể đổi hành vi dù application code không đổi.",Fraud model cần retrain khi dữ liệu gian lận thay đổi; chatbot cần đánh giá lại khi prompt hoặc KB thay đổi.,"Dùng để nhận diện vì sao CI/CD cho ML cần thêm kiểm thử thống kê, lineage và cơ chế cập nhật liên tục.",MLOps không chỉ là deploy một endpoint. Một lần build thành công không chứng minh dữ liệu hay chất lượng model phù hợp.,CodePipeline; SageMaker Pipelines; Model Registry; MLflow,Domain 3,3.3,Nền tảng MLOps,Skill Builder,https://skillbuilder.aws/learn/TY6PBD6U4C/aws-ml-engineer-associate--automated-orchestration-and-cicd/XSJPCRXXQ6,15/09/2026
Continuous integration (CI),frequent merges • automated build and tests • early feedback,Tích hợp liên tục,Continuous integration is the practice of frequently merging changes into a shared source repository and automatically building and testing the resulting revision. It exposes integration defects early and produces identifiable artifacts that later release stages can evaluate and deploy.,"Tích hợp liên tục là thực hành thường xuyên hợp nhất thay đổi vào kho mã nguồn chung và tự động build, kiểm thử revision sau hợp nhất. CI phát hiện sớm lỗi tích hợp và tạo artifact có thể định danh để các giai đoạn phát hành sau đánh giá và triển khai.","Commit/PR → lấy đúng revision → chạy kiểm thử → build/package → lưu kết quả và artifact. Có thể kiểm tra code xử lý dữ liệu, inference handler, prompt và tool contract.",CodeBuild chạy test từ buildspec rồi đẩy container có tag/digest xác định lên ECR.,Giảm lỗi tích tụ và cung cấp phản hồi nhanh trước khi phát hành.,CI không đồng nghĩa mọi commit được đưa lên production; deployment và approval là bước riêng.,Git; CodeConnections; CodeBuild; CodePipeline,Domain 3,3.3,Nền tảng MLOps,Skill Builder,https://skillbuilder.aws/learn/TY6PBD6U4C/aws-ml-engineer-associate--automated-orchestration-and-cicd/XSJPCRXXQ6,15/09/2026
Continuous delivery vs continuous deployment,production-ready • manual approval vs automatic release,Phân phối liên tục và triển khai liên tục,"Continuous delivery keeps validated changes ready for production, with an explicit release decision that can require human approval. Continuous deployment automatically releases every change that passes the configured gates. Both depend on automated validation; they differ in how the final production release is authorized.","Continuous delivery giữ thay đổi đã kiểm định ở trạng thái sẵn sàng cho production, với quyết định phát hành có thể cần người phê duyệt. Continuous deployment tự động phát hành mọi thay đổi vượt qua các gate đã cấu hình. Cả hai đều dựa vào kiểm định tự động và khác nhau ở cách cho phép phát hành lên production.",Module dùng continuous delivery có manual approval; deployment bỏ bước duyệt tay cuối. Chọn theo yêu cầu kiểm soát của workload và giữ quality gate trong cả hai cách.,Credit scoring: đánh giá accuracy/fairness → duyệt kỹ thuật và rủi ro → deploy; ứng dụng ít rủi ro có thể tự release sau khi pass.,"Nhận diện keyword human sign-off, manual approval, automatically release every passing change.",Không coi continuous deployment luôn tốt hơn. Approval chỉ có hiệu lực khi pipeline thật sự chặn mọi đường phát hành không được duyệt.,CodePipeline; Model Registry,Domain 3,3.3,Nền tảng MLOps,Skill Builder,https://skillbuilder.aws/learn/TY6PBD6U4C/aws-ml-engineer-associate--automated-orchestration-and-cicd/XSJPCRXXQ6,15/09/2026
MLOps roles and nonfunctional requirements,data engineer • data scientist • ML engineer • reproducibility • auditability,Vai trò và yêu cầu vận hành của MLOps,"MLOps responsibilities span data engineering, model development and production engineering. Its nonfunctional requirements include consistent environments, framework flexibility, reproducible experiments, reusable components, scalable operation, auditable artifacts and explainable behavior. These properties describe how the system must operate in addition to the predictions it produces.","Trách nhiệm MLOps trải rộng từ kỹ thuật dữ liệu, phát triển model đến kỹ thuật production. Yêu cầu phi chức năng gồm môi trường nhất quán, linh hoạt framework, tái lập thử nghiệm, tái sử dụng thành phần, mở rộng vận hành, kiểm toán artifact và giải thích hành vi. Chúng mô tả cách hệ thống vận hành bên cạnh kết quả dự đoán.","Data engineer: nguồn/làm sạch/xử lý. Data scientist: train/evaluate/model development. ML engineer: deploy/integrate/monitor. Consistency giảm khác biệt dev–staging–prod; auditability cần logs, versions và dependencies; explainability cần kỹ thuật giải thích thích hợp.","Tra một prediction về model version, data version và preprocessing code; dùng cùng template cho staging và production.",Ghép trách nhiệm và yêu cầu phi chức năng với hoạt động trong pipeline.,"Chức danh có thể khác theo tổ chức. Lineage giải thích nguồn gốc artifact, không tự giải thích vì sao một cá nhân bị model từ chối.",SageMaker Projects; MLflow; Model Registry; CloudFormation,Domain 3,3.3,Nền tảng MLOps,Skill Builder,https://skillbuilder.aws/learn/TY6PBD6U4C/aws-ml-engineer-associate--automated-orchestration-and-cicd/XSJPCRXXQ6,15/09/2026
CodeBuild buildspec.yml,YAML • build commands • environment • artifacts,Tệp hướng dẫn build CodeBuild,"A buildspec is a YAML specification that tells CodeBuild which commands to execute and how to handle build outputs. It connects source code to a repeatable build and test process, including environment preparation, test execution, packaging and artifact publication as configured by the project.","Buildspec là đặc tả YAML hướng dẫn CodeBuild chạy lệnh nào và xử lý đầu ra build ra sao. Nó nối source code với quy trình build và test có thể lặp lại, gồm chuẩn bị môi trường, chạy kiểm thử, đóng gói và công bố artifact theo cấu hình project.","Kiểm tra YAML, command, biến môi trường, input/output artifacts và quyền project role. Đọc CloudWatch build logs để xác định command hoặc phase lỗi trước khi sửa.",Build thất bại vì thiếu biến IMAGE_REPO_URI hoặc role không có quyền ghi ECR; sửa cấu hình đúng nguyên nhân.,Dùng khi build/test/package lỗi trong release pipeline.,"buildspec khác AppSpec: một tệp chỉ dẫn build, tệp kia mô tả deployment. Tăng timeout không sửa AccessDenied.",CodeBuild; CloudWatch; S3; ECR,Domain 3,3.3,CI/CD và xử lý lỗi,Skill Builder,https://skillbuilder.aws/learn/TY6PBD6U4C/aws-ml-engineer-associate--automated-orchestration-and-cicd/XSJPCRXXQ6,15/09/2026
CodeDeploy AppSpec and deployment agent,deployment hooks • target mapping • instance agent,Đặc tả triển khai và agent CodeDeploy,"An AppSpec file describes how CodeDeploy applies an application revision to its supported deployment target, including relevant resources and lifecycle hooks. For EC2 and on-premises deployments, the CodeDeploy agent runs on target instances to carry out deployment tasks. Lambda and ECS deployments use their supported service integrations instead.","AppSpec mô tả cách CodeDeploy áp dụng revision ứng dụng vào deployment target được hỗ trợ, gồm tài nguyên liên quan và lifecycle hooks. Với EC2 và máy chủ tại chỗ, CodeDeploy agent chạy trên instance đích để thực hiện tác vụ triển khai. Deployment Lambda và ECS dùng tích hợp dịch vụ tương ứng.","Đối chiếu AppSpec với compute platform; EC2 kiểm tra agent đang chạy, logs, target health, network, timeout và quyền lấy revision.",Artifact tải được nhưng lifecycle hook fail → kiểm tra script/hook và logs; instance không xử lý deployment → kiểm tra agent.,Phân biệt lỗi build với lỗi triển khai và chọn nơi kiểm tra.,Không yêu cầu cài CodeDeploy agent vào Lambda/ECS như EC2. CodeDeploy không có SageMaker endpoint deployment group trực tiếp.,CodeDeploy; EC2; ECS; Lambda,Domain 3,3.3,CI/CD và xử lý lỗi,Skill Builder,"https://skillbuilder.aws/learn/TY6PBD6U4C/aws-ml-engineer-associate--automated-orchestration-and-cicd/XSJPCRXXQ6
https://docs.aws.amazon.com/codedeploy/latest/userguide/welcome.html",15/09/2026
CodeDeploy service role vs EC2 instance profile,service permissions • target downloads revision • S3 AccessDenied,Hai phía quyền IAM của CodeDeploy,"The CodeDeploy service role authorizes the deployment service to interact with the AWS resources it manages. The target EC2 instance profile supplies permissions used by software on that instance, including access to deployment revisions in S3. Troubleshooting must identify which principal made the denied request before changing policies.","Service role của CodeDeploy cho phép dịch vụ triển khai tương tác với tài nguyên AWS mà nó quản lý. Instance profile của EC2 đích cung cấp quyền cho phần mềm trên instance, gồm truy cập revision triển khai trong S3. Khi xử lý lỗi phải xác định principal nào gửi request bị từ chối trước khi sửa policy.","Đọc error/logs → xác định caller → kiểm tra identity policy, bucket policy và KMS nếu artifact mã hóa bằng customer-managed key; kiểm tra network khi đã giải quyết quyền.","Download S3 có AccessDenied: rà quyền role thực sự tải artifact, thường là instance profile trên đường triển khai EC2.",Keyword explicit access denied có ưu tiên hơn phỏng đoán timeout quá ngắn.,Knowledge check nói deployment role theo nghĩa rộng; thực tế không mặc định chỉ sửa CodeDeploy service role. Restart agent hoặc upload lại file không cấp quyền.,CodeDeploy; IAM; EC2; S3; KMS,Domain 3,3.3,CI/CD và xử lý lỗi,Skill Builder,https://skillbuilder.aws/learn/TY6PBD6U4C/aws-ml-engineer-associate--automated-orchestration-and-cicd/XSJPCRXXQ6,15/09/2026
Unit testing,individual function • isolated component • deterministic assertion,Kiểm thử đơn vị,"Unit tests verify the behavior of a small component such as a function or method in isolation from the wider system. In ML delivery pipelines, they test code contracts and edge cases in transformations, feature calculations or inference handlers, providing fast feedback before expensive jobs or deployments run.","Unit test kiểm tra hành vi một thành phần nhỏ như hàm hoặc phương thức, tách khỏi hệ thống lớn hơn. Trong pipeline ML, chúng kiểm tra contract và trường hợp biên của phép biến đổi, tính feature hoặc inference handler, cho phản hồi nhanh trước khi chạy job tốn tài nguyên hay deployment.","Chọn input, expected property/output và edge cases; dùng test double nếu phụ thuộc bên ngoài không phải đối tượng kiểm tra.",Hàm chuẩn hóa phải xử lý missing value và không chia cho 0.,Kiểm tra logic thành phần sau commit.,Unit test pass không chứng minh S3/IAM/training/deployment hoạt động cùng nhau hoặc model đạt chất lượng thống kê.,CodeBuild; testing frameworks,Domain 3,3.3,Kiểm thử,Skill Builder,https://skillbuilder.aws/learn/TY6PBD6U4C/aws-ml-engineer-associate--automated-orchestration-and-cicd/XSJPCRXXQ6,15/09/2026
Integration testing,interfaces • stage handoff • services work together,Kiểm thử tích hợp,"Integration tests verify that connected components exchange data and perform a workflow correctly through their real or controlled interfaces. In ML systems, they check handoffs between ingestion, processing, training and deployment, including compatible artifacts, permissions and request formats that isolated unit tests cannot fully validate.","Integration test kiểm tra các thành phần kết nối trao đổi dữ liệu và thực hiện workflow đúng qua interface thật hoặc được kiểm soát. Trong ML, chúng kiểm tra bàn giao giữa ingestion, processing, training và deployment, gồm artifact tương thích, quyền truy cập và định dạng request mà unit test riêng lẻ không kiểm tra đầy đủ.",Chạy một luồng đại diện trong staging; xác nhận output bước trước là input hợp lệ bước sau và endpoint trả response theo contract.,Training xuất model.tar.gz; deployment load được artifact; client gọi endpoint và đọc output thành công.,"Khi thay tool schema, cấu hình IAM, data interface hoặc kết nối giữa các stage.",Integration test khác load test; chạy được một request không chứng minh chịu tải cao.,CodeBuild; SageMaker; Lambda,Domain 3,3.3,Kiểm thử,Skill Builder,https://skillbuilder.aws/learn/TY6PBD6U4C/aws-ml-engineer-associate--automated-orchestration-and-cicd/XSJPCRXXQ6,15/09/2026
Regression testing,previously working behavior • rerun after changes,Kiểm thử hồi quy,"Regression testing repeats established tests after a change to detect unintended loss of behavior that previously worked. It applies to pipeline code, model outputs, prompts and tool interactions. Regression describes the purpose of the test, so unit, integration or behavior suites can all serve as regression tests.","Regression testing chạy lại bộ kiểm thử đã thiết lập sau thay đổi để phát hiện mất mát ngoài ý muốn của hành vi từng hoạt động đúng. Nó áp dụng cho code pipeline, output model, prompt và tương tác tool. Regression mô tả mục đích kiểm thử, nên unit, integration hoặc behavior suite đều có thể dùng để kiểm thử hồi quy.",Giữ bộ trường hợp đại diện và baseline; chạy lại sau code/model/prompt update; phân tích những trường hợp giảm chất lượng.,Sửa feature engineering nhưng phải giữ đúng cách xử lý khách hàng không có lịch sử → chạy regression suite.,"Keyword still works after change, did not break existing behavior.","Không nhầm regression testing với thuật toán regression. Unit mô tả phạm vi, regression mô tả mục đích nên không hoàn toàn loại trừ nhau.",CodeBuild; CodePipeline; Bedrock evaluations,Domain 3,3.3,Kiểm thử,Skill Builder,https://skillbuilder.aws/learn/TY6PBD6U4C/aws-ml-engineer-associate--automated-orchestration-and-cicd/XSJPCRXXQ6,15/09/2026
SageMaker blue/green deployment,old blue fleet • new green fleet • traffic shifting • rollback,Triển khai bằng hai fleet,"A SageMaker blue/green deployment provisions a new fleet for an endpoint update while retaining the existing fleet during the transition. Traffic moves according to an all-at-once, canary or linear policy, with configured monitoring periods and rollback alarms. Keeping both fleets available supports reversal but temporarily increases infrastructure capacity and cost.","Blue/green deployment của SageMaker tạo fleet mới để cập nhật endpoint trong khi giữ fleet hiện tại trong giai đoạn chuyển đổi. Traffic dịch chuyển theo chính sách all-at-once, canary hoặc linear, kết hợp thời gian theo dõi và alarm rollback đã cấu hình. Duy trì hai fleet hỗ trợ quay lại nhưng tạm thời tăng capacity và chi phí.",Chuẩn bị endpoint configuration mới → tạo green → chuyển traffic theo policy → bake/monitor → dọn blue sau khi đạt điều kiện.,Muốn thử model mới mà còn fleet cũ để quay lại nhanh khi alarm báo lỗi.,Chọn khi chấp nhận capacity bổ sung để hỗ trợ rollout và rollback.,Hai fleet không có nghĩa model version giống nhau. Kiểm tra exclusions của guardrails; không mặc định mọi loại endpoint đều hỗ trợ.,SageMaker deployment guardrails; CloudWatch,Domain 3,3.3,Chiến lược triển khai,Skill Builder,https://skillbuilder.aws/learn/TY6PBD6U4C/aws-ml-engineer-associate--automated-orchestration-and-cicd/XSJPCRXXQ6,15/09/2026
All-at-once vs canary vs linear traffic shifting,one shift • two shifts • equal increments,Ba chế độ chuyển traffic blue/green,"All-at-once shifting sends traffic to the new fleet in a single transition. Canary first sends a small portion, observes it, and then sends the remainder in a second transition. Linear shifting sends traffic in repeated equal-sized increments, allowing observation between stages of the same blue/green endpoint update.","All-at-once chuyển traffic sang fleet mới trong một lần. Canary chuyển một phần nhỏ trước, theo dõi rồi chuyển phần còn lại trong lần thứ hai. Linear chuyển traffic qua nhiều bước tăng đều nhau, cho phép theo dõi giữa các giai đoạn của cùng một lần cập nhật endpoint blue/green.",Canary của SageMaker là hai bước; linear có nhiều bước đều. Ví dụ 25% → 100% là canary; 25% → 50% → 75% → 100% là linear.,Muốn giới hạn exposure ban đầu → canary; muốn nhiều bước tăng đều → linear; chấp nhận chuyển ngay → all-at-once.,Ghép số lần chuyển và mức traffic với đúng mode.,"Walkthrough gọi 5% → 25% → 100% là canary theo nghĩa rộng. Đây không phải một cấu hình CANARY native hai bước, cũng không phải LINEAR tăng đều.",SageMaker deployment guardrails,Domain 3,3.3,Chiến lược triển khai,Skill Builder,"https://skillbuilder.aws/learn/TY6PBD6U4C/aws-ml-engineer-associate--automated-orchestration-and-cicd/XSJPCRXXQ6
https://docs.aws.amazon.com/sagemaker/latest/dg/deployment-guardrails-blue-green-canary.html",15/09/2026
SageMaker rolling deployment,batch replacement • reduced extra capacity • 5–50% batch,Triển khai thay thế theo lô,"A rolling deployment updates a SageMaker endpoint in batches rather than provisioning a complete second fleet. Each new batch receives traffic and passes a monitoring period before its corresponding old capacity is removed. This lowers temporary capacity requirements, with smaller batches generally trading a longer rollout for less additional infrastructure.",Rolling deployment cập nhật endpoint SageMaker theo từng lô thay vì tạo toàn bộ fleet thứ hai. Mỗi lô mới nhận traffic và trải qua thời gian theo dõi trước khi capacity cũ tương ứng bị loại bỏ. Cách này giảm capacity tạm thời; lô nhỏ thường đổi thời gian rollout dài hơn lấy ít hạ tầng bổ sung hơn.,Module/docs: batch 5–50% capacity; provision batch → shift → bake → retire old batch → lặp. Cấu hình rollback batch riêng khi cần.,Endpoint có nhiều GPU instance và thiếu capacity để dựng fleet kép → cân nhắc rolling.,"Keyword large model, many instances, minimize extra capacity/cost.",Giảm capacity không loại bỏ chi phí tạm thời. Rollback có thể phải khôi phục capacity; không coi thời gian rollback là bảo đảm cố định.,SageMaker; CloudWatch,Domain 3,3.3,Chiến lược triển khai,Skill Builder,"https://skillbuilder.aws/learn/TY6PBD6U4C/aws-ml-engineer-associate--automated-orchestration-and-cicd/XSJPCRXXQ6
https://docs.aws.amazon.com/sagemaker/latest/dg/deployment-guardrails-rolling.html",15/09/2026
Baking period and automatic rollback,observation window • alarms before rollout • retain fallback,Thời gian theo dõi và tự quay lui,"A baking period is a configured interval during which a new deployment receives traffic while health and performance signals are observed before the rollout advances. Automatic rollback connects predefined alarms to a reversal action, so a detected breach can restore the prior deployment without waiting for a manual decision.","Baking period là khoảng thời gian cấu hình để deployment mới nhận traffic và được theo dõi tín hiệu sức khỏe, hiệu năng trước khi rollout đi tiếp. Automatic rollback nối alarm đã định nghĩa trước với hành động quay lui, để vi phạm được phát hiện có thể khôi phục deployment trước mà không đợi quyết định thủ công.","Chọn metric, threshold, evaluation periods và fallback trước rollout; giữ artifact/config/capacity cần cho rollback; kiểm tra alarm và kết quả phục hồi.",Error rate hoặc latency vượt ngưỡng trong baking period → dừng tiến và rollback; chỉ dọn blue khi đủ điều kiện.,Giảm thời gian phản ứng khi release có lỗi.,"Không có alarm đúng thì không tự nhận biết mọi lỗi chất lượng. Con số rollback dưới 60 giây trong video là ví dụ, không phải SLA chung; monitoring interval ảnh hưởng thời gian phát hiện.",CloudWatch; SageMaker deployment guardrails,Domain 3,3.3,Chiến lược triển khai,Skill Builder,https://skillbuilder.aws/learn/TY6PBD6U4C/aws-ml-engineer-associate--automated-orchestration-and-cicd/XSJPCRXXQ6,15/09/2026
Step Functions Task / Choice / Map / Parallel / Retry / Catch,do work • branch • iterate • fan-out • recover,Các state và cơ chế xử lý lỗi,"A Step Functions state machine coordinates work through states and transitions. Task invokes an activity or service; Choice selects a path; Map applies processing to a collection; Parallel runs branches. Retry defines another attempt for matching errors, while Catch routes a handled failure to a recovery path.","State machine của Step Functions điều phối công việc qua các state và chuyển trạng thái. Task gọi tác vụ hoặc dịch vụ; Choice chọn nhánh; Map xử lý một tập phần tử; Parallel chạy các nhánh. Retry định nghĩa lần thử lại cho lỗi phù hợp, còn Catch chuyển lỗi được xử lý sang nhánh phục hồi.","Workflow giữ trạng thái và điều phối; Lambda/Glue/SageMaker thực thi tác vụ. Định nghĩa input/output, điều kiện, timeout, retry có giới hạn và nhánh lỗi rõ ràng.",Train Task → evaluate Task → Choice pass/fail; Map chấm điểm nhiều file; Parallel thực hiện kiểm tra độc lập.,"Workflow nhiều dịch vụ, có nhánh hoặc phục hồi lỗi.","Parallel không đồng nghĩa Map. Retry lỗi permission liên tục không sửa nguyên nhân. Job dài phải dùng kiểu tích hợp/chờ phù hợp, không nhốt trong một Lambda dài.",Step Functions; SageMaker; Lambda; Glue,Domain 3,3.3,Orchestration,Skill Builder,https://skillbuilder.aws/learn/TY6PBD6U4C/aws-ml-engineer-associate--automated-orchestration-and-cicd/XSJPCRXXQ6,15/09/2026
"Retraining triggers — data, code, schedule and drift",new data • source revision • periodic • degradation alarm,Nguồn kích hoạt retraining,"A retraining trigger starts a defined training workflow in response to a data change, code change, schedule or observed degradation. The trigger determines when work begins; preprocessing, training, evaluation and approval gates determine whether the resulting candidate is suitable for release. Starting retraining is therefore separate from authorizing deployment.","Retraining trigger khởi động workflow huấn luyện theo thay đổi dữ liệu, code, lịch hoặc suy giảm quan sát được. Trigger quyết định khi nào bắt đầu; preprocessing, training, evaluation và approval gate quyết định candidate tạo ra có phù hợp phát hành hay không. Vì vậy khởi động retraining tách biệt với cho phép deployment.","EventBridge từ S3 hoặc lịch → workflow; source commit → CodePipeline; quality/drift metric → CloudWatch alarm → cơ chế gọi workflow. Cần metric và nhãn mới để đo accuracy thực, khác chỉ nhìn phân phối prediction.",Nightly retraining phù hợp lịch đều; thay đổi bất thường cần event-driven; suy giảm có bằng chứng dùng alarm-triggered.,Tự động cập nhật model với nhịp phù hợp và đóng vòng monitor → retrain.,"Có dữ liệu mới không bắt buộc deploy model mới. Drift không luôn kéo theo chất lượng giảm; A/B testing đánh giá model sau train, không tự là thuật toán retraining.",EventBridge; CodePipeline; CloudWatch; SageMaker Pipelines,Domain 3,3.3,Retraining,Skill Builder,https://skillbuilder.aws/learn/TY6PBD6U4C/aws-ml-engineer-associate--automated-orchestration-and-cicd/XSJPCRXXQ6,15/09/2026
Incremental training / continued training,existing artifact • expanded data • avoid training from scratch,Huấn luyện tiếp từ artifact hiện có,"Incremental training continues a supported model's training from an existing model artifact instead of initializing a new model from scratch. It can reduce training work when incorporating additional data. Retaining earlier examples in the training data and evaluating both old and new tasks helps address knowledge loss, which incremental training alone does not prevent.",Incremental training tiếp tục huấn luyện một model được hỗ trợ từ artifact hiện có thay vì khởi tạo model mới từ đầu. Nó có thể giảm công huấn luyện khi bổ sung dữ liệu. Giữ ví dụ cũ trong dữ liệu training và đánh giá cả nhiệm vụ cũ lẫn mới giúp xử lý mất kiến thức; incremental training tự nó không ngăn hiện tượng này.,Kiểm tra algorithm/framework hỗ trợ resume; nạp artifact cũ; chuẩn bị dữ liệu mở rộng có phần cũ; train và so sánh trên các nhóm đã học và nhóm mới.,Classifier bổ sung lớp mèo vẫn phải nhận diện chó: học tiếp với dữ liệu đại diện của cả hai nhóm.,"Keyword continue from model artifact, add new data, save training time.",Không phải mọi built-in algorithm đều hỗ trợ. Có thay đổi class/schema cần kiểm tra khả năng model; không coi resume checkpoint là đủ chống forgetting.,SageMaker training,Domain 3,3.3,Retraining,Skill Builder,https://skillbuilder.aws/learn/TY6PBD6U4C/aws-ml-engineer-associate--automated-orchestration-and-cicd/XSJPCRXXQ6,15/09/2026
Catastrophic forgetting,new task overwrites old knowledge • evaluate old tasks,Quên kiến thức đã học khi học tiếp,"Catastrophic forgetting is a substantial loss of performance on previously learned tasks when further training adapts shared model parameters to new tasks or data. It can occur during sequential learning, retraining or fine-tuning. Mitigations preserve earlier knowledge through representative data, constrained updates or architecture changes, with tradeoffs in memory, compute and flexibility.","Catastrophic forgetting là suy giảm đáng kể trên nhiệm vụ đã học khi training tiếp điều chỉnh các tham số dùng chung theo nhiệm vụ hoặc dữ liệu mới. Nó có thể xảy ra trong học tuần tự, retraining hoặc fine-tuning. Biện pháp giảm thiểu giữ kiến thức cũ bằng dữ liệu đại diện, ràng buộc cập nhật hoặc thay đổi kiến trúc, đổi lại chi phí bộ nhớ, compute và độ linh hoạt.","Đánh giá baseline cũ trước và sau train. Module nêu regularization, replay/rehearsal và kiến trúc giữ module; chọn theo tài nguyên và yêu cầu bảo toàn năng lực.",Fine-tune chỉ trên tiếng Việt làm model mất khả năng xử lý câu hỏi tiếng Anh đã tốt trước đó.,Thiết kế gate kiểm tra cả cải thiện nhiệm vụ mới và không suy giảm nhiệm vụ cũ.,Không nhầm với data drift: drift là thay đổi dữ liệu; forgetting là mất năng lực do quá trình học/cập nhật model. Incremental training không tự chữa forgetting.,SageMaker training; evaluation pipeline,Domain 3,3.3,Retraining,Skill Builder,https://skillbuilder.aws/learn/TY6PBD6U4C/aws-ml-engineer-associate--automated-orchestration-and-cicd/XSJPCRXXQ6,15/09/2026
EWC and Synaptic Intelligence,parameter importance • regularize changes • retain knowledge,Ràng buộc thay đổi tham số quan trọng,"Elastic Weight Consolidation and Synaptic Intelligence mitigate forgetting by estimating which parameters matter to earlier tasks and penalizing harmful changes to them during subsequent learning. They preserve knowledge through the training objective rather than merely saving an older model file, balancing adaptation to new data against stability on previous tasks.","EWC và Synaptic Intelligence giảm forgetting bằng cách ước lượng tham số nào quan trọng với nhiệm vụ cũ và phạt thay đổi gây hại cho chúng khi học tiếp. Chúng giữ kiến thức thông qua hàm mục tiêu training, thay vì chỉ lưu một file model cũ, cân bằng thích nghi dữ liệu mới với ổn định trên nhiệm vụ trước.",EWC thường dùng độ quan trọng liên quan Fisher information; SI tích lũy đóng góp của tham số trong quá trình học. Cần chỉnh training loss và đánh giá độ đánh đổi.,Thêm penalty cho việc làm lệch trọng số quan trọng của bộ phân loại cũ khi học dataset mới.,Khi muốn hạn chế overwriting mà không chỉ dựa vào trộn lại toàn bộ dữ liệu.,Không phải công tắc quản lý deployment trong SageMaker; cần framework/code phù hợp. Phạt quá mạnh có thể cản học nhiệm vụ mới.,Training framework; SageMaker,Domain 3,3.3,Retraining,Skill Builder,"https://skillbuilder.aws/learn/TY6PBD6U4C/aws-ml-engineer-associate--automated-orchestration-and-cicd/XSJPCRXXQ6
https://pmc.ncbi.nlm.nih.gov/articles/PMC6944509/",15/09/2026
Replay / rehearsal / GEM / exemplar replay,representative old examples • episodic memory • constrained gradient,Ôn lại dữ liệu và ràng buộc gradient,"Replay and rehearsal preserve earlier knowledge by using previous-task examples, or suitable generated substitutes, during new learning. Exemplar replay retains a small representative set. Gradient Episodic Memory additionally uses losses and gradients on stored examples to constrain new updates so that they do not increase the specified past-task memory losses.","Replay và rehearsal giữ kiến thức cũ bằng cách sử dụng ví dụ từ nhiệm vụ trước, hoặc dữ liệu sinh thay thế phù hợp, trong quá trình học mới. Exemplar replay giữ một tập đại diện nhỏ. GEM còn dùng loss và gradient trên các mẫu lưu để ràng buộc cập nhật mới không làm tăng các loss bộ nhớ nhiệm vụ cũ đã quy định.","Thiết kế memory budget và cách chọn mẫu; xen dữ liệu cũ/mới. GEM có bước kiểm tra và điều chỉnh hướng gradient, không chỉ là trộn mini-batch.",Giữ mẫu đại diện của các nhóm cũ rồi kết hợp trong mỗi chu kỳ training và đánh giá regression theo từng nhóm.,Giảm forgetting khi không thể lưu/chạy lại toàn bộ lịch sử training.,"Replay và rehearsal có phạm vi chồng lấp, không phải bốn nhóm loại trừ tuyệt đối. Mục Replay-based của bản Reader thiếu đoạn giải thích; phần GEM được làm rõ theo bài báo gốc.",Training framework; SageMaker,Domain 3,3.3,Retraining,Skill Builder,"https://skillbuilder.aws/learn/TY6PBD6U4C/aws-ml-engineer-associate--automated-orchestration-and-cicd/XSJPCRXXQ6
https://arxiv.org/abs/1706.08840",15/09/2026
Progressive Neural Networks vs Modular Networks,expand capacity • preserve previous modules,Giữ kiến thức bằng cấu trúc mạng,"Architectural approaches to continual learning preserve earlier knowledge by separating or retaining parts of the model across tasks. Progressive Neural Networks add capacity for new tasks while retaining prior components; modular networks allocate functions to separate modules. These approaches reduce destructive interference but require managing model growth, routing and resource costs.","Cách tiếp cận kiến trúc trong continual learning giữ kiến thức cũ bằng cách tách hoặc giữ các phần model giữa nhiệm vụ. Progressive Neural Networks bổ sung capacity cho nhiệm vụ mới trong khi giữ thành phần trước; modular networks phân chức năng cho module riêng. Chúng giảm can thiệp phá hủy nhưng cần quản lý model tăng kích thước, định tuyến và chi phí tài nguyên.","Thay đổi kiến trúc/training process; kiểm tra cách dùng lại và bảo vệ phần cũ. Module nhấn mạnh đánh đổi performance, training time và memory.",Giữ module xử lý nghiệp vụ A khi thêm module chuyên nghiệp vụ B.,Khi có thể thay kiến trúc để giảm việc nhiều nhiệm vụ ghi đè cùng trọng số.,"Không đồng nghĩa nhiều container endpoint hay nhiều agent; đây là cấu trúc model, không phải chỉ chia dịch vụ deployment.",ML framework; SageMaker training,Domain 3,3.3,Retraining,Skill Builder,https://skillbuilder.aws/learn/TY6PBD6U4C/aws-ml-engineer-associate--automated-orchestration-and-cicd/XSJPCRXXQ6,15/09/2026
Production variants and A/B validation,one endpoint • variant weights • compare live metrics,Biến thể production và kiểm chứng A/B,Production variants can host different model versions behind one SageMaker endpoint with configured traffic weights. An A/B evaluation allocates live requests across variants and compares relevant quality or business outcomes before selecting a winner. It validates the result of retraining; it does not perform training or automatically prove a statistically reliable improvement.,"Production variants có thể host các phiên bản model sau một endpoint SageMaker với trọng số traffic được cấu hình. Đánh giá A/B phân request thật giữa các variant và so sánh chất lượng hoặc kết quả nghiệp vụ trước khi chọn phiên bản tốt hơn. Nó kiểm chứng kết quả retraining, không thực hiện training và không tự chứng minh cải thiện có ý nghĩa thống kê.",Deploy baseline/candidate → chọn weights → thu metric đủ thời gian/mẫu → so sánh → tăng traffic cho winner theo chính sách.,"Model mới nhận 10% request, model cũ 90%; so sánh conversion hoặc accuracy khi có labels.",Khi cần đo chất lượng model mới trên traffic thực sau offline evaluation.,MME chọn model theo request không phải cùng cơ chế weighted variants. A/B nhằm so sánh; canary ưu tiên kiểm soát rủi ro rollout dù đều chia traffic.,SageMaker real-time endpoint; CloudWatch,Domain 3,3.3,Triển khai và kiểm định,Skill Builder,https://skillbuilder.aws/learn/TY6PBD6U4C/aws-ml-engineer-associate--automated-orchestration-and-cicd/XSJPCRXXQ6,15/09/2026
Model group / model version / approval status,numbered model package • PendingManualApproval • Approved • Rejected,"Nhóm model, phiên bản và trạng thái phê duyệt","A model group organizes related versioned model packages in SageMaker Model Registry. Each version records serving references and evaluation metadata with an approval status. PendingManualApproval, Approved and Rejected express release eligibility that deployment automation must inspect; the registry does not by itself force every possible deployment path to obey an approval policy.","Model group tổ chức các model package có phiên bản liên quan trong SageMaker Model Registry. Mỗi version ghi tham chiếu phục vụ và metadata đánh giá cùng trạng thái approval. PendingManualApproval, Approved và Rejected thể hiện điều kiện phát hành mà automation phải kiểm tra; registry không tự buộc mọi đường deployment tuân thủ chính sách approval.",Evaluate pass → register version pending → reviewer/quality gate approved → event hoặc pipeline triển khai đúng version đã duyệt. Giữ liên kết approval evidence riêng khi cần nhiều người duyệt.,Credit model chỉ deploy khi ML lead và risk team đều duyệt theo workflow; model package cuối cùng có status Approved.,"Keyword human sign-off, only approved model versions, central version catalog.",Status Approved không tương đương endpoint InService; version number không thay approval. Một field approval không tự thực hiện quy trình hai người.,Model Registry; EventBridge; CodePipeline,Domain 3,3.3,Quản lý phiên bản,Skill Builder,https://skillbuilder.aws/learn/TY6PBD6U4C/aws-ml-engineer-associate--automated-orchestration-and-cicd/XSJPCRXXQ6,15/09/2026
Model lineage and release identity,data + code + parameters + metrics + pipeline execution,Nguồn gốc model và danh tính release,"Model lineage links a model version to the data, preprocessing and training code, parameters, pipeline execution and evaluation results that produced it. A release identity records exactly which compatible artifacts were promoted. Together they support incident investigation, audit and reconstruction, provided the referenced inputs and environments remain available and suitably versioned.","Model lineage nối phiên bản model với dữ liệu, code preprocessing/training, tham số, pipeline execution và kết quả đánh giá đã tạo ra nó. Danh tính release ghi chính xác tập artifact tương thích được phát hành. Chúng hỗ trợ điều tra sự cố, kiểm toán và dựng lại khi input, môi trường được tham chiếu còn lưu và có phiên bản phù hợp.","Record immutable identifiers/digests, data snapshot/version, preprocessing revision, hyperparameters, metrics, execution ID và approvals; tránh chỉ ghi latest.","Model tháng 9 bị lỗi: so recipe với tháng 8, lấy artifact/config cũ để redeploy và truy dataset gây lỗi.",Tái lập và giải trình nguồn gốc thay đổi trong production.,Lineage không bảo đảm train lại cho trọng số bit-identical do nondeterminism; không thay explainability cho từng prediction hoặc lưu binary của artifact.,Model Registry; MLflow; S3; Git,Domain 3,3.3,Quản lý phiên bản,Skill Builder,https://skillbuilder.aws/learn/TY6PBD6U4C/aws-ml-engineer-associate--automated-orchestration-and-cicd/XSJPCRXXQ6,15/09/2026
Managed prompt template / variables / inference configuration,prompt text • runtime placeholders • model settings,Template prompt và cấu hình đi cùng,"A managed prompt template stores reusable instructions with variables that the application supplies at invocation time. Its configuration can also identify the model and inference settings, keeping these behavior-defining inputs together as a managed artifact. Runtime variable values customize a request without editing the stored template itself.","Managed prompt template lưu instructions tái sử dụng cùng biến mà ứng dụng cung cấp khi gọi. Cấu hình còn có thể xác định model và inference settings, giữ các yếu tố quyết định hành vi trong một artifact được quản lý. Giá trị biến runtime tùy chỉnh request mà không sửa template đã lưu.",Lưu prompt tập trung; khai báo placeholder; kiểm thử với input đại diện; ứng dụng cung cấp giá trị đúng tên/kiểu và tham chiếu version được chọn.,Template trả lời theo {{product_category}} và {{customer_name}} nhưng policy và model settings được quản lý cùng release.,Giảm prompt ghi cứng rải rác trong code và giữ cấu hình nhất quán.,Biến template không phải phiên bản prompt hoặc cơ chế authorization. Input người dùng vẫn cần xử lý đúng ranh giới instructions/data.,Bedrock Prompt Management,Domain 3,3.3,Prompt CI/CD,Skill Builder,https://skillbuilder.aws/learn/TY6PBD6U4C/aws-ml-engineer-associate--automated-orchestration-and-cicd/XSJPCRXXQ6,15/09/2026
Prompt variant vs immutable prompt version,experiment alternatives • numbered snapshot • version reference rollback,Biến thể thử nghiệm và phiên bản prompt cố định,"A prompt variant is an alternative wording, model choice or inference configuration used for comparison during development. A prompt version is a numbered, immutable snapshot selected for use by an application. Releasing or rolling back a prompt changes the application's version reference while preserving the exact earlier configuration.","Prompt variant là phương án wording, model hoặc inference configuration khác để so sánh trong phát triển. Prompt version là snapshot có số và bất biến được ứng dụng chọn sử dụng. Release hoặc rollback prompt thay tham chiếu version của ứng dụng, đồng thời giữ đúng cấu hình trước đó.",Draft/variant → golden suite/evaluation → tạo version → cập nhật reference qua release process → monitor; rollback trỏ về version đã kiểm chứng.,V3 làm assistant trả lời dài quá mức: trỏ ứng dụng lại V2 thay vì sửa prompt bằng trí nhớ.,Khi cần thử nhiều phương án và quay lại prompt cũ có thể kiểm chứng.,Variant không tự là version production. Prompt Management không tự chia phần trăm traffic cho mọi ứng dụng; routing/canary phải do kiến trúc release triển khai.,Bedrock Prompt Management; Git; CodePipeline,Domain 3,3.3,Prompt CI/CD,Skill Builder,https://skillbuilder.aws/learn/TY6PBD6U4C/aws-ml-engineer-associate--automated-orchestration-and-cicd/XSJPCRXXQ6,15/09/2026
Prompt version quota and durable history,10 versions per prompt • non-adjustable • external version control,Giới hạn phiên bản và lịch sử dài hạn,"Bedrock Prompt Management limits the number of versions retained for each prompt; the documented quota checked for this module is ten and is not adjustable. A team therefore needs an explicit retention and audit approach, such as preserving prompt text and release references in version control, rather than treating the managed version list as unlimited history.","Bedrock Prompt Management giới hạn số version giữ cho mỗi prompt; quota được đối chiếu cho module này là mười và không điều chỉnh được. Vì vậy nhóm cần cách giữ lịch sử và kiểm toán rõ ràng, chẳng hạn lưu prompt text và tham chiếu release trong version control, thay vì coi danh sách version được quản lý là lịch sử vô hạn.","Ghi prompt/model/settings, version ID và release commit; quản lý vòng đời version sao cho còn rollback target cần thiết; đối chiếu quota hiện hành khi vận hành.","Nhiều lần thử trong ngày: dùng variants/draft để thử, chỉ tạo version phù hợp quy trình và bảo tồn lịch sử trong Git.",Câu hỏi giữ lịch sử dài hạn hoặc giới hạn managed prompt versions.,Không nhầm 10 versions với số prompts per account hoặc requests/second. Không tự xóa version đang được ứng dụng tham chiếu.,Bedrock Prompt Management; Git,Domain 3,3.3,Prompt CI/CD,Skill Builder,"https://skillbuilder.aws/learn/TY6PBD6U4C/aws-ml-engineer-associate--automated-orchestration-and-cicd/XSJPCRXXQ6
https://docs.aws.amazon.com/general/latest/gr/bedrock.html",15/09/2026
Agent release artifact set,code + instructions + tool schemas + model/config • release as a unit,Tập artifact tạo thành một release agent,"An agent release consists of the compatible code package or image, instructions, tool definitions and model configuration that together determine its behavior. Versioning this set allows tests to evaluate the actual release combination and rollback to restore that combination, rather than reverting code while leaving changed prompts or tool contracts active.","Release agent gồm code package hoặc image, instructions, định nghĩa tool và cấu hình model tương thích cùng quyết định hành vi. Quản lý phiên bản cả tập giúp kiểm thử đúng tổ hợp phát hành và rollback khôi phục tổ hợp đó, thay vì chỉ quay code về cũ nhưng vẫn để prompt hay tool contract đã đổi.","Module: package .zip hoặc ARM64 container ECR; record instructions, schema, model ID/settings và guardrail/config liên quan. External artifacts cần pin phiên bản trong release manifest.",Tool đổi trường customer_id sang account_id: image cũ đi cùng schema mới vẫn có thể lỗi; rollback phải phục hồi cả bộ.,Khi agent có nhiều thành phần thay đổi độc lập.,Runtime version không tự snapshot mọi tài nguyên bên ngoài được tham chiếu. Không chỉ version container rồi kết luận đã bảo toàn toàn bộ behavior.,AgentCore Runtime; ECR; S3; Prompt Management; Git,Domain 3,3.3,Agent CI/CD,Skill Builder,https://skillbuilder.aws/learn/TY6PBD6U4C/aws-ml-engineer-associate--automated-orchestration-and-cicd/XSJPCRXXQ6,15/09/2026
AgentCore runtime versions and endpoint references,immutable runtime version • stable endpoint • pin release,Phiên bản runtime và endpoint tham chiếu,"AgentCore Runtime creates an immutable version when a runtime is created or updated. Runtime endpoints reference versions and provide a stable invocation target. A release can use an explicitly managed endpoint reference to promote or restore a tested version, while external prompts, tools and model dependencies still require their own consistent version references.","AgentCore Runtime tạo version bất biến khi runtime được tạo hoặc cập nhật. Endpoint runtime tham chiếu version và cung cấp điểm gọi ổn định. Release có thể quản lý tham chiếu endpoint rõ ràng để phát hành hoặc khôi phục version đã kiểm thử; prompt, tool và model bên ngoài vẫn cần tham chiếu phiên bản nhất quán riêng.",DEFAULT tự trỏ version runtime mới nhất sau update; endpoint tùy chỉnh có thể ghim version được chọn. Test version trước khi chuyển endpoint production và kiểm tra trạng thái update.,Staging dùng runtime V5; production còn V4 đến khi quality gate đạt.,Phân biệt artifact/version được lưu với reference đang nhận traffic.,Không mặc định DEFAULT là production pin ổn định; endpoint reference không tự cung cấp rollout phần trăm session hoặc chụp snapshot dữ liệu bên ngoài.,AgentCore Runtime,Domain 3,3.3,Agent CI/CD,Skill Builder,"https://skillbuilder.aws/learn/TY6PBD6U4C/aws-ml-engineer-associate--automated-orchestration-and-cicd/XSJPCRXXQ6
https://docs.aws.amazon.com/bedrock-agentcore/latest/devguide/agent-runtime-versioning.html",15/09/2026
Agent behavior suite / test doubles / refusal tests,multi-turn outcomes • tool calls • safe test APIs,Bộ kiểm thử hành vi agent,"An agent behavior suite exercises representative conversations and checks outcomes, tool selections, arguments and required refusals. Test doubles replace real tool APIs with controlled implementations so tests can validate behavior without unintended production side effects. The suite tests the assembled agent release, including the contracts between its components.","Behavior suite chạy các hội thoại đại diện và kiểm tra kết quả, lựa chọn tool, đối số và những trường hợp phải từ chối. Test doubles thay API tool thật bằng bản triển khai được kiểm soát để kiểm tra hành vi mà không gây tác động production ngoài ý muốn. Bộ kiểm thử đánh giá release agent đã ghép cùng contract giữa các thành phần.","Chọn multi-turn scenarios; thiết lập tool responses, lỗi và timeout; kiểm tra approval trước side effect; kiểm tra refusal, tool schema và kết quả cuối.","Assistant chỉ tạo ticket sau user confirmation; trong test, create_ticket ghi vào fake service để xác minh đối số.","Khi thêm tool, đổi schema, guardrail hoặc instruction có thể thay hành vi.",Mock pass không chứng minh credentials/network/API thật đều đúng; vẫn cần integration test được kiểm soát. Trace không bảo đảm cung cấp toàn bộ suy nghĩ nội bộ model.,AgentCore; CodeBuild; testing frameworks,Domain 3,3.3,Agent CI/CD,Skill Builder,https://skillbuilder.aws/learn/TY6PBD6U4C/aws-ml-engineer-associate--automated-orchestration-and-cicd/XSJPCRXXQ6,15/09/2026
Golden suite / property-based response assertions,representative inputs • expected properties • not exact wording,Bộ câu chuẩn và kiểm tra thuộc tính câu trả lời,"A golden suite is a curated collection of representative inputs and acceptance criteria used to compare AI releases. For generative responses, assertions target required facts, structure, length, citations or refusal behavior instead of demanding one exact wording. Repeating the suite after changes reveals which expected behaviors improved or regressed.","Golden suite là tập input đại diện và tiêu chí chấp nhận được tuyển chọn để so sánh release AI. Với câu trả lời sinh, assertion kiểm tra fact bắt buộc, cấu trúc, độ dài, citation hoặc refusal thay vì đòi một wording duy nhất. Chạy lại sau thay đổi cho biết hành vi mong đợi nào tốt lên hoặc suy giảm.","Dùng case thường gặp, edge cases và safety cases; xác định properties và expected outcomes; version suite để so sánh có căn cứ.","Response phải nêu thời hạn hoàn tiền đúng, có citation, dưới giới hạn độ dài và đúng JSON schema.",Kiểm thử prompt/model khi output có nhiều cách diễn đạt hợp lệ.,"Exact match vẫn hợp lý cho trường cố định hay deterministic schema, nhưng yếu với toàn bộ văn bản tự do. Golden suite nhỏ không chứng minh mọi hành vi production.",Bedrock evaluations; CodeBuild,Domain 3,3.3,AI testing,Skill Builder,https://skillbuilder.aws/learn/TY6PBD6U4C/aws-ml-engineer-associate--automated-orchestration-and-cicd/XSJPCRXXQ6,15/09/2026
LLM-as-a-judge,rubric • judge model • quality score • calibration,Dùng model đánh giá chất lượng,"LLM-as-a-judge evaluation asks a model to rate candidate responses against an explicit rubric, such as helpfulness, coherence or faithfulness. It scales assessments that are difficult to express as simple assertions. Scores support release comparisons but remain estimates that should be checked for judge bias, consistency and agreement with human expectations.","LLM-as-a-judge yêu cầu một model chấm response candidate theo rubric rõ ràng, như hữu ích, mạch lạc hoặc trung thành với nguồn. Nó mở rộng việc đánh giá những tính chất khó viết bằng assertion đơn giản. Điểm số hỗ trợ so sánh release nhưng vẫn là ước lượng cần kiểm tra bias, tính nhất quán và mức phù hợp kỳ vọng con người.",Cố định judge model/rubric/dataset cho so sánh; kết hợp checks xác định được và human review cho case quan trọng; lưu score cùng evaluation report.,"Đánh giá tính helpfulness và coherence của 100 hội thoại mẫu, so baseline trước khi cập nhật prompt.",Khi output khác wording nhưng cần chấm chất lượng có tiêu chí.,Judge không phải ground truth tuyệt đối; điểm trung bình tốt không được che safety failure ở một nhóm case. Evaluation service không tự đặt acceptance threshold.,Bedrock model evaluation,Domain 3,3.3,AI testing,Skill Builder,https://skillbuilder.aws/learn/TY6PBD6U4C/aws-ml-engineer-associate--automated-orchestration-and-cicd/XSJPCRXXQ6,15/09/2026
RAG evaluation — retrieval quality vs answer quality,context relevance • context coverage • faithfulness,Tách chất lượng truy xuất và câu trả lời,"RAG evaluation distinguishes whether retrieval supplies useful evidence from whether generation uses that evidence correctly. Context relevance measures how pertinent retrieved text is to the query; context coverage measures coverage of required reference information. Response evaluation examines properties such as correctness, faithfulness, completeness and citation quality to locate the source of a regression.","RAG evaluation phân biệt retrieval có cung cấp bằng chứng hữu ích hay không với generation có dùng bằng chứng đó đúng hay không. Context relevance đo mức liên quan của văn bản lấy về với query; context coverage đo mức bao phủ thông tin tham chiếu cần có. Response evaluation xem correctness, faithfulness, completeness và chất lượng citation để định vị nguồn suy giảm.",Chạy retrieve-only để cô lập retriever; retrieve-and-generate để đánh giá cả answer. Coverage cần reference phù hợp; so cùng dataset và cấu hình version.,Tài liệu đúng không vào top-k → retrieval issue; context đúng nhưng trả sai policy → generation/prompt issue.,"Phân tích lỗi sau KB sync, đổi chunking, embedding hoặc model/prompt.",Tăng top-k không luôn tăng answer quality. Có citation không chứng minh claim được nguồn hỗ trợ. Retrieval metric và response metric không thay thế nhau.,Bedrock RAG evaluation; Knowledge Bases,Domain 3,3.3,AI testing,Skill Builder,"https://skillbuilder.aws/learn/TY6PBD6U4C/aws-ml-engineer-associate--automated-orchestration-and-cicd/XSJPCRXXQ6
https://docs.aws.amazon.com/bedrock/latest/userguide/knowledge-base-eval-retrieve.html",15/09/2026
GenAI evaluation gate and baseline comparison,absolute threshold AND no unacceptable regression • safety checks,Cổng chất lượng cho release GenAI,"A GenAI evaluation gate promotes a candidate only when its measured behavior satisfies defined acceptance rules. These can combine minimum quality scores, comparison with the current production baseline and mandatory safety checks. A gate must specify evaluation data, metrics, allowed differences and failure handling before a release is considered acceptable.","Evaluation gate GenAI chỉ cho candidate đi tiếp khi hành vi đo được đạt quy tắc chấp nhận đã định. Quy tắc có thể kết hợp điểm chất lượng tối thiểu, so với baseline production hiện tại và kiểm tra safety bắt buộc. Gate cần xác định dữ liệu, metric, mức chênh lệch cho phép và xử lý failure trước khi chấp nhận release.",Chạy golden suite → assertions/judge/RAG metrics → so threshold và baseline từng chiều → pass/stop; lưu cases bị regression để sửa cụ thể.,Điểm hữu ích cao hơn nhưng xuất hiện safety failure → fail nếu safety là điều kiện bắt buộc.,"Kiểm soát chất lượng trước prompt, FM hoặc agent release.","Video nêu trong khoảng 5% là policy ví dụ, cần định nghĩa absolute/relative và hướng metric; không phải chuẩn AWS. Không chỉ nhìn average score.",CodePipeline; Bedrock evaluations,Domain 3,3.3,AI testing,Skill Builder,https://skillbuilder.aws/learn/TY6PBD6U4C/aws-ml-engineer-associate--automated-orchestration-and-cicd/XSJPCRXXQ6,15/09/2026
Fine-tuned FM version recipe and model pinning,base version • dataset version • hyperparameters • exact model ID,Công thức phiên bản FM và ghim model,"A fine-tuned model version records the base model version, training data version, hyperparameters and evaluation results associated with its artifact. Model pinning selects an explicit supported model identifier instead of an uncontrolled latest reference. Together they make model upgrades deliberate and allow tested versions and serving configurations to remain identifiable for rollback.","Version FM fine-tuned ghi base model version, training data version, hyperparameters và kết quả evaluation gắn với artifact. Model pinning chọn model identifier cụ thể được hỗ trợ thay vì tham chiếu latest không kiểm soát. Hai cách giúp nâng cấp có chủ đích và giữ version đã kiểm thử cùng serving configuration có thể định danh để rollback.",Provider có version mới → evaluation against pinned baseline → review thay pin → rollout; custom model mới → evaluate/register recipe → provision supported inference → đổi reference.,"Model fine-tune tháng này giảm chất lượng vì dataset lỗi: gate chặn, truy data version, giữ deployment tháng trước.",Kiểm soát cập nhật FM hoặc recurring fine-tuning.,Pin version không bảo đảm model tồn tại mãi; phải theo dõi vòng đời dịch vụ. Fine-tuning job hoàn tất chưa có inference deployment và không phải model nào cũng hỗ trợ mọi serving mode.,Bedrock; Model Registry; Git,Domain 3,3.3,FM CI/CD,Skill Builder,https://skillbuilder.aws/learn/TY6PBD6U4C/aws-ml-engineer-associate--automated-orchestration-and-cicd/XSJPCRXXQ6,15/09/2026
Risk-based agent release gates / staging soak / smoke test,change impact • integration rigor • observe before promotion,Mức kiểm thử theo tác động thay đổi,"Risk-based release gates apply testing and approval depth according to a change's possible effects. A staging soak exposes a candidate to controlled use over time before production, while a smoke test quickly checks essential behavior after deployment. Neither replaces detailed evaluation; they add evidence at different points in the release process.",Gate theo rủi ro áp dụng độ sâu kiểm thử và phê duyệt dựa vào tác động có thể có của thay đổi. Staging soak cho candidate được dùng có kiểm soát trong một khoảng thời gian trước production; smoke test kiểm tra nhanh hành vi thiết yếu sau deployment. Chúng không thay evaluation chi tiết mà bổ sung bằng chứng ở các điểm khác nhau.,Walkthrough: prompt-only dùng prompt suite; KB update kiểm tra retrieval; tool/schema/guardrail change cần full integration và staging soak. Xếp hạng thực tế theo tác động chứ không chỉ file thay đổi.,"50 hội thoại và 48 giờ staging là ví dụ của bài, không phải yêu cầu bắt buộc của AWS.",Chọn độ kiểm thử phù hợp và kiểm chứng release sau khi chuyển traffic.,Prompt-only cũng có thể rủi ro cao nếu đổi quyền hành động hay safety behavior. Smoke test pass không chứng minh mọi hội thoại đúng.,CodePipeline; AgentCore; Bedrock evaluations,Domain 3,3.3,Agent CI/CD,Skill Builder,https://skillbuilder.aws/learn/TY6PBD6U4C/aws-ml-engineer-associate--automated-orchestration-and-cicd/XSJPCRXXQ6,15/09/2026
Knowledge base incremental sync / StartIngestionJob,"added, modified, removed documents • asynchronous ingestion",Đồng bộ thay đổi tài liệu vào KB,"An incremental knowledge-base sync processes source documents that were added, changed or removed since the preceding sync. A StartIngestionJob request initiates this asynchronous work; its returned job identifier is used to inspect status and ingestion statistics. A successful request means ingestion was started, not that all updated content is already available to retrieval.","Incremental sync của knowledge base xử lý tài liệu nguồn được thêm, sửa hoặc xóa từ lần sync trước. Request StartIngestionJob khởi động công việc bất đồng bộ; job identifier trả về dùng để kiểm tra status và thống kê ingestion. Request thành công có nghĩa đã bắt đầu ingestion, không có nghĩa mọi nội dung mới đã sẵn sàng truy xuất.",StartIngestionJob với KB/dataSource ID → GetIngestionJob đến COMPLETE → kiểm tra failure/statistics → chờ khả năng truy xuất ổn định khi cần → test nội dung mới và nội dung đã xóa.,Policy sửa trên S3 vẫn có thể cho câu trả lời cũ đến khi KB sync và index cập nhật.,Lựa chọn event-driven hoặc scheduled refresh để đáp ứng freshness.,Không tự sync chỉ vì S3 đã đổi; cần trigger được thiết lập. Xóa khỏi index không xóa kiến thức pretraining trong trọng số FM.,Knowledge Bases; EventBridge; Lambda,Domain 3,3.3,RAG refresh,Skill Builder,"https://skillbuilder.aws/learn/TY6PBD6U4C/aws-ml-engineer-associate--automated-orchestration-and-cicd/XSJPCRXXQ6
https://docs.aws.amazon.com/bedrock/latest/userguide/kb-data-source-sync-ingest.html",15/09/2026
Metadata-only sync optimization,reuse vectors • no embedding call • non-CSV • no custom transform,Tối ưu đồng bộ chỉ đổi metadata,"Bedrock can reuse existing vector embeddings when only associated metadata files change, merging the new metadata without calling the embedding model. This optimization applies when content files are unchanged, are not CSV files, and the data source has no custom transformation Lambda. Other cases can require the document to be re-ingested.","Bedrock có thể tái sử dụng vector embedding hiện có khi chỉ tệp metadata liên quan thay đổi, hợp nhất metadata mới mà không gọi embedding model. Tối ưu áp dụng khi tệp nội dung không đổi, không phải CSV và data source không có custom transformation Lambda. Trường hợp khác có thể cần ingest lại tài liệu.",Cần thỏa đồng thời các điều kiện; CSV metadata có thể đổi document structure/column selection nên phải xử lý lại.,"Đổi metadata country của PDF, giữ nguyên nội dung và không có custom transformation → có thể cập nhật metadata trên vectors hiện có.",Giảm chi phí embedding cho thay đổi thuộc tính lọc.,Không học mọi thay đổi .metadata.json đều miễn re-embedding; kiểm tra CSV và transformation trước.,Bedrock Knowledge Bases; Lambda,Domain 3,3.3,RAG refresh,Skill Builder,"https://skillbuilder.aws/learn/TY6PBD6U4C/aws-ml-engineer-associate--automated-orchestration-and-cicd/XSJPCRXXQ6
https://docs.aws.amazon.com/bedrock/latest/userguide/kb-data-source-sync-ingest.html",15/09/2026
Embedding migration / parallel index / validated cutover,new embedding model • rebuild corpus • preserve old KB,Di chuyển embedding và chuyển KB sau kiểm định,"Changing the embedding model changes the vector representation used for similarity search, so existing document vectors must be recreated with the new model and matched to its query embeddings. A controlled migration builds a separate compatible index or knowledge base, evaluates it, switches the application's reference and retains the old configuration for rollback.","Đổi embedding model thay biểu diễn vector dùng tìm kiếm tương đồng, nên phải tạo lại vector tài liệu bằng model mới và dùng query embedding tương ứng. Migration có kiểm soát xây index hoặc KB tương thích riêng, đánh giá, đổi tham chiếu ứng dụng và giữ cấu hình cũ để rollback.",Re-embed toàn corpus sang target mới → validate retrieval/answers → cutover → monitor → giữ rollback target theo policy. Kích thước vector và schema phải khớp.,Chuyển sang embedding đa ngôn ngữ: tạo KB mới rồi so bộ câu Việt/Anh trước khi đưa traffic sang.,Khi đổi embedding model; khác routine sync chỉ xử lý source changes.,Cùng số chiều không làm vector từ hai model tự tương thích. Sync trực tiếp vào production index có thể lộ thay đổi trước test; muốn gate trước exposure phải dùng staging/parallel target.,Knowledge Bases; vector store; embedding model,Domain 3,3.3,RAG refresh,Skill Builder,https://skillbuilder.aws/learn/TY6PBD6U4C/aws-ml-engineer-associate--automated-orchestration-and-cicd/XSJPCRXXQ6,15/09/2026
Event batching / idempotency / retry / replay,coalesce uploads • avoid duplicate jobs • controlled recovery,Gộp sự kiện và xử lý lại có kiểm soát,"Event-driven pipelines must handle bursts, duplicate delivery and failed work without starting conflicting or unnecessary jobs. Batching coalesces related changes; idempotency ensures repeated processing has the intended single effect; bounded retries recover transient failures. Event replay deliberately reprocesses retained events and requires the same safeguards against duplicate side effects.","Pipeline theo sự kiện phải xử lý burst, sự kiện trùng và công việc thất bại mà không tạo job xung đột hoặc thừa. Batching gộp thay đổi liên quan; idempotency bảo đảm xử lý lặp vẫn có tác động đơn đúng dự kiến; retry có giới hạn phục hồi lỗi tạm thời. Replay chủ động xử lý lại sự kiện lưu và cũng cần chống tác động lặp.",Lọc bucket/prefix/event → gộp burst → kiểm tra job đang chạy → gọi ingestion/workflow → retry có backoff hoặc đưa lỗi đi xử lý → quan sát kết quả.,100 file tải lên gần nhau nên được gộp vào một lượt sync thích hợp thay vì khởi chạy 100 ingestion job chồng nhau.,Giữ workflow ổn định khi trigger từ S3/EventBridge.,Replay không tự được bật hoặc lưu vô hạn. Idempotency của orchestration không làm mọi tool/API bên ngoài tự idempotent; xử lý permission failure theo nguyên nhân.,EventBridge; Step Functions; Lambda; SQS,Domain 3,3.3,Orchestration,Skill Builder,https://skillbuilder.aws/learn/TY6PBD6U4C/aws-ml-engineer-associate--automated-orchestration-and-cicd/XSJPCRXXQ6,15/09/2026